
🤖 Генератор русского контента
   Найдено 772 товаров без полного русского контента

[1/772] 1803-003 — Пена монтажнаяя Lacrysil 65 профессиональная 800 м [full+kw]
  ✓ kw: монтажная пена Lacrysil 65 800 мл, пена под пистолет, профессиональная пена монтажная, куп

[2/772] 2101-077 — Защита 3 в 1 Polifarb, с молотковым и перламутровы [kw]
  ✓ kw: алкидная эмаль, защита 3 в 1, эмаль по металлу, купить алкидную эмаль, алкидная эмаль 0,7 

[3/772] 2104-001 — Колорант Polifarb Color Mix арт.01 лимонно-желтый  [kw]
  ✓ kw: колорант жёлтый, колорант Polifarb Color Mix арт.01, краситель для краски, пигмент для фар

[4/772] 2101-014 — Эмаль Polifarb DekoMal ПФ-115 зеленая, 2,7 кг [kw]
  ✓ kw: эмаль ПФ-115, алкидная эмаль, эмаль по металлу, эмаль Polifarb DekoMal, купить алкидную эм

[5/772] 1901-005 — Пластификатор Lotus для бетона, 10 л [kw]
  ✓ kw: пластификатор для бетона, пластификатор Lotus, добавка в бетон, пластификатор 10 л, купить

[6/772] 1901-017 — Пластификатор Байрис для всех видов бетона, 10 л [kw]
  ✓ kw: пластификатор для бетона, пластификатор Байрис, добавка в бетон, пластификатор 10 л, купит

[7/772] 2101-003 — Эмаль Polifarb Dekolux темно-коричневаяя,  2,2 кг [kw]
  ✓ kw: алкидная эмаль, эмаль ПФ-115, алкидная эмаль темно-коричневая, эмаль по металлу, эмаль по 

[8/772] 1604-004 — Клей Pattex Супер ПВА, Д3, 250 г [full+kw]
  ✓ kw: клей ПВА, столярный клей, клей для дерева, деревянный клей, клей ПВА белый, клей ПВА 250 г

[9/772] 2105-018 — Лазурь алкидная Polifarb древозащита, тик,  2,2 кг [full+kw]
  ✓ kw: лазурь алкидная для дерева, защитный лак для дерева, лак Polifarb, деревозащита матовая, л

[10/772] 1901-008 — Пластификатор Lotus для бетона, противоморозный  5 [kw]
  ✓ kw: пластификатор для бетона, пластификатор противморозный, добавка в бетон, пластификатор для

[11/772] 2109-032 — Aura Malare — Ультрабелая глубокоматоваяя краска д [full+kw]
  ✓ kw: интерьерная краска, краска для стен, краска для потолков, водоэмульсионная краска, латексн

[12/772] 2105-017 — Лазурь алкидная Polifarb древозащита, тик,  0,7 кг [kw]
  ✓ kw: лазурь алкидная для дерева, защитный лак для дерева, лак Polifarb, древозащита полуглянцев

[13/772] 2101-024 — Эмаль Polifarb DekoMal ПФ-115 темно коричневая, 2, [kw]
  ✓ kw: эмаль ПФ-115, алкидная эмаль, эмаль по металлу, эмаль Polifarb DekoMal, купить алкидную эм

[14/772] 2001-008 — Герметизирующая лента Aquatape 150*3, Alu [full+kw]
  ✓ kw: герметизирующая лента, герметизирующая лента Aquatape 150*3, бутиловая лента, покровная ле

[15/772] 2109-024 — Aura Luxpro Thermo — Глянцевая акриловая эмаль для [full+kw]
  ✓ kw: эмаль для радиаторов, краска для батарей, глянцевая акриловая эмаль, водоэмульсионная крас

[16/772] 2109-038 — Aura Neolatex — Износостойкая глубокоматоваяя крас [full+kw]
  ✓ kw: интерьерная краска, краска для стен, краска для потолков, водоэмульсионная краска, латексн

[17/772] 1503-037 — Диск отрезный по металлу для болгарки (КШМ) Титан  [kw]
  ✓ kw: отрезной круг по металлу, диск для болгарки 230 мм, абразивный круг Титан, купить отрезной

[18/772] 1603-017 — Клей универсальный Lacrysil Сумасшедшая липучка ак [kw]
  ✓ kw: монтажный клей, универсальный клей, клей для монтажа, жидкие гвозди, клей монтажный 6 кг, 

[19/772] 1604-006 — Клей водостойкий Lacrysil ПВА D3  0,15 кг [full+kw]
  ✓ kw: клей ПВА, столярный клей, клей для дерева, деревянный клей, клей ПВА белый, клей ПВА 150 г

[20/772] 2004-001 — Лента звукоизоляционная Knauf Dichtungsband, 30 мм [kw]
  ✓ kw: звукоизоляционная лента, демпферная лента, лента звукоизоляционная 30 мм, купить звукоизол

[21/772] 2101-010 — Эмаль Polifarb DekoMal ПФ-115 желтая, 2,7 кг [kw]
  ✓ kw: эмаль ПФ-115, алкидная эмаль, эмаль Polifarb DekoMal, купить алкидную эмаль, алкидная эмал

[22/772] 2101-034 — Эмаль Polifarb DekoMal ПФ-115 шоколадно-коричневая [kw]
  ✓ kw: эмаль ПФ-115, алкидная эмаль, эмаль Polifarb DekoMal, эмаль по металлу, алкидная эмаль 2,7

[23/772] 2101-021 — Эмаль Polifarb DekoMal ПФ-115 изумрудная, 2,7 кг [kw]
  ✓ kw: эмаль ПФ-115, алкидная эмаль, алкидная эмаль изумрудная, Polifarb DekoMal, эмаль по металл

[24/772] 2101-028 — Эмаль Polifarb DekoMal ПФ-115 красная, 2,7 кг [kw]
  ✓ kw: эмаль ПФ-115, алкидная эмаль, эмаль по металлу, эмаль Polifarb DekoMal, купить алкидную эм

[25/772] 2101-033 — Эмаль Polifarb DekoMal ПФ-115 шоколадно-коричневая [kw]
  ✓ kw: эмаль ПФ-115, алкидная эмаль, эмаль Polifarb DekoMal, эмаль по металлу, купить алкидную эм

[26/772] 1503-020 — Диск отрезный по металлу для болгарки (КШМ) Ataman [full+kw]
  ✓ kw: отрезной круг по металлу, диск для болгарки 150 мм, абразивный круг Ataman, купить отрезно

[27/772] 2100-014 — Краска Polifarb Екокраска  4,2 кг [full+kw]
  ✓ kw: краска Polifarb Экокраска 4,2 кг, интерьерная краска, краска для стен, водоэмульсионная кр

[28/772] 2200-002 — Ceresit Stop Волога Aero 360 (устройство + 2 табле [full+kw]
  ✓ kw: влагопоглотитель 450 г, осушитель воздуха, поглотитель влаги, Ceresit Stop Влага Aero 360,

[29/772] 1204-014 — Aura Koncentrat AquaGrund — Грунтовка-концентрат в [full+kw]
  ✓ kw: грунтовка-концентрат, грунт-концентрат, грунтовка концентрат 1 л, купить грунтовку концент

[30/772] 2101-035 — Эмаль Polifarb DekoMal ПФ-266 желто-коричневаяя, 0 [kw]
  ✓ kw: алкидная эмаль, эмаль ПФ-266, эмаль по металлу, эмаль по дереву, купить алкидную эмаль, ал

[31/772] 1505-004 — Правило-уровень 2000мм, профиль 1 мм, капсулы 90°, [full+kw]
  ✓ kw: правило-уровень 2000мм, уровень строительный 2000мм, правило трапеция 2м, купить правило-у

[32/772] 2101-038 — Эмаль Polifarb DekoMal ПФ-266 красно-коричневаяя,  [kw]
  ✓ kw: эмаль ПФ-266, алкидная эмаль, эмаль по металлу, Polifarb DekoMal, красно-коричневая эмаль,

[33/772] 2002-013 — Лента малярная Сталь PRO 30мм х40м, арт. 36103 [kw]
  ✓ kw: малярная лента, малярный скотч, маскирующая лента, купить малярную ленту, малярная лента о

[34/772] 1300-014 — Затирка для швов Ceresit CE33, 132, 2 кг, терракот [full+kw]
  ✓ kw: затирка для швов ceresit ce33, цементная затирка 2 кг, затирка терракотовая, фуга для плит

[35/772] 2101-098 — Защита 3 в 1 Polifarb, черный, RAL9011, 2,5 кг [kw]
  ✓ kw: алкидная эмаль, эмаль ПФ-115, защита 3 в 1 Polifarb, эмаль по металлу, купить алкидную эма

[36/772] 1202-005 — Грунт Polifarb DekoMal ГФ-021 красно-коричневый, 0 [kw]
  ✓ kw: грунт Polifarb ГФ-021 красно-коричневый, грунтовка алкидная 0,9 кг, грунт для металла и де

[37/772] 1202-002 — Грунт Polifarb DekoMal ГФ-021 белый, 2,7 кг [kw]
  ✓ kw: грунт Polifarb ГФ-021 белый, грунтовка белая 2,7 кг, грунт-эмаль алкидная, купить грунт бе

[38/772] 1300-017 — Затирка для швов Ceresit CE33, 139, 2 кг, персик [full+kw]
  ✓ kw: затирка для швов Ceresit CE33, цементная затирка 2 кг, затирка персик, фуга для плитки, ге

[39/772] 1601-007 — Клей для обоев Metylan Универсал Премиум, 250 г [kw]
  ✓ kw: клей для обоев, обойный клей, клей Metylan Универсал Премиум, клей для виниловых обоев, кл

[40/772] 2100-001 — Грунт-краска Ceresit CT 16,  5 л [kw]
  ✓ kw: грунт-краска Ceresit CT 16, адгезионная грунтовка, бетоноконтакт, грунтовка 5л, купить гру

[41/772] 1601-011 — Клей для обоев Momental MiniMax, 50 г [full+kw]
  ✓ kw: клей для обоев, обойный клей, клей флизелин, клей для виниловых обоев, клей для обоев 50 г

[42/772] 2109-025 — Aura Luxpro Thermo — Глянцевая акриловая эмаль для [full+kw]
  ✓ kw: эмаль для радиаторов, краска для батарей, глянцевая акриловая эмаль, водоэмульсионная крас

[43/772] 1600-041 — Клей Химик плюс Лодка, универсальный 40 мл [full+kw]
  ✓ kw: контактный клей, клей для резины, клей для кожи, универсальный клей 40 мл, купить контактн

[44/772] 1202-006 — Грунт Polifarb DekoMal ГФ-021 красно-коричневый, 2 [kw]
  ✓ kw: грунт Polifarb ГФ-021 красно-коричневый, грунтовка алкидная 2,7 кг, грунт для металла и де

[45/772] 1204-008 — Грунт-концентрат 1:4 Lotus, акриловый,  2 л [full+kw]
  ✓ kw: грунт-концентрат, грунт-концентрат Lotus, грунтовка-концентрат акриловая, грунт-концентрат

[46/772] 2101-076 — Защита 3 в 1 Polifarb, с молотковым и перламутровы [kw]
  ✓ kw: алкидная эмаль, защита 3 в 1, эмаль по металлу, купить алкидную эмаль, алкидная эмаль 2,0 

[47/772] 2104-008 — Колорант Polifarb Color Mix арт.08 красно-коричнев [kw]
  ✓ kw: колорант красно-коричневый, колорант Polifarb Color Mix арт.08, краситель для краски, пигм

[48/772] 2104-012 — Колорант Polifarb Color Mix арт.13 салатовый 0,12  [full+kw]
  ✓ kw: колорант салатовый, колорант Polifarb Color Mix арт.13, краситель для краски, пигмент для 

[49/772] 2101-083 — Защита 3 в 1 Polifarb, с молотковым и перламутровы [kw]
  ✓ kw: алкидная эмаль, защита 3 в 1, эмаль по металлу, купить алкидную эмаль, алкидная эмаль 0,7 

[50/772] 2101-057 — Эмаль Polifarb ExtraMal ПФ-115 темно-серая, 0,9 кг [kw]
  ✓ kw: алкидная эмаль, эмаль ПФ-115, Polifarb ExtraMal, краска по металлу, алкидная эмаль 0,9 кг,

[51/772] 2107-001 — Преобразователь ржавчины ANTIKOR SKYLINE, 0,5 л тр [full+kw]
  ✓ kw: преобразователь ржавчины ANTIKOR SKYLINE, растворитель купить, очиститель ржавчины, препар

[52/772] 2001-007 — Герметизирующая лента Aquatape 100*3, Alu [kw]
  ✓ kw: герметизирующая лента, герметизирующая лента Aquatape 100×3, бутиловая лента, герметизирую

[53/772] 1600-022 — Клей Дивоцвит Golden Drakon, универсальный, 200 г [kw]
  ✓ kw: монтажный клей, клей для монтажа, универсальный клей, жидкие гвозди, монтажный клей 200 г,

[54/772] 2107-002 — Преобразователь ржавчины ANTIKOR SKYLINE, 1 л [full+kw]
  ✓ kw: преобразователь ржавчины ANTIKOR SKYLINE, растворитель купить, средство от коррозии, препа

[55/772] 2109-026 — Aura Luxpro Thermo — Глянцевая акриловая эмаль для [full+kw]
  ✓ kw: эмаль для радиаторов, краска для батарей отопления, глянцевая акриловая эмаль, водоэмульси

[56/772] 2101-085 — Защита 3 в 1 Polifarb, с молотковым и перламутровы [kw]
  ✓ kw: алкидная эмаль, защита 3 в 1 Polifarb, эмаль по металлу, купить алкидную эмаль, алкидная э

[57/772] 2101-051 — Эмаль Polifarb ExtraMal ПФ-115 синяя, 0,9 кг [kw]
  ✓ kw: алкидная эмаль, эмаль ПФ-115, фарба по металу, купить алкидную эмаль, алкидная эмаль 0,9 к

[58/772] 2101-089 — Защита 3 в 1 Polifarb, с молотковым и перламутровы [kw]
  ✓ kw: алкидная эмаль, алкидная эмаль черная, защита 3 в 1, эмаль по металлу, купить алкидную эма

[59/772] 1604-016 — Клей Дивоцвит ПВА Столярный D3, 750 г [kw]
  ✓ kw: клей ПВА, столярный клей, клей для дерева, деревянный клей, клей ПВА белый, клей ПВА 750 г

[60/772] 2109-034 — Aura Mattlatex — Матовая латексная краска для стен [full+kw]
  ✓ kw: матовая латексная краска, краска для стен, краска для потолков, водоэмульсионная краска, A

[61/772] 2101-091 — Защита 3 в 1 Polifarb, морская зелень, RAL6005, 2, [kw]
  ✓ kw: алкидная эмаль, защита 3 в 1, эмаль по металлу, купить алкидную эмаль, алкидная эмаль 2,5 

[62/772] 2105-021 — Средство защитное для древесины Байрис (Concentrat [kw]
  ✓ kw: защитное средство для древесины, байрис концентрат 1:9, лак для дерева зеленый, антисептик

[63/772] 1701-016 — Дюбель для монтажа изолятора Masterplast 10х180 мм [kw]
  ✓ kw: дюбель для монтажа изолятора, дюбель Masterplast 10х180 мм, дюбель с металлическим гвоздем

[64/772] 2104-003 — Колорант Polifarb Color Mix арт.03 бежевый 0,12 л [kw]
  ✓ kw: колорант бежевый, колорант Polifarb Color Mix арт.03, краситель для краски, пигмент для фа

[65/772] 2104-016 — Колорант Polifarb Color Mix арт.20 сиреневый 0,12  [kw]
  ✓ kw: колорант сиреневый, колорант Polifarb Color Mix арт.20, краситель для краски, пигмент для 

[66/772] 2109-010 — Aura Lux Pro 3 — Матовая интерьерная краска для ст [full+kw]
  ✓ kw: матовая краска для стен, интерьерная краска 4,75 л, водоэмульсионная краска, краска для по

[67/772] 1300-040 — Затирка для швов Ceresit CE40,  39, 2 кг, платинов [full+kw]
  ✓ kw: затирка для швов Ceresit CE40, цементная затирка 2 кг, затирка платиновая, фуга для плитки

[68/772] 1104-004 — Праймер Bitugum битумно-каучуковый, 10 л [kw]
  ✓ kw: праймер битумный, битумный праймер Bitugum, праймер битумно-каучуковый, подготовка поверхн

[69/772] 1000-009 — Пистолет для герметика Budmonster BM-A1-LSR [kw]
  ✓ kw: пистолет для герметика, пистолет для герметика Budmonster, монтажный пистолет, строительны

[70/772] 1300-012 — Затирка для швов Ceresit CE33, 130, 2 кг, коричнев [full+kw]
  ✓ kw: затирка для швов Ceresit CE33, цементная затирка 2 кг, затирка коричневая, фуга для плитки

[71/772] 1300-045 — Затирка для швов Ceresit CE40,  46, 2 кг, карамель [kw]
  ✓ kw: затирка для швов Ceresit CE40, цементная затирка 2 кг, затирка карамель, фуга для плитки, 

[72/772] 1300-048 — Затирка для швов Ceresit CE40,  55, 2 кг, ореховый [full+kw]
  ✓ kw: затирка для швов Ceresit CE40, цементная затирка 2 кг, затирка ореховая, фуга для плитки, 

[73/772] 1502-002 — Пистолет для пены Сталь Профи, FG-3101 [full+kw]
  ✓ kw: пистолет для пены, пистолет для пены сталь профи, пистолет пенный, монтажный пистолет, куп

[74/772] 1300-054 — Затирка для швов Ceresit CE40,  88, 2 кг, темно-си [kw]
  ✓ kw: затирка для швов Ceresit CE40, цементная затирка 2 кг, затирка темно-синяя, фуга для плитк

[75/772] 1503-004 — Бур Werk Sds-plus  8х100х160 мм [kw]
  ✓ kw: бур Werk SDS-plus 8х100х160 мм, бур для перфоратора, сверло по бетону, купить бур SDS-plus

[76/772] 1503-026 — Диск отрезный по металлу для болгарки (КШМ) Ataman [kw]
  ✓ kw: отрезной круг по металлу, диск для болгарки 230 мм, абразивный круг Ataman, купить отрезно

[77/772] 1503-039 — Диск отрезный по металлу для болгарки (КШМ) Титан  [full+kw]
  ✓ kw: отрезной круг по металлу, диск для болгарки 125 мм, абразивный круг Титан Inox, купить отр

[78/772] 1600-007 — Клей Pattex Transparent, прозрачный универсальный, [kw]
  ✓ kw: прозрачный клей универсальный, клей Pattex Transparent 50 г, контактный клей, купить униве

[79/772] 1600-004 — Клей Pattex Extreme, 50 г [kw]
  ✓ kw: клей Pattex Extreme, контактный клей 50 г, универсальный клей, клей для бетона, клей для м

[80/772] 1605-011 — Клей монтажный акриловый Lacrysil Жидкие гвозди пр [kw]
  ✓ kw: жидкие гвозди, монтажный клей, жидкие гвозди прозрачные, жидкие гвозди 280 г, купить жидки

[81/772] 2001-006 — Герметизирующая лента Aquatape  75*3, Alu [kw]
  ✓ kw: герметизирующая лента, герметизирующая лента Aquatape 75×3, бутиловая лента, покровная лен

[82/772] 2109-031 — Aura Malare — Ультрабелая глубокоматоваяя краска д [full+kw]
  ✓ kw: интерьерная краска, краска для стен, краска для потолков, водоэмульсионная краска, латексн

[83/772] 1701-010 — Дюбель для монтажа изолятора Masterplast 10х120 мм [full+kw]
  ✓ kw: дюбель для монтажа изолятора, дюбель Masterplast 10х120 мм, дюбель с пластиковым гвоздем, 

[84/772] 1401-003 — Антисептик для обработки древесины Lotus, 10 л [kw]
  ✓ kw: антисептик для древесины, защита дерева, антисептик для дерева 10 л, купить антисептик для

[85/772] 1204-010 — Грунт-концентрат 1:4 Lotus, акриловый, 10 л [kw]
  ✓ kw: грунт-концентрат, грунт-концентрат Lotus, грунтовка-концентрат акриловая, грунт-концентрат

[86/772] 1502-009 — Скобы для степлера строительного 1000 шт12х11.3мм  [kw]
  ✓ kw: скобы для строительного степлера, скобы Т53 12х11.3мм, скобы строительные 1000 штук, купит

[87/772] 1300-051 — Затирка для швов Ceresit CE40,  67, 2 кг, киви [kw]
  ✓ kw: затирка для швов Ceresit CE40, цементная затирка киви, цементная затирка 2 кг, фуга для пл

[88/772] 1503-005 — Диск алмазный по бетону, каменю  SEGMENT 230 мм, S [kw]
  ✓ kw: алмазный диск по бетону, диск 230 мм для болгарки, сегментный диск Spitce, купить алмазный

[89/772] 2101-054 — Эмаль Polifarb ExtraMal ПФ-115 серый, 2,7 кг [kw]
  ✓ kw: эмаль ПФ-115, алкидная эмаль, эмаль Polifarb ExtraMal, эмаль по металлу, купить алкидную э

[90/772] 2101-092 — Защита 3 в 1 Polifarb, светло-серый, RAL7035, 0,9  [kw]
  ✓ kw: алкидная эмаль, алкидная эмаль RAL7035, эмаль по металлу, защита 3 в 1 Polifarb, купить ал

[91/772] 1001-006 — Герметик акриловый Lacrysil цветной орех 0,4 кг [kw]
  ✓ kw: герметик акриловый орех, акриловый герметик 400 г, герметик под покраску, герметик универс

[92/772] 1503-042 — Диск зачистной для болгарки (КШМ) Ataman 180х6,0х2 [kw]
  ✓ kw: шлифовальный круг 180 мм, диск зачистной для болгарки, абразивный диск Ataman, шлифовальны

[93/772] 2109-002 — Краска Polifarb Снежинка интерьерная  3,8 кг [full+kw]
  ✓ kw: краска Polifarb Снежинка, интерьерная краска, краска для стен, краска для потолков, водоэм

[94/772] 1701-013 — Дюбель для монтажа изолятора Masterplast 10х140 мм [kw]
  ✓ kw: дюбель для монтажа изолятора, дюбель Masterplast 10х140 мм, дюбель с пластиковым гвоздем, 

[95/772] 1503-058 — Сверло Sds-plus  6х110 мм Werk [full+kw]
  ✓ kw: сверло SDS-plus 6х110 мм, бур SDS-plus 6х110, сверло по бетону Werk, купить сверло SDS-plu

[96/772] 2105-019 — Лак акриловый для древесины Lotus глянец,  1 л [kw]
  ✓ kw: акриловый лак для дерева, лак Lotus глянец, защитный лак для дерева, лак для мебели, лак д

[97/772] 1402-013 — Aura Lasur Aqua — Декоративная акриловая лазурь дл [full+kw]
  ✓ kw: декоративная акриловая лазурь для дерева, морилка палисандр, тонирующая пропитка для древе

[98/772] 1600-010 — Клей Pattex Universal, 50 г [kw]
  ✓ kw: контактный клей, клей для резины, клей для кожи, универсальный клей 50 г, контактный клей 

[99/772] 2108-012 — Aura Fasad — Акриловая фасадная краска матовая, 3, [full+kw]
  ✓ kw: фасадная краска, краска для фасада, акриловая фасадная краска, фасадная краска 3,5 кг, куп

[100/772] 2109-012 — Aura Luxpro 1 — Абсолютно матоваяя стойкая к мытью [full+kw]
  ✓ kw: интерьерная краска, краска для стен, водоэмульсионная краска, латексная краска, краска 0,9

[101/772] 1600-042 — Клей Химконтакт Десмокол, полиуретановый для ремон [full+kw]
  ✓ kw: контактный клей, клей для обуви, клей для кожи, полиуретановый клей 40 мл, клей для резины

[102/772] 1600-036 — Клей Химик плюс 88, универсальный водостойкий, 40  [full+kw]
  ✓ kw: контактный клей, клей Химик плюс 88, универсальный клей 40 мл, клей для дерева и пластика,

[103/772] 2105-001 — Эмаль Polifarb DekoMal ПФ-115 голубая, 2,7 кг [kw]
  ✓ kw: эмаль ПФ-115, алкидная эмаль, эмаль Polifarb DekoMal, эмаль по металлу, эмаль голубая, куп

[104/772] 2108-018 — Aura Fasad Expo — Универсальная фасадная и интерье [full+kw]
  ✓ kw: фасадная краска, краска для фасада, фасадная краска 10 л, универсальная фасадная краска, м

[105/772] 1601-004 — Клей для обоев Metylan Винил Премиум, 300 г [full+kw]
  ✓ kw: клей для обоев, обойный клей, клей для виниловых обоев, клей Metylan Винил Премиум, клей д

[106/772] 1101-002 — Мастика Bitugum битумно-каучуковаяя,  3 кг [full+kw]
  ✓ kw: битумная мастика 3 кг, битумно-каучуковая мастика, мастика кровельная, гидроизоляция фунда

[107/772] 1300-005 — Затирка для швов Ceresit CE33, 116, 2 кг, антрацит [kw]
  ✓ kw: затирка для швов Ceresit CE33, цементная затирка 2 кг, затирка антрацит, фуга для плитки, 

[108/772] 2105-005 — Затирка для швов Ceresit CE33, 180, 2 кг, светло-г [kw]
  ✓ kw: затирка для швов Ceresit CE33, цементная затирка 2 кг, затирка светло-голубая, фуга для пл

[109/772] 1901-013 — Пластификатор Weco Противоморозный,  5 л [kw]
  ✓ kw: пластификатор для бетона, пластификатор противоморозный, добавка в бетон, пластификатор We

[110/772] 1601-008 — Клей для обоев Metylan Флизелин Премиум, 250 г [kw]
  ✓ kw: клей для обоев, обойный клей, клей флизелин, клей для виниловых обоев, клей для обоев 250 

[111/772] 2101-053 — Эмаль Polifarb ExtraMal ПФ-115 серый, 0,9 кг [kw]
  ✓ kw: эмаль ПФ-115, алкидная эмаль, эмаль Polifarb ExtraMal, краска по металлу, алкидная эмаль с

[112/772] 1402-004 — Aura Lasur Aqua — Декоративная акриловая лазурь дл [full+kw]
  ✓ kw: декоративная акриловая лазурь для дерева, морилка белая, тонирующая пропитка для древесины

[113/772] 2108-010 — Краска акриловая Lotus фасадная, 10 л [kw]
  ✓ kw: фасадная краска, краска для фасада, фасадная краска 10 л, акриловая фасадная краска, Lotus

[114/772] 1604-002 — Клей Pattex Столяр, 250 г [kw]
  ✓ kw: клей ПВА, столярный клей, клей для дерева, деревянный клей, клей ПВА белый, клей ПВА 250 г

[115/772] 1603-019 — Затирка для окон Штрих-1, бежевая, 0,4 кг [kw]
  ✓ kw: затирка для окон, затирка окна штрих-1, замазка для окон, оконная затирка бежевая, акрилов

[116/772] 2109-013 — Aura Luxpro 1 — Абсолютно матоваяя стойкая к мытью [full+kw]
  ✓ kw: интерьерная краска, краска для стен, краска для потолков, водоэмульсионная краска, латексн

[117/772] 1604-015 — Клей Дивоцвит ПВА Столярный D3, 500 г [full+kw]
  ✓ kw: клей ПВА, столярный клей, клей для дерева, деревянный клей, клей ПВА белый, клей ПВА 500 г

[118/772] 2100-024 — Aura Beton Kontakt — Адгезионная грунтовка с кварц [full+kw]
  ✓ kw: бетоноконтакт, адгезионная грунтовка, бетоноконтакт 7 кг, контактная грунтовка, купить бет

[119/772] 2105-022 — Средство защитное для древесины Байрис (Concentrat [kw]
  ✓ kw: защитное средство для древесины, байрис концентрат 1:9, лак для дерева прозрачный, защита 

[120/772] 2109-007 — Краска акриловая Lotus интерьерная, 10 л [kw]
  ✓ kw: акриловая краска Lotus интерьерная, краска для стен, краска для потолков, водоэмульсионная

[121/772] 1604-023 — Aura Fix PVA — Клей ПВА строительный, 2,5 л [full+kw]
  ✓ kw: клей ПВА, столярный клей, клей для дерева, деревянный клей, клей ПВА 2,5 л, купить клей ПВ

[122/772] 1203-026 — Жидкое стекло Дивоцвит, 1,2 кг [full+kw]
  ✓ kw: жидкое стекло, жидкое стекло дивоцвет, грунтовка 1,2 кг, грунтовка для стен, грунтовка глу

[123/772] 1603-002 — Клей монтажный Pattex FIX Decor, 380 г [kw]
  ✓ kw: монтажный клей, клей для монтажа, жидкие гвозди, клей строительный, монтажный клей 380 г, 

[124/772] 2109-030 — Aura Malare — Ультрабелая глубокоматоваяя краска д [full+kw]
  ✓ kw: интерьерная краска 1 л, краска для стен, краска для потолков, водоэмульсионная краска, глу

[125/772] 2101-093 — Защита 3 в 1 Polifarb, светло-серый, RAL7035, 2,5  [kw]
  ✓ kw: алкидная эмаль, защита 3 в 1, эмаль по металлу, алкидная эмаль 2,5 кг, купить алкидную эма

[126/772] 2101-050 — Эмаль Polifarb ExtraMal ПФ-115 светло-серая, 2,8 к [full+kw]
  ✓ kw: алкидная эмаль, алкидная краска, эмаль ПФ-115, краска по металлу, алкидная эмаль 2,8 кг, к

[127/772] 2200-003 — Таблетка Ceresit Stop влага Aero, 2х450 г [kw]
  ✓ kw: влагопоглотитель 900 г, осушитель воздуха, таблетка Ceresit Stop влага Aero, поглотитель в

[128/772] 2108-001 — Краска Polifarb Универсал-Фасад  1,4 кг [kw]
  ✓ kw: фасадная краска, краска для фасада, краска Polifarb Универсал-Фасад, фасадная краска 1,4 к

[129/772] 2200-004 — Таблетка Ceresit Stop влага Aero, лаванда, 2х450 г [kw]
  ✓ kw: влагопоглотитель 900 г, таблетка Ceresit Stop влага Aero лаванда, осушитель воздуха, погло

[130/772] 1104-001 — АКЦИЯ Праймер IZOFAST битумный, 20 л [full+kw]
  ✓ kw: праймер битумный, битумный праймер IZOFAST, подготовка поверхности, гидроизоляция, праймер

[131/772] 1604-013 — Клей Дивоцвит ПВА Усиленный, 5 кг [kw]
  ✓ kw: клей ПВА, столярный клей, клей для дерева, деревянный клей, клей ПВА 5 кг, купить клей ПВА

[132/772] 1601-009 — Клей для обоев Metylan Флизелин, 250 г [kw]
  ✓ kw: клей для обоев, обойный клей, клей флизелин, клей для виниловых обоев, клей для обоев 250 

[133/772] 1802-003 — Пена-клей Lacrysil бытовая '60 секунд' MINI 320 мл [full+kw]
  ✓ kw: пена-клей, пена-клей Lacrysil, монтажная пена-клей, пена-клей 320 мл, купить пена-клей, пе

[134/772] 1101-004 — Мастика Bitugum битумно-каучуковаяя, 10 кг [kw]
  ✓ kw: мастика битумно-каучуковая 10 кг, битумная мастика, мастика кровельная, гидроизоляция фунд

[135/772] 1202-021 — Грунт-эмаль для дерева, металла и бетона  Lacrysil [kw]
  ✓ kw: грунт-эмаль, грунт-эмаль для дерева, грунт-эмаль для металла, грунт-эмаль для бетона, грун

[136/772] 1000-003 — Клей-герметик Lacrysil на основе МС полимеров унив [kw]
  ✓ kw: МС-полимерный герметик, клей-герметик универсальный, гибридный герметик, МС-полимерный гер

[137/772] 1001-001 — Герметик акриловый Ceresit CS 11, белый, 280 мл [kw]
  ✓ kw: герметик акриловый белый, герметик Ceresit CS 11, акриловый герметик 280 мл, герметик под 

[138/772] 1000-004 — Клей-герметик Lacrysil на основе МС полимеров унив [kw]
  ✓ kw: МС-полимерный герметик, клей-герметик универсальный, гибридный герметик, МС-полимерный гер

[139/772] 1000-005 — Клей-герметик Lacrysil на основе МС полимеров унив [full+kw]
  ✓ kw: МС-полимерный герметик, клей-герметик универсальный, гибридный герметик, МС-полимерный гер

[140/772] 1604-003 — Клей Pattex Столяр, 750 г [full+kw]
  ✓ kw: клей ПВА, столярный клей, клей для дерева, деревянный клей, клей ПВА 750 г, купить клей ПВ

[141/772] 1001-003 — Герметик акриловый Lacrysil для монтажных швов «сн [kw]
  ✓ kw: герметик акриловый белый, акриловый герметик 3 кг, герметик акриловый для наружных работ, 

[142/772] 1004-002 — Клей-герметик Ceresit FT 101, полиуретановый, 280  [kw]
  ✓ kw: клей-герметик Ceresit FT 101, полиуретановый герметик, герметик для бетона, герметик 280 м

[143/772] 1604-018 — Клей Дивоцвит ПВА Столярный D4, 750 г [full+kw]
  ✓ kw: клей ПВА, столярный клей, клей для дерева, деревянный клей, клей ПВА белый, клей ПВА 750 г

[144/772] 1601-016 — Клей для обоев Pattex Винил, 250 г [kw]
  ✓ kw: клей для обоев, обойный клей, клей для виниловых обоев, клей флизелин, клей Pattex Винил, 

[145/772] 1604-022 — Aura Fix PVA — Клей ПВА строительный, 1 л [full+kw]
  ✓ kw: клей ПВА, столярный клей, клей для дерева, деревянный клей, клей ПВА 1 л, купить клей ПВА,

[146/772] 1204-003 — Грунт-концентрат 1:10 Eskaro Aquastop Professional [full+kw]
  ✓ kw: грунт-концентрат, грунтовка-концентрат, грунт-концентрат 1:10, грунтовка концентрат 3 л, к

[147/772] 1001-002 — Герметик акриловый Lacrysil для монтажных швов «сн [full+kw]
  ✓ kw: герметик акриловый, герметик акриловый фасадный, герметик для монтажных швов, герметик под

[148/772] 1604-021 — Aura Fix PVA — Клей ПВА строительный, 0,33 л [full+kw]
  ✓ kw: клей ПВА, столярный клей, клей для дерева, деревянный клей, Aura Fix PVA, клей ПВА 0,33 л,

[149/772] 1604-025 — Aura Fix PVA — Клей ПВА строительный, 10 л [full+kw]
  ✓ kw: клей ПВА, столярный клей, клей для дерева, деревянный клей, клей ПВА 10 л, купить клей ПВА

[150/772] 1002-001 — Герметик Bitugum FIX для кровли, битумный 310 г [kw]
  ✓ kw: герметик битумный, битумный герметик для кровли, герметик для крыши, кровельный герметик, 

[151/772] 2109-019 — Aura Luxpro 7 — Шелково-матоваяя интерьерная краск [full+kw]
  ✓ kw: интерьерная краска, краска для стен, водоэмульсионная краска, латексная краска, шёлково-ма

[152/772] 1004-001 — Герметик полиуретановый Ceresit CS 51, 600 мл [kw]
  ✓ kw: герметик полиуретановый Ceresit CS 51, полиуретановый герметик, герметик для бетона, герме

[153/772] 1001-008 — Герметик акриловый Lacrysil цветной сосна 0,4 кг [full+kw]
  ✓ kw: герметик акриловый сосна, акриловый герметик 400 г, герметик под покраску, герметик универ

[154/772] 1005-014 — Герметик силиконовый Lacrysil санитарный прозрачны [kw]
  ✓ kw: герметик силиконовый, герметик силиконовый 48 г, герметик для ванной, герметик санитарный,

[155/772] 1005-022 — Шов силиконовый Ceresit CS 25, жасмин, 280 мл [kw]
  ✓ kw: силиконовый герметик, герметик Ceresit CS 25, герметик жасмин, герметизация швов, ущельнен

[156/772] 1005-007 — Герметик силиконовый Ceresit CS 15 санитарный, про [kw]
  ✓ kw: герметик силиконовый, силиконовый герметик 280 мл, герметик Ceresit CS 15, герметик санита

[157/772] 1202-012 — Грунт Polifarb ГФ-021 Extra Mal красно-коричневый, [kw]
  ✓ kw: грунт Polifarb ГФ-021 красно-коричневый, грунтовка алкидная 0,9 кг, грунт для металла и де

[158/772] 2101-097 — Защита 3 в 1 Polifarb, темно-зеленый,  2,7 кг [kw]
  ✓ kw: алкидная эмаль, защита 3 в 1, эмаль по металлу, алкидная эмаль 2,7 кг, купить алкидную эма

[159/772] 1005-008 — Герметик силиконовый Ceresit CS 23, прозрачный, 28 [kw]
  ✓ kw: герметик силиконовый, герметик Ceresit CS 23, силиконовый герметик 280 мл, герметик прозра

[160/772] 1005-012 — Герметик силиконовый Lacrysil санитарный белый 50  [full+kw]
  ✓ kw: герметик силиконовый белый, герметик для ванной комнаты, герметик санитарный 50 г, гермети

[161/772] 2101-036 — Эмаль Polifarb DekoMal ПФ-266 желто-коричневаяя, 2 [full+kw]
  ✓ kw: алкидная эмаль, эмаль ПФ-266, эмаль по металлу, алкидная краска, эмаль Polifarb DekoMal, к

[162/772] 1204-006 — Грунт-концентрат 1:10 Lacrysil, 5 л [kw]
  ✓ kw: грунт-концентрат, грунтовка-концентрат, грунт-концентрат 1:10, Lacrysil, грунтовка концент

[163/772] 1100-001 — Лента гидроизоляционная Ceresit CL 152, 120 мм х 1 [kw]
  ✓ kw: гидроизоляционная лента, лента гидроизоляционная Ceresit CL 152, битумная лента, купить ги

[164/772] 1604-024 — Aura Fix PVA — Клей ПВА строительный, 5 л [full+kw]
  ✓ kw: клей ПВА, столярный клей, клей для дерева, деревянный клей, Aura Fix PVA, клей ПВА 5 л, ку

[165/772] 1604-017 — Клей Дивоцвит ПВА Столярный D4, 250 г [kw]
  ✓ kw: клей ПВА, столярный клей, клей для дерева, деревянный клей, клей ПВА белый, клей ПВА 250 г

[166/772] 1005-021 — Шов силиконовый Ceresit CS 25, графит, 280 мл [full+kw]
  ✓ kw: герметик силиконовый, силиконовый герметик Ceresit CS 25, герметик графит, герметизация шв

[167/772] 1605-007 — Клей для мозаики и плитки Lacrysil  3 кг [full+kw]
  ✓ kw: клей для мозаики и плитки, клей для плитки Lacrysil, клей для керамической плитки, клей дл

[168/772] 1100-003 — Лента гидроизоляционная Knauf Флехендихтбанд, 120  [kw]
  ✓ kw: гидроизоляционная лента, лента гидроизоляционная Knauf Флехендихтбанд, бутиловая лента, ку

[169/772] 1202-019 — Грунт-эмаль для дерева, металла и бетона  Lacrysil [full+kw]
  ✓ kw: грунт-эмаль, грунт-краска, эмаль для дерева, эмаль для металла, эмаль для бетона, купить г

[170/772] 1605-004 — Клей акриловый Lacrysil Ультра Лип для напольных п [kw]
  ✓ kw: акриловый клей для напольных покрытий, клей для паркета, клей для линолеума, клей для вини

[171/772] 1101-007 — Мастика Bitugum гидроизоляционная, 10 кг [kw]
  ✓ kw: мастика Bitugum гидроизоляционная 10 кг, битумная мастика, мастика кровельная, гидроизоляц

[172/772] 1102-003 — Мастика гидроизоляционная Lacrysil Water Block 1,2 [full+kw]
  ✓ kw: гидроизоляционная мастика, мастика гидроизоляция, жидкая гидроизоляция, гидроизоляционная 

[173/772] 1101-001 — Мастика Bitugum БЕМ битумно-эмульсионная, 10 кг [full+kw]
  ✓ kw: битумно-эмульсионная мастика, битумная гидроизоляция, мастика кровельная, мастика Bitugum 

[174/772] 2109-027 — Aura Luxpro Thermo Matt — Матовая акриловая эмаль  [full+kw]
  ✓ kw: эмаль для радиаторов, матовая акриловая эмаль, краска для батарей отопления, Aura Luxpro T

[175/772] 1102-005 — Мастика гидроизоляционная Lacrysil Water Block 3 к [kw]
  ✓ kw: гидроизоляционная мастика, мастика гидроизоляция, жидкая гидроизоляция, гидроизоляционная 

[176/772] 1202-017 — Грунт-эмаль для дерева, металла и бетона  Lacrysil [full+kw]
  ✓ kw: грунт-эмаль для дерева, грунт-эмаль по металлу, грунт-эмаль по бетону, грунтовка-эмаль 2,5

[177/772] 1202-001 — Грунт Polifarb DekoMal ГФ-021 белый, 0,9 кг [kw]
  ✓ kw: грунт Polifarb ГФ-021 белый, грунтовка белая 0,9 кг, грунт-эмаль алкидная, купить грунт бе

[178/772] 2109-040 — Aura Neolatex — Износостойкая глубокоматоваяя крас [full+kw]
  ✓ kw: интерьерная краска, краска для стен, краска для потолков, водоэмульсионная краска, латексн

[179/772] 1202-009 — Грунт Polifarb ГФ-021 Extra Mal серый, 0,9 кг [kw]
  ✓ kw: грунт Polifarb ГФ-021 серый, грунтовка алкидная 0,9 кг, грунт для металла и дерева, грунт 

[180/772] 1402-015 — Aura Lasur Aqua — Декоративная акриловая лазурь дл [full+kw]
  ✓ kw: декоративная акриловая лазурь для дерева, морилка тик, тонирующая пропитка для древесины, 

[181/772] 1402-006 — Aura Lasur Aqua — Декоративная акриловая лазурь дл [full+kw]
  ✓ kw: декоративная акриловая лазурь для дерева, морилка венге, тонирующая пропитка для древесины

[182/772] 1000-002 — Герметик термостойкий Ceresit CS 28, 300 мл [kw]
  ✓ kw: герметик термостойкий Ceresit CS 28, жаростойкий герметик, термостойкий герметик 300 мл, г

[183/772] 1605-008 — Клей монтажный акриловый Lacrysil Жидкие гвозди бе [full+kw]
  ✓ kw: жидкие гвозди, монтажный клей акриловый, жидкие гвозди белые, клей для плинтусов, клей Lac

[184/772] 1202-018 — Грунт-эмаль для дерева, металла и бетона  Lacrysil [kw]
  ✓ kw: грунт-эмаль, грунт-краска, грунтующая краска, грунт-эмаль 0,9 кг, купить грунт-эмаль, грун

[185/772] 1502-005 — Пистолет для пены Сталь, FG-3105 [kw]
  ✓ kw: пистолет для пены, пистолет для монтажной пены, пистолет для пены Сталь, монтажный пистоле

[186/772] 2109-037 — Aura Mattlatex — Матовая латексная краска для стен [full+kw]
  ✓ kw: интерьерная краска, краска для стен, краска для потолков, водоэмульсионная краска, латексн

[187/772] 1203-025 — Жидкое стекло Lotus,  2,5 кг [full+kw]
  ✓ kw: жидкое стекло, жидкое стекло Lotus, грунтовка 2,5 кг, грунтовка для стен, грунтовка глубок

[188/772] 1203-017 — Грунтовка Siltek E-106 Beton Contact адгезионная,  [kw]
  ✓ kw: грунтовка адгезионная, грунтовка Siltek E-106 Beton Contact, грунтовка 5 л, грунтовка для 

[189/772] 2109-016 — Aura Luxpro 7 — Шелково-матоваяя интерьерная краск [full+kw]
  ✓ kw: интерьерная краска, краска для стен, краска для потолков, водоэмульсионная краска, латексн

[190/772] 1204-002 — Грунт-концентрат 1:10 Eskaro Aquastop Professional [kw]
  ✓ kw: грунт-концентрат, грунтовка-концентрат, грунт-концентрат 1:10, грунтовка-концентрат Eskaro

[191/772] 1603-001 — Клей монтажный Lacrysil SUPER FIX на основе МС пол [full+kw]
  ✓ kw: монтажный клей, клей для монтажа, жидкие гвозди монтажные, клей строительный, монтажный кл

[192/772] 1502-007 — Скобы для степлера строительного 1000 шт 8х11.3мм  [kw]
  ✓ kw: скобы для строительного степлера, скобы Т53 8х11.3мм, скобы строительные 1000 штук, купить

[193/772] 1202-015 — Грунт-эмаль для дерева, металла и бетона  Lacrysil [kw]
  ✓ kw: грунт-эмаль, грунт-краска, универсальная грунт-эмаль, грунт-эмаль для дерева, грунт-эмаль 

[194/772] 1203-022 — Профи-грунт Polifarb 10 кг [full+kw]
  ✓ kw: грунтовка, грунт, грунтовка для стен, грунтовка глубокого проникновения, грунтовка 10 кг, 

[195/772] 1603-012 — Клей монтажный каучуковый Lacrysil Сверхпрочный пр [full+kw]
  ✓ kw: монтажный клей, клей для монтажа, жидкие гвозди, клей строительный, монтажный клей прозрач

[196/772] 1701-002 — Дюбель Knauf Hohlraumdubel Hartmut M5x60 [kw]
  ✓ kw: дюбель, анкер, кріплення, монтажный дюбель, купить дюбель, дюбель оптом, Knauf Hohlraumdub

[197/772] 1202-016 — Грунт-эмаль для дерева, металла и бетона  Lacrysil [kw]
  ✓ kw: грунт-эмаль для дерева, грунт-эмаль для металла, грунт-эмаль для бетона, Lacrysil RAL 7035

[198/772] 1702-047 — Шуруп Knauf Schnellbauschraube Feingewinde TN 3,5х [full+kw]
  ✓ kw: саморез, шуруп для гипсокартона, крепеж Knauf, саморез 3,5х35, купить саморез, саморез опт

[199/772] 1701-014 — Дюбель для монтажа изолятора Masterplast 10х160 мм [kw]
  ✓ kw: дюбель для монтажа изолятора, дюбель Masterplast 10х160 мм, дюбель с металлическим гвоздем

[200/772] 1203-003 — Грунтовка Ceresit CT 17 глубокопроникающая, 10 л [full+kw]
  ✓ kw: грунтовка Ceresit CT 17, грунтовка 10 л, грунтовка глубокого проникновения, грунтовка для 

[201/772] 1801-008 — Средство Антиплесень DEZI, 1000 мл быстрый результ [kw]
  ✓ kw: антиплесень, антигрибок, средство от плесени, фунгицид, антигрибок 1 л, купить антигрибок,

[202/772] 2108-015 — Aura Fasad Expo — Универсальная фасадная и интерье [full+kw]
  ✓ kw: фасадная краска, краска для фасада, Aura Fasad Expo, универсальная фасадная краска, матова

[203/772] 2101-041 — Эмаль Polifarb ExtraMal ПФ-115 вишневая, 0,9 кг [full+kw]
  ✓ kw: эмаль ПФ-115, алкидная эмаль, алкидная краска по металлу, эмаль Polifarb ExtraMal, купить 

[204/772] 2101-044 — Эмаль Polifarb ExtraMal ПФ-115 зеленая, 0,9 кг [kw]
  ✓ kw: эмаль ПФ-115, алкидная эмаль, алкидная краска, эмаль по металлу, Polifarb ExtraMal, купить

[205/772] 1702-046 — Шуруп Knauf Schnellbauschraube Feingewinde TN 3,5х [full+kw]
  ✓ kw: саморез, шуруп для гипсокартона, крепеж Knauf, саморез 3,5х25, купить саморез, саморез опт

[206/772] 1203-007 — Грунтовка Ceresit CT 19 Бетонконтакт адгезионная,  [kw]
  ✓ kw: грунтовка Ceresit CT 19, грунтовка бетонконтакт, адгезионная грунтовка, грунтовка для бето

[207/772] 1205-024 — Шпаклёвка Дивоцвит G4 для дерева, 700 г [kw]
  ✓ kw: шпатлёвка для дерева, шпатлёвка Дивоцвит G4, финишная шпатлёвка, купить шпатлёвку, шпатлёв

[208/772] 1702-048 — Шуруп Knauf Schnellbauschraube Feingewinde TN 3,5х [full+kw]
  ✓ kw: саморез, шуруп для гипсокартона, крепеж Knauf, саморез 3,5х55, купить саморез, саморез опт

[209/772] 1503-022 — Диск отрезный по металлу для болгарки (КШМ) Ataman [kw]
  ✓ kw: отрезной круг по металлу, диск для болгарки 180 мм, абразивный круг Ataman, купить отрезно

[210/772] 1702-111 — Саморез г/к до дерева 3,5x  55, фосфатированный, " [kw]
  ✓ kw: саморез, шуруп по дереву, крепеж для гипсокартона, саморез 3,5х55, саморез Wkret-Met, купи

[211/772] 1803-004 — Пена монтажнаяя Lacrysil 70 профессиональная 850 м [full+kw]
  ✓ kw: пена монтажная, пена под пистолет 850 мл, профессиональная пена, пена Lacrysil 70, купить 

[212/772] 1503-029 — Диск отрезный по металлу для болгарки (КШМ) Sprut- [kw]
  ✓ kw: отрезной круг по металлу, диск для болгарки 150 мм, абразивный круг Sprut-A, купить отрезн

[213/772] 1601-021 — Клей для обоев Pattex Флизелин, 95 г [kw]
  ✓ kw: клей для обоев, обойный клей, клей флизелин, клей для виниловых обоев, клей Pattex Флизели

[214/772] 1203-009 — Грунтовка Ceresit CT 19 Бетонконтакт адгезионная,  [kw]
  ✓ kw: грунтовка Ceresit CT 19 Бетонконтакт, адгезионная грунтовка, грунтовка для бетона, грунтов

[215/772] 1503-047 — Диск лепестковый для болгарки (КШМ) торцевой Титан [kw]
  ✓ kw: лепестковый круг для болгарки, диск торцевой Титан 125х22мм, абразивный инструмент, шлифов

[216/772] 1203-011 — Грунтовка Ceresit грунт,  2 л [kw]
  ✓ kw: грунтовка Ceresit грунт 2л, грунтовка для стен, грунтовка глубокого проникновения, грунтов

[217/772] 2104-010 — Колорант Polifarb Color Mix арт.10 ярко-желтый 0,1 [kw]
  ✓ kw: колорант ярко-жёлтый, колорант Polifarb Color Mix арт.10, краситель для краски, пигмент дл

[218/772] 1901-019 — Пластификатор Байрис Заменитель извести,  5 л [full+kw]
  ✓ kw: пластификатор для бетона, пластификатор Байрис, добавка в бетон, пластификатор 5 л, купить

[219/772] 1702-112 — Саморез г/к до дерева 4,2x  90, фосфатированный, " [kw]
  ✓ kw: саморез, саморезы по дереву, саморезы 4,2x90, крепеж Wkret-Met, купить саморезы, саморезы 

[220/772] 1801-003 — Средство Антигрибок DEZI,  250 мл быстрый результа [full+kw]
  ✓ kw: антигрибок, антиплесень, средство от плесени, фунгицид, антигрибок 250 мл, купить антигриб

[221/772] 1203-028 — Грунт-концентрат 1:10 Eskaro Aquastop Professional [full+kw]
  ✓ kw: грунт-концентрат, грунтовка эскаро, грунтовка 1:10, грунтовка 1 л, грунтовка глубокого про

[222/772] 1203-030 — Aura Unigrund BioBlock — Противоплесневая грунтовк [full+kw]
  ✓ kw: грунтовка антиплесневая, Aura Unigrund BioBlock, грунтовка 1 л, грунтовка для влажных поме

[223/772] 1901-026 — Пластификатор Lotus для бетона, противоморозный 10 [kw]
  ✓ kw: пластификатор для бетона, противоморозный пластификатор, добавка в бетон, пластификатор Lo

[224/772] 1801-002 — Антиклей Domo, 100 мл, очиститель от остатков клея [full+kw]
  ✓ kw: антиклей Domo, очиститель клея, растворитель скотча, удаление ценников, антиклей купить, р

[225/772] 1503-049 — Диск шлифовальный для болгарки самозацепной з 8 от [kw]
  ✓ kw: шлифовальный круг 125 мм, диск шлифовальный самозацепной, абразивный инструмент Титан, куп

[226/772] 1203-031 — Aura Unigrund BioBlock — Противоплесневая грунтовк [full+kw]
  ✓ kw: грунтовка антиплесневая, грунтовка 5 л, Aura Unigrund BioBlock, грунтовка для влажных поме

[227/772] 2101-042 — Эмаль Polifarb ExtraMal ПФ-115 желтая, 0,9 кг [full+kw]
  ✓ kw: эмаль ПФ-115, алкидная эмаль, алкидная краска, краска по металлу, эмаль Polifarb ExtraMal,

[228/772] 1503-053 — Диск шлифовальный для болгарки самозацепной Титан  [full+kw]
  ✓ kw: диск шлифовальный для болгарки 125 мм, круг шлифовальный самозацепной Титан, абразивный ди

[229/772] 2109-028 — Aura Luxpro Thermo Matt — Матовая акриловая эмаль  [full+kw]
  ✓ kw: эмаль для радиаторов, краска для батарей, матовая акриловая эмаль, водоэмульсионная краска

[230/772] 1801-006 — Средство Антиплесень DEZI,  250 мл быстрый результ [kw]
  ✓ kw: антиплесень, антигрибок, средство от плесени, фунгицид, антигрибок 250 мл, купить антигриб

[231/772] 1802-002 — Пена-клей Lacrysil бытовая '60 секунд' 800 мл [full+kw]
  ✓ kw: пена-клей, пена-клей Lacrysil, монтажная пена-клей, пена-клей 800 мл, купить пена-клей, пе

[232/772] 1203-016 — Грунтовка Siltek E-100 универсальная, 10 л [full+kw]
  ✓ kw: грунтовка, грунтовка Siltek E-100, грунтовка универсальная, грунтовка 10 л, грунтовка для 

[233/772] 1503-036 — Диск отрезный по металлу для болгарки (КШМ) Титан  [kw]
  ✓ kw: отрезной круг по металлу, диск для болгарки 150 мм, абразивный круг Титан, купить отрезной

[234/772] 1801-007 — Средство Антиплесень DEZI,  500 мл быстрый результ [kw]
  ✓ kw: антиплесень, антигрибок, средство от плесени, фунгицид, антигрибок 500 мл, купить антигриб

[235/772] 1802-001 — Пена-клей Ceresit CT 84 Express Plus полиуретанова [kw]
  ✓ kw: пена-клей, пена-клей Ceresit, монтажная пена-клей профессиональная, пена-клей 850 мл, купи

[236/772] 1503-038 — Диск отрезный по металлу для болгарки (КШМ) Титан  [kw]
  ✓ kw: отрезной круг по металлу 125 мм, диск для болгарки Titан Inox, абразивный круг по нержавей

[237/772] 1901-007 — Пластификатор Lotus для бетона, противоморозный  2 [kw]
  ✓ kw: пластификатор для бетона, пластификатор Lotus, противоморозный пластификатор, добавка в бе

[238/772] 1901-011 — Пластификатор Weco для всех видов бетона, 10 л [kw]
  ✓ kw: пластификатор для бетона, пластификатор Weco, добавка в бетон, пластификатор 10 л, купить 

[239/772] 1901-015 — Пластификатор Байрис для всех видов бетона,  1 л [kw]
  ✓ kw: пластификатор для бетона, пластификатор Байрис, добавка в бетон, пластификатор 1 л, купить

[240/772] 1802-006 — Пена-клей Lacrysil профессиональная 800 мл [kw]
  ✓ kw: пена-клей, пена-клей Lacrysil, монтажная пена-клей профессиональная, пена-клей 800 мл, куп

[241/772] 1804-004 — Пена монтажнаяя Lacrysil 70 бытовая 850 мл [kw]
  ✓ kw: монтажная пена Lacrysil 70, пена бытовая 850 мл, купить пену монтажную, герметизация щелей

[242/772] 1901-012 — Пластификатор Weco Противоморозный,  1 л [kw]
  ✓ kw: пластификатор для бетона, противоморозный пластификатор, пластификатор Weco, добавка в бет

[243/772] 1203-024 — Жидкое стекло Lotus,  1 кг [kw]
  ✓ kw: жидкое стекло Lotus, жидкое стекло 1 кг, грунтовка для бетона, грунтовка для стен, грунтов

[244/772] 1803-005 — Пена монтажнаяя Pattex WhiteTeq профессиональная 7 [full+kw]
  ✓ kw: пена монтажная, пена под пистолет, пена под пистолет 700 мл, профессиональная пена, пена P

[245/772] 1804-001 — Пена монтажнаяя Ceresit TS 61 бытовая 750 мл [full+kw]
  ✓ kw: пена монтажная Ceresit TS 61, пена бытовая 750 мл, купить пену монтажную, пена для окон и 

[246/772] 1204-009 — Грунт-концентрат 1:4 Lotus, акриловый,  5 л [kw]
  ✓ kw: грунт-концентрат, грунт-концентрат Lotus, грунтовка-концентрат акриловая, грунт-концентрат

[247/772] 1603-014 — Клей универсальный Lacrysil Сумасшедшая липучка ак [kw]
  ✓ kw: монтажный клей, клей универсальный, клей для монтажа, жидкие гвозди, клей акриловый белый,

[248/772] 1102-004 — Мастика гидроизоляционная Lacrysil Water Block 12  [kw]
  ✓ kw: гидроизоляционная мастика, мастика гидроизоляция, жидкая гидроизоляция, гидроизоляционная 

[249/772] 1901-016 — Пластификатор Байрис для всех видов бетона,  5 л [kw]
  ✓ kw: пластификатор для бетона, пластификатор Байрис, добавка в бетон, пластификатор 5 л, купить

[250/772] 1204-001 — Грунт-концентрат 1:10 Eskaro Aquastop Professional [kw]
  ✓ kw: грунт-концентрат, грунтовка-концентрат, грунт-концентрат 1:10, грунтовка концентрат Eskaro

[251/772] 1205-015 — Шпаклёвка Knauf Super Finish пастообразная, 28 кг [kw]
  ✓ kw: шпатлевка финишная, шпатлевка гипсовая, Knauf Super Finish, шпатлевка 28 кг, купить шпатле

[252/772] 1901-021 — Пластификатор Байрис Противоморозный,  1 л [kw]
  ✓ kw: пластификатор для бетона, пластификатор Байрис, морозостойкий пластификатор, добавка в бет

[253/772] 2000-002 — Монтажна лента Pattex, 1,5 м, 80 кг [full+kw]
  ✓ kw: монтажная лента Pattex, герметизирующая лента, монтажная лента 1,5 м, купить монтажную лен

[254/772] 2004-004 — Лента звукоизоляционная Knauf Dichtungsband, 95 мм [kw]
  ✓ kw: звукоизоляционная лента 95 мм, демпферная лента, лента звукоизоляционная Knauf, купить зву

[255/772] 1901-010 — Пластификатор Weco для всех видов бетона,  5 л [kw]
  ✓ kw: пластификатор для бетона, пластификатор Weco, добавка в бетон, пластификатор 5 л, купить п

[256/772] 1601-026 — Клей для обоев Quelyd Супер експрес, 250 г [kw]
  ✓ kw: клей для обоев, обойный клей, клей Quelyd Супер экспресс, клей для виниловых обоев, клей ф

[257/772] 1204-004 — Грунт-концентрат 1:10 Lacrysil, 1 л [kw]
  ✓ kw: грунт-концентрат, грунтовка-концентрат, грунт-концентрат 1:10 Lacrysil, грунтовка концентр

[258/772] 1204-016 — Aura Koncentrat AquaGrund — Грунтовка-концентрат в [full+kw]
  ✓ kw: грунтовка-концентрат, грунт-концентрат, грунтовка концентрат 10 л, купить грунтовку концен

[259/772] 2108-014 — Aura Fasad — Акриловая фасадная краска матовая, 14 [full+kw]
  ✓ kw: фасадная краска, краска для фасада, фасадная краска 14 кг, матовая фасадная краска, атмосф

[260/772] 2001-001 — Герметизирующая лента Aqua Protect (FA)  75*1.5, 3 [full+kw]
  ✓ kw: герметизирующая лента, герметизирующая лента Aqua Protect, бутиловая лента, герметизирующа

[261/772] 2105-007 — Лазурь алкидная Polifarb древозащита, орех,  0,7 к [kw]
  ✓ kw: лазурь алкидная для дерева, защитный лак для дерева, лак Polifarb орех, древозащита матова

[262/772] 2001-005 — Герметизирующая лента Aquatape  50*3, Alu [kw]
  ✓ kw: герметизирующая лента, герметизирующая лента Aquatape 50*3, бутиловая лента, покровная лен

[263/772] 2101-043 — Эмаль Polifarb ExtraMal ПФ-115 желтая, 2,8 кг [full+kw]
  ✓ kw: алкидная эмаль, эмаль ПФ-115, алкидная эмаль жёлтая, эмаль по металлу, эмаль Polifarb Extr

[264/772] 1503-031 — Диск отрезный по металлу для болгарки (КШМ) Sprut- [kw]
  ✓ kw: отрезной круг по металлу, диск для болгарки 230 мм, абразивный круг Sprut-A, купить отрезн

[265/772] 1204-007 — Грунт-концентрат 1:4 Lotus, акриловый,  1 л [kw]
  ✓ kw: грунт-концентрат, грунт-концентрат Lotus, грунтовка-концентрат акриловая, грунт-концентрат

[266/772] 1503-044 — Диск зачистной для болгарки (КШМ) Титан 180х6,0х22 [kw]
  ✓ kw: шлифовальный круг, зачистной диск, абразивный инструмент, диск для болгарки, круг Титан 18

[267/772] 2109-015 — Aura Luxpro 1 — Абсолютно матоваяя стойкая к мытью [full+kw]
  ✓ kw: интерьерная краска, краска для стен, краска для потолков, водоэмульсионная краска, латексн

[268/772] 2001-003 — Герметизирующая лента Aqua Protect (LT) 100*1.5, 3 [full+kw]
  ✓ kw: герметизирующая лента, герметизирующая лента Aqua Protect, герметизирующая лента 100*1.5, 

[269/772] 2101-006 — Эмаль Polifarb DekoMal ПФ-115 бирюзовая, 2,7 кг [kw]
  ✓ kw: эмаль ПФ-115, алкидная эмаль, эмаль по металлу, эмаль Polifarb DekoMal, купить алкидную эм

[270/772] 2101-016 — Эмаль Polifarb DekoMal ПФ-115 светло-серая, 2,7 кг [kw]
  ✓ kw: эмаль ПФ-115, алкидная эмаль, эмаль Polifarb DekoMal, светло-серая эмаль, эмаль по металлу

[271/772] 2002-012 — Лента малярная Сталь PRO 30мм х20м, арт. 36108 [kw]
  ✓ kw: малярная лента, малярный скотч, маскирующая лента, купить малярную ленту, малярная лента о

[272/772] 1604-011 — Клей Дивоцвит ПВА Прочный, 1 кг [kw]
  ✓ kw: клей ПВА, столярный клей, клей для дерева, деревянный клей, клей ПВА 1 кг, купить клей ПВА

[273/772] 2101-004 — Эмаль Polifarb DekoMal ПФ-115 белая, 0,9 кг [kw]
  ✓ kw: эмаль ПФ-115, алкидная эмаль, эмаль Polifarb DekoMal, белая эмаль, купить алкидную эмаль, 

[274/772] 2101-039 — Эмаль Polifarb ExtraMal ПФ-115 белая, 0,9 кг [kw]
  ✓ kw: эмаль ПФ-115 белая, алкидная эмаль, эмаль Polifarb ExtraMal, краска по металлу, купить алк

[275/772] 1503-054 — Диск шлифовальный для болгарки самозацепной Титан  [full+kw]
  ✓ kw: шлифовальный круг Титан 125, шлифовальный диск 125 мм, абразивный инструмент, диск для бол

[276/772] 1300-029 — Затирка для швов Ceresit CE40,  07, 1 кг, серый [kw]
  ✓ kw: затирка для швов Ceresit CE40, цементная затирка 1 кг, затирка серая, фуга для плитки, гер

[277/772] 1901-018 — Пластификатор Байрис Заменитель извести,  1 л [full+kw]
  ✓ kw: пластификатор для бетона, пластификатор Байрис, заменитель извести, добавка в бетон, пласт

[278/772] 2100-002 — Грунт-краска Ceresit CT 16, 10 л [kw]
  ✓ kw: грунт-краска Ceresit CT 16, адгезионная грунтовка, бетоноконтакт, грунтовка 10л, купить гр

[279/772] 1901-020 — Пластификатор Байрис Заменитель извести, 10 л [kw]
  ✓ kw: пластификатор для бетона, заменитель извести, добавка в бетон, пластификатор Байрис, пласт

[280/772] 1901-003 — Пластификатор Lotus для бетона,  2 л [kw]
  ✓ kw: пластификатор для бетона, пластификатор Lotus, добавка в бетон, пластификатор 2 л, купить 

[281/772] 1604-012 — Клей Дивоцвит ПВА Прочный, 2 кг [kw]
  ✓ kw: клей ПВА, столярный клей, клей для дерева, деревянный клей, клей ПВА 2 кг, купить клей ПВА

[282/772] 1604-010 — Клей Дивоцвит ПВА Прочный,  250 г [kw]
  ✓ kw: клей ПВА, столярный клей, клей для дерева, деревянный клей, клей ПВА белый, клей ПВА 250 г

[283/772] 1901-006 — Пластификатор Lotus для бетона, противоморозный  1 [kw]
  ✓ kw: пластификатор для бетона, морозостойкий пластификатор, пластификатор Lotus, добавка в бето

[284/772] 1604-007 — Клей водостойкий Lacrysil ПВА D3  0,75 кг [kw]
  ✓ kw: клей ПВА, столярный клей, клей для дерева, деревянный клей, клей ПВА 0,75 кг, купить клей 

[285/772] 1204-011 — Грунт-концентрат 1:4 Polifarb, 1 л [full+kw]
  ✓ kw: грунт-концентрат, грунтовка-концентрат, грунт-концентрат 1:4 Polifarb, грунтовка концентра

[286/772] 2109-022 — Aura Luxpro 10 — Полуматоваяя краска для кухонь и  [full+kw]
  ✓ kw: интерьерная краска, краска для кухни, краска для ванной комнаты, водоэмульсионная краска, 

[287/772] 1205-017 — Шпаклёвка Knauf Полимер финиш, 20 кг [full+kw]
  ✓ kw: шпатлёвка Knauf Полимер финиш, шпатлёвка финишная, шпатлёвка 20 кг, купить шпатлёвку, шпат

[288/772] 2105-010 — Лазурь алкидная Polifarb древозащита, золотая сосн [kw]
  ✓ kw: лазурь алкидная для дерева, лак древозащита золотая сосна, защитный лак для дерева, лак Po

[289/772] 1205-023 — Шпаклёвка Дивоцвит G4 для дерева, 500 г [kw]
  ✓ kw: шпатлёвка для дерева, шпатлёвка Дивоцвит G4, купить шпатлёвку, шпатлёвка 0,5 кг, шпатлёвка

[290/772] 1300-007 — Затирка для швов Ceresit CE33, 120, 2 кг, жасмин [full+kw]
  ✓ kw: затирка для швов Ceresit CE33, цементная затирка 2 кг, затирка жасмин, фуга для плитки, ге

[291/772] 1300-011 — Затирка для швов Ceresit CE33, 125, 2 кг, карамель [kw]
  ✓ kw: затирка для швов Ceresit CE33, цементная затирка 2 кг, затирка карамель, фуга для плитки, 

[292/772] 1300-013 — Затирка для швов Ceresit CE33, 131, 2 кг, темно-ко [kw]
  ✓ kw: затирка для швов Ceresit CE33, цементная затирка 2 кг, затирка темно-коричневая, фуга для 

[293/772] 2109-009 — Aura Lux Pro 3 — Матовая интерьерная краска для ст [full+kw]
  ✓ kw: интерьерная краска, краска для стен, краска для потолков, водоэмульсионная краска, латексн

[294/772] 2101-025 — Эмаль Polifarb DekoMal ПФ-115 темно-серая 0,9 кг [full+kw]
  ✓ kw: эмаль ПФ-115, алкидная эмаль, алкидная эмаль темно-серая, эмаль по металлу, купить алкидну

[295/772] 2101-019 — Эмаль Polifarb DekoMal ПФ-115 серая, 0,9 кг [kw]
  ✓ kw: эмаль ПФ-115, алкидная эмаль, эмаль по металлу, эмаль Polifarb DekoMal, купить алкидную эм

[296/772] 1300-031 — Затирка для швов Ceresit CE40,  10, 1 кг, светло-с [kw]
  ✓ kw: затирка для швов Ceresit CE40, цементная затирка 1 кг, фуга для плитки, герметизация швов,

[297/772] 2004-002 — Лента звукоизоляционная Knauf Dichtungsband, 50 мм [kw]
  ✓ kw: звукоизоляционная лента 50 мм, демпферная лента, лента звукоизоляционная Knauf, купить зву

[298/772] 2101-063 — Эмаль Polifarb ExtraMal ПФ-115 черная, 2,8 кг [full+kw]
  ✓ kw: эмаль ПФ-115, алкидная эмаль, эмаль по металлу, алкидная краска, Polifarb ExtraMal, купить

[299/772] 1503-018 — Диск отрезный по металлу для болгарки (КШМ) Ataman [full+kw]
  ✓ kw: отрезной круг по металлу, диск для болгарки 125 мм, абразивный круг Ataman, купить отрезно

[300/772] 2101-070 — Эмаль акриловая SKYLINE для радиаторов, глянцевая  [kw]
  ✓ kw: акриловая эмаль, эмаль для радиаторов, эмаль SKYLINE, алкидная эмаль, эмаль по металлу, ку

[301/772] 2101-082 — Защита 3 в 1 Polifarb, с молотковым и перламутровы [kw]
  ✓ kw: алкидная эмаль, защита 3 в 1, эмаль по металлу, купить алкидную эмаль, алкидная эмаль 2,0 

[302/772] 1002-002 — Герметик Bitugum для кровли, битумный 310 г [kw]
  ✓ kw: герметик битумный, битумный герметик для кровли, герметик для крыши, кровельный герметик, 

[303/772] 2109-036 — Aura Mattlatex — Матовая латексная краска для стен [full+kw]
  ✓ kw: интерьерная краска, краска для стен, краска для потолков, водоэмульсионная краска, латексн

[304/772] 2101-058 — Эмаль Polifarb ExtraMal ПФ-115 темно-серая, 2,8 кг [full+kw]
  ✓ kw: алкидная эмаль, эмаль ПФ-115, эмаль по металлу, Polifarb ExtraMal, купить алкидную эмаль, 

[305/772] 2105-014 — Лазурь алкидная Polifarb древозащита, палисандр,   [full+kw]
  ✓ kw: лазурь алкидная для дерева, защитный лак палисандр, лак Polifarb, древозащита полуглянцева

[306/772] 2100-025 — Aura Beton Kontakt — Адгезионная грунтовка с кварц [full+kw]
  ✓ kw: бетоноконтакт, адгезионная грунтовка, бетоноконтакт 14 кг, контактная грунтовка, купить бе

[307/772] 1702-045 — Шуруп Knauf Maxi Schraube SB для аквапанели 3,9х25 [kw]
  ✓ kw: саморез, шуруп для аквапанели, крепеж Knauf, саморез 3,9х25, купить саморез, саморез оптом

[308/772] 1300-019 — Затирка для швов Ceresit CE33, 160, 2 кг, мята [kw]
  ✓ kw: затирка для швов Ceresit CE33, цементная затирка 2 кг, затирка мята, фуга для плитки, герм

[309/772] 1300-027 — Затирка для швов Ceresit CE40,  04, 2 кг, серебрис [full+kw]
  ✓ kw: затирка для швов Ceresit CE40, цементная затирка 2 кг, затирка серебристая, фуга для плитк

[310/772] 2109-011 — Aura Lux Pro 3 — Матовая интерьерная краска для ст [full+kw]
  ✓ kw: интерьерная краска, краска для стен, краска для потолков, водоэмульсионная краска, матовая

[311/772] 2101-071 — Эмаль акриловая SKYLINE для радиаторов, глянцевая  [kw]
  ✓ kw: акриловая эмаль для радиаторов, эмаль SKYLINE Lotus, алкидная эмаль, эмаль по металлу, куп

[312/772] 2101-075 — Защита 3 в 1 Polifarb, с молотковым и перламутровы [kw]
  ✓ kw: алкидная эмаль, защита 3 в 1, эмаль по металлу, купить алкидную эмаль, алкидная эмаль 0,7 

[313/772] 1901-022 — Пластификатор Байрис Противоморозный,  5 л [kw]
  ✓ kw: пластификатор для бетона, пластификатор Байрис, добавка в бетон, противоморозный пластифик

[314/772] 2101-069 — Эмаль акриловая SKYLINE для окон и дверей, белая ш [kw]
  ✓ kw: акриловая эмаль, эмаль SKYLINE, эмаль для окон и дверей, эмаль Lotus, купить акриловую эма

[315/772] 2101-078 — Защита 3 в 1 Polifarb, с молотковым и перламутровы [kw]
  ✓ kw: алкидная эмаль, защита 3 в 1, эмаль по металлу, купить алкидную эмаль, алкидная эмаль 2,0 

[316/772] 1300-020 — Затирка для швов Ceresit CE33, 161, 2 кг, нефритов [kw]
  ✓ kw: затирка для швов Ceresit CE33, цементная затирка 2 кг, затирка нефритовая, фуга для плитки

[317/772] 2101-090 — Защита 3 в 1 Polifarb, морская зелень, RAL6005, 0, [kw]
  ✓ kw: алкидная эмаль, эмаль по металлу, защита 3 в 1 Polifarb, купить алкидную эмаль, алкидная э

[318/772] 2101-094 — Защита 3 в 1 Polifarb, серый, RAL7042, 2,5 кг [kw]
  ✓ kw: алкидная эмаль, алкидная эмаль 2,5 кг, защита 3 в 1 Polifarb, эмаль по металлу, купить алк

[319/772] 1503-025 — Диск отрезный по металлу для болгарки (КШМ) Ataman [full+kw]
  ✓ kw: отрезной круг по металлу, диск для болгарки 230 мм, абразивный круг Ataman, купить отрезно

[320/772] 2108-011 — Aura Fasad — Акриловая фасадная краска матовая, 1, [full+kw]
  ✓ kw: фасадная краска, краска для фасада, фасадная краска 1,4 кг, матовая фасадная краска, атмос

[321/772] 2109-041 — Aura Neolatex — Износостойкая глубокоматоваяя крас [full+kw]
  ✓ kw: интерьерная краска, краска для стен, краска для потолков, водоэмульсионная краска, латексн

[322/772] 1300-052 — Затирка для швов Ceresit CE40,  70, 2 кг, зеленый [kw]
  ✓ kw: затирка для швов Ceresit CE40, цементная затирка 2 кг, затирка зеленая, фуга для плитки, г

[323/772] 2101-084 — Защита 3 в 1 Polifarb, с молотковым и перламутровы [kw]
  ✓ kw: алкидная эмаль, защита 3 в 1, эмаль по металлу, купить алкидную эмаль, алкидная эмаль 2,0 

[324/772] 1503-060 — Диск отрезный по металлу для болгарки (КШМ) Ataman [full+kw]
  ✓ kw: отрезной круг по металлу, диск для болгарки 180 мм, абразивный круг Ataman, купить отрезно

[325/772] 1300-022 — Затирка для швов Ceresit CE40,  01, 1 кг, белый [kw]
  ✓ kw: затирка для швов Ceresit CE40, цементная затирка 1 кг, фуга для плитки белая, герметизация

[326/772] 2002-011 — Лента малярная Сталь PRO 25мм х40м, арт. 36102 [kw]
  ✓ kw: малярная лента, малярный скотч, маскирующая лента, купить малярную ленту, малярная лента о

[327/772] 1604-019 — Клей Дивоцвит ПВА-Д, 100 г [kw]
  ✓ kw: клей ПВА, столярный клей, клей для дерева, деревянный клей, клей ПВА 100 г, купить клей ПВ

[328/772] 2105-015 — Лазурь алкидная Polifarb древозащита, темный дуб,  [kw]
  ✓ kw: лазурь алкидная для дерева, защитный лак для дерева, лак Polifarb, древозащита матовая, ла

[329/772] 2108-002 — Краска Polifarb Универсал-Фасад  4,2 кг [full+kw]
  ✓ kw: фасадная краска, краска для фасада, фасадная краска 4,2 кг, универсальная фасадная краска,

[330/772] 1901-027 — Фибра полипропиленовая, 900 г, первичная [kw]
  ✓ kw: фибра полипропиленовая, фибра для бетона, добавка в бетон, фибра полипропиленовая 900 г, к

[331/772] 1204-017 — Aura Koncentrat GammaGrund — Укрепляющая грунтовка [full+kw]
  ✓ kw: укрепляющая грунтовка-концентрат, грунт-концентрат 0,5 л, купить укрепляющую грунтовку, гр

[332/772] 1102-007 — Мастика гидроизолирующая Ceresit CL 51,  3,5 кг [full+kw]
  ✓ kw: гидроизоляционная мастика, мастика гидроизоляция, жидкая гидроизоляция, гидроизоляционная 

[333/772] 1402-012 — Aura Lasur Aqua — Декоративная акриловая лазурь дл [full+kw]
  ✓ kw: декоративная акриловая лазурь для дерева, морилка кипарис, тонирующая пропитка для древеси

[334/772] 1300-028 — Затирка для швов Ceresit CE40,  05, 2 кг, сияющий  [full+kw]
  ✓ kw: затирка для швов Ceresit CE40, цементная затирка 2 кг, фуга для плитки сияющий агат, герме

[335/772] 1402-009 — Aura Lasur Aqua — Декоративная акриловая лазурь дл [full+kw]
  ✓ kw: декоративная акриловая лазурь для дерева, морилка каштан, тонирующая пропитка для древесин

[336/772] 1000-006 — Клей-герметик Lacrysil на основе МС полимеров унив [kw]
  ✓ kw: МС-полимерный герметик, прозрачный клей-герметик, гибридный герметик, клей-герметик универ

[337/772] 1300-034 — Затирка для швов Ceresit CE40,  16, 2 кг, графитов [kw]
  ✓ kw: затирка для швов Ceresit CE40, цементная затирка 2 кг, затирка графитовая, фуга для плитки

[338/772] 2109-039 — Aura Neolatex — Износостойкая глубокоматоваяя крас [full+kw]
  ✓ kw: краска для стен и потолков, водоэмульсионная краска, латексная краска, Aura Neolatex, изно

[339/772] 2107-003 — Растворитель Polifarb ""3 в 1"" прозрачный,  0,4 к [kw]
  ✓ kw: растворитель, растворитель для краски, уайт-спирит, растворитель 400 г, купить растворител

[340/772] 1502-008 — Скобы для степлера строительного 1000 шт10х11.3мм  [kw]
  ✓ kw: скобы для строительного степлера, скобы Т53 10х11.3мм, скобы строительные 1000 штук, купит

[341/772] 1901-002 — Пластификатор Lotus для бетона,  1 л [kw]
  ✓ kw: пластификатор для бетона, пластификатор Lotus, добавка в бетон, пластификатор 1 л, купить 

[342/772] 1300-036 — Затирка для швов Ceresit CE40,  18, 2 кг, черный [kw]
  ✓ kw: затирка для швов Ceresit CE40, цементная затирка 2 кг, затирка чёрная, фуга для плитки, ге

[343/772] 1300-050 — Затирка для швов Ceresit CE40,  64, 2 кг, светло-с [kw]
  ✓ kw: затирка для швов Ceresit CE40, цементная затирка 2 кг, фуга для плитки светло-салатовая, г

[344/772] 1402-007 — Aura Lasur Aqua — Декоративная акриловая лазурь дл [full+kw]
  ✓ kw: декоративная акриловая лазурь для дерева, морилка орех, тонирующая пропитка для древесины,

[345/772] 1300-053 — Затирка для швов Ceresit CE40,  83, 2 кг, синий [kw]
  ✓ kw: затирка для швов Ceresit CE40, цементная затирка 2 кг, затирка синяя, фуга для плитки, гер

[346/772] 1604-020 — Клей Дивоцвит ПВА-Д, 50 г [full+kw]
  ✓ kw: клей ПВА, столярный клей, клей для дерева, деревянный клей, клей ПВА белый, клей ПВА 50 г,

[347/772] 1300-055 — Затирка для швов Ceresit CE40, 145, 2 кг, миндальн [kw]
  ✓ kw: затирка для швов Ceresit CE40, цементная затирка 2 кг, затирка миндальный орех, фуга для п

[348/772] 1204-019 — Aura Koncentrat GammaGrund — Укрепляющая грунтовка [full+kw]
  ✓ kw: грунтовка-концентрат, укрепляющая грунтовка, грунтовка концентрат 3 л, купить грунтовку ко

[349/772] 2108-007 — Краска акриловая Lotus фасадная,  1 л [kw]
  ✓ kw: фасадная краска, краска для фасада, фасадная краска 1 л, краска акриловая Lotus, атмосферо

[350/772] 1000-014 — Пистолет для герметика Сталь, арт. 31105 [full+kw]
  ✓ kw: пистолет для герметика, пистолет для герметика Сталь, монтажный пистолет, строительный пис

[351/772] 1101-009 — Мастика Bitugum клеюще-каучуковаяя,  3 кг [kw]
  ✓ kw: мастика клеюче-каучуковая 3 кг, битумная мастика, мастика кровельная, гидроизоляция фундам

[352/772] 1300-056 — Затирка для швов Шов-1, 1 кг, белый [full+kw]
  ✓ kw: затирка для швов Шов-1, цементная затирка 1 кг, фуга для плитки белая, герметизация швов, 

[353/772] 1401-001 — Антисептик для обработки древесины Lotus,  2 л [kw]
  ✓ kw: антисептик для древесины, защита дерева от гниения, антисептик для дерева 2 л, купить анти

[354/772] 1402-010 — Aura Lasur Aqua — Декоративная акриловая лазурь дл [full+kw]
  ✓ kw: декоративная акриловая лазурь для дерева, морилка каштан, тонирующая пропитка для древесин

[355/772] 1503-002 — Бур Werk Sds-plus  6х100х160 мм [kw]
  ✓ kw: бур SDS-plus 6х100х160 мм, сверло SDS-plus 6х100х160, бур по бетону Werk, купить бур SDS-p

[356/772] 1000-008 — Клей-герметик Pattex HighTack, 440 г [kw]
  ✓ kw: клей-герметик Pattex HighTack, МС-полимерный герметик, гибридный герметик, монтажный клей-

[357/772] 1101-006 — Мастика Bitugum гидроизоляционная,  5 кг [kw]
  ✓ kw: битумная мастика 5 кг, битумная гидроизоляция, мастика кровельная, мастика гидроизоляционн

[358/772] 1101-012 — Мастика Bitugum клеюще-каучуковаяя, 18 кг [kw]
  ✓ kw: мастика битумно-каучуковая 18 кг, битумная мастика 18 кг, мастика кровельная, мастика Bitu

[359/772] 2101-009 — Эмаль Polifarb DekoMal ПФ-115 орех светлый, 0,9 кг [kw]
  ✓ kw: эмаль ПФ-115, алкидная эмаль, эмаль по металлу, эмаль Polifarb DekoMal, купить алкидную эм

[360/772] 1300-030 — Затирка для швов Ceresit CE40,  07, 2 кг, серый [kw]
  ✓ kw: затирка для швов Ceresit CE40, цементная затирка 2 кг, затирка серая, фуга для плитки, гер

[361/772] 1203-015 — Грунтовка Knauf Грундирмиттель, 10 кг [kw]
  ✓ kw: грунтовка Knauf, грундирмиттель, грунтовка 10 кг, грунтовка для стен, грунтовка глубокого 

[362/772] 1402-001 — Aura Lasur Aqua — Декоративная акриловая лазурь дл [full+kw]
  ✓ kw: декоративная акриловая лазурь для дерева, морилка бесцветная, тонирующая пропитка для древ

[363/772] 1701-015 — Дюбель для монтажа изолятора Masterplast 10х160 мм [kw]
  ✓ kw: дюбель для монтажа изолятора, дюбель Masterplast 10х160 мм, дюбель с пластиковым гвоздем, 

[364/772] 1605-010 — Клей монтажный акриловый Lacrysil Жидкие гвозди пр [kw]
  ✓ kw: жидкие гвозди, жидкие гвозди прозрачные, монтажный клей, монтажный клей акриловый, клей дл

[365/772] 1502-010 — Скобы для степлера строительного 1000 шт14х11.3мм  [kw]
  ✓ kw: скобы для строительного степлера, скобы Т53 14х11.3мм, скобы строительные 1000 штук, купит

[366/772] 2109-014 — Aura Luxpro 1 — Абсолютно матоваяя стойкая к мытью [full+kw]
  ✓ kw: интерьерная краска, краска для стен, водоэмульсионная краска, латексная краска, Aura Luxpr

[367/772] 2100-006 — Краска Interior Prestige 5, латексная бархатно-мат [full+kw]
  ✓ kw: краска для стен, интерьерная краска, водоэмульсионная краска, латексная краска, краска 9 л

[368/772] 1300-001 — Затирка для швов Ceresit CE33, 100, 2 кг, белый [kw]
  ✓ kw: затирка для швов Ceresit CE33, цементная затирка 2 кг, затирка белая, фуга для плитки, гер

[369/772] 1503-006 — Диск алмазный по бетону, каменю  TURBO 230 мм, Spi [full+kw]
  ✓ kw: алмазный диск по бетону 230 мм, отрезной круг по камню, диск для болгарки Spitce, купить а

[370/772] 1804-003 — Пена монтажнаяя Lacrysil 65 бытовая 800 мл [kw]
  ✓ kw: пена монтажная Lacrysil 65, пена бытовая 800 мл, купить пену монтажную, пена для окон и дв

[371/772] 1202-003 — Грунт Polifarb DekoMal ГФ-021 серый, 0,9 кг [kw]
  ✓ kw: грунт Polifarb ГФ-021 серый, грунтовка алкидная 0,9 кг, грунт для металла и дерева, грунт 

[372/772] 1503-010 — Диск отрезный по камню для болгарки (КШМ) Ataman 2 [kw]
  ✓ kw: отрезной круг по камню, диск для болгарки 230 мм, абразивный круг Ataman, купить отрезной 

[373/772] 1503-016 — Диск отрезный по металлу для болгарки (КШМ) Ataman [kw]
  ✓ kw: отрезной круг по металлу, диск для болгарки 125 мм, абразивный круг Ataman, купить отрезно

[374/772] 1503-007 — Диск алмазный, для керамики и мрамора 230 мм, Spit [kw]
  ✓ kw: диск алмазный 230 мм, шлифовальный круг по керамике, отрезной диск по мрамору, абразивный 

[375/772] 1503-013 — Диск отрезный по металлу для болгарки (КШМ) Ataman [kw]
  ✓ kw: отрезной круг по металлу, диск для болгарки 115 мм, абразивный круг Ataman, купить отрезно

[376/772] 1503-033 — Диск отрезный по металлу для болгарки (КШМ) Sprut- [kw]
  ✓ kw: отрезной круг по металлу, диск для болгарки 180 мм, абразивный круг Sprut-A Inox, купить о

[377/772] 1503-041 — Диск зачистной для болгарки (КШМ) Ataman 125х6,0х2 [kw]
  ✓ kw: шлифовальный круг Ataman 125 мм, диск для болгарки 125х6, абразивный круг, купить шлифовал

[378/772] 1503-008 — Диск отрезный по камню для болгарки (КШМ) Ataman 1 [kw]
  ✓ kw: отрезной круг по камню, диск для болгарки 115 мм, абразивный круг Ataman, купить отрезной 

[379/772] 1503-014 — Диск отрезный по металлу для болгарки (КШМ) Ataman [kw]
  ✓ kw: отрезной круг по металлу, диск для болгарки 115 мм, абразивный круг Ataman, купить отрезно

[380/772] 1503-034 — Диск отрезный по металлу для болгарки (КШМ) Титан  [kw]
  ✓ kw: отрезной круг по металлу, диск для болгарки 115 мм, абразивный круг Титан, купить отрезной

[381/772] 1702-044 — Шуруп Knauf Diamantschraube XTN 3,9х38 (уп. 1000 ш [full+kw]
  ✓ kw: саморез, шуруп для гипсокартона, крепеж Knauf, саморез 3,9х38, купить саморез, саморез опт

[382/772] 1005-031 — Шов силиконовый Ceresit CS 25, черный, 280 мл [full+kw]
  ✓ kw: герметик силиконовый, герметик Ceresit CS 25 черный, герметик 280 мл, герметизация швов, у

[383/772] 1503-015 — Диск отрезный по металлу для болгарки (КШМ) Ataman [kw]
  ✓ kw: отрезной круг по металлу, диск для болгарки 115 мм, абразивный круг Ataman, купить отрезно

[384/772] 1503-019 — Диск отрезный по металлу для болгарки (КШМ) Ataman [kw]
  ✓ kw: отрезной круг по металлу, диск для болгарки 125 мм, абразивный круг Ataman, купить отрезно

[385/772] 2107-006 — Уайт-спирит-растворитель, 4,7л., РУТА [full+kw]
  ✓ kw: уайт-спирит растворитель РУТА, растворитель 4,7 л, купить растворитель, растворитель оптом

[386/772] 1803-007 — Пена монтажнаяя Lacrysil 60 бытовая 750 мл [full+kw]
  ✓ kw: монтажная пена Lacrysil 60, пена бытовая 750 мл, купить пену монтажную, герметизация щелей

[387/772] 1605-001 — Клей акриловый Lacrysil Ультра Лип для напольных п [kw]
  ✓ kw: клей акриловый Lacrysil Ультра Ліп, клей для напольных покрытий, жидкие гвозди для пола, м

[388/772] 2101-018 — Эмаль Polifarb DekoMal ПФ-115 синяя, 2,7 кг [kw]
  ✓ kw: эмаль ПФ-115, алкидная эмаль, эмаль Polifarb DekoMal, синяя эмаль, эмаль по металлу, купит

[389/772] 2100-023 — Aura Beton Kontakt — Адгезионная грунтовка с кварц [full+kw]
  ✓ kw: бетоноконтакт, адгезионная грунтовка, бетоноконтакт 4 кг, контактная грунтовка, купить бет

[390/772] 1801-004 — Средство Антигрибок DEZI,  500 мл быстрый результа [kw]
  ✓ kw: антигрибок, антиплесень, средство от плесени, фунгицид, антигрибок 500 мл, купить антигриб

[391/772] 1001-010 — Герметик акриловый Lacrysil санитарный белый 280 г [kw]
  ✓ kw: герметик акриловый белый, герметик санитарный, акриловый герметик 280 г, герметик для ванн

[392/772] 1402-008 — Aura Lasur Aqua — Декоративная акриловая лазурь дл [full+kw]
  ✓ kw: декоративная акриловая лазурь для дерева, морилка орех, тонирующая пропитка для древесины,

[393/772] 1503-023 — Диск отрезный по металлу для болгарки (КШМ) Ataman [kw]
  ✓ kw: отрезной круг по металлу, диск для болгарки 180 мм, абразивный круг Ataman, купить отрезно

[394/772] 1503-027 — Диск отрезный по металлу для болгарки (КШМ) Sprut- [kw]
  ✓ kw: отрезной круг по металлу, диск для болгарки 115 мм, абразивный круг Sprut-A, купить отрезн

[395/772] 1600-011 — Клей Pattex Супер с кисточкой, 5 г [kw]
  ✓ kw: суперклей, суперклей с кисточкой, суперклей 5 г, цианакрилатный клей, клей момент, секундн

[396/772] 1600-015 — Клей Siltek Т-80 для плитки,  5 кг [full+kw]
  ✓ kw: клей Siltek Т-80 для плитки, клей для плитки 5 кг, монтажный клей для плитки, клей для кер

[397/772] 2109-017 — Aura Luxpro 7 — Шелково-матоваяя интерьерная краск [full+kw]
  ✓ kw: интерьерная краска, краска для стен, водоэмульсионная краска, латексная краска, Aura Luxpr

[398/772] 1804-002 — Пена монтажнаяя Lacrysil 30 бытовая 320 мл [full+kw]
  ✓ kw: монтажная пена Lacrysil 30, пена бытовая 320 мл, купить пену монтажную, герметизация щелей

[399/772] 2101-055 — Эмаль Polifarb ExtraMal ПФ-115 темно-зеленаяя, 0,9 [kw]
  ✓ kw: эмаль ПФ-115, алкидная эмаль, эмаль по металлу, Polifarb ExtraMal, купить алкидную эмаль, 

[400/772] 1503-024 — Диск отрезный по металлу для болгарки (КШМ) Ataman [kw]
  ✓ kw: отрезной круг по металлу, диск для болгарки 230 мм, абразивный круг Ataman, купить отрезно

[401/772] 1005-028 — Шов силиконовый Ceresit CS 25, серый, 280 мл [kw]
  ✓ kw: силиконовый герметик, герметик Ceresit CS 25, герметик серый, герметизация швов, уплотнени

[402/772] 1100-002 — Лента гидроизоляционная Ceresit CL 152, 120 мм х 5 [kw]
  ✓ kw: гидроизоляционная лента, лента гидроизоляционная Ceresit CL 152, битумная лента, купить ги

[403/772] 1205-004 — Гипс Krumix Г-5, 40 кг [kw]
  ✓ kw: гипс Krumix Г-5, шпатлевка 40 кг, шпатлевка финишная, шпатлевка стартовая, купить шпатлевк

[404/772] 2100-012 — Краска Polifarb Акрилбет для бетонных полов серая, [full+kw]
  ✓ kw: краска для пола, краска для бетонного пола, напольная краска, краска для пола 14 кг, купит

[405/772] 2104-014 — Колорант Polifarb Color Mix арт.17 синий 0,12 л [kw]
  ✓ kw: колорант синий, колорант Polifarb Color Mix арт.17, краситель для краски, пигмент для фарб

[406/772] 1300-009 — Затирка для швов Ceresit CE33, 123, 2 кг, бежевый [kw]
  ✓ kw: затирка для швов Ceresit CE33, цементная затирка 2 кг, фуга для плитки бежевая, герметизац

[407/772] 1503-032 — Диск отрезный по металлу для болгарки (КШМ) Sprut- [kw]
  ✓ kw: отрезной круг по металлу, диск для болгарки 125 мм, диск Sprut-A Inox, абразивный круг для

[408/772] 2101-100 — Защита 3 в 1 Polifarb, шоколадно-коричневый, RAL80 [kw]
  ✓ kw: алкидная эмаль, алкидная краска по металлу, защита 3 в 1, эмаль RAL8017, алкидная эмаль 2,

[409/772] 1202-020 — Грунт-эмаль для дерева, металла и бетона  Lacrysil [kw]
  ✓ kw: грунт-эмаль, грунтовка-эмаль, эмаль-грунтовка, грунт-эмаль для дерева, грунт-эмаль для мет

[410/772] 1503-040 — Диск зачистной для болгарки (КШМ) Ataman 125х6,0х2 [kw]
  ✓ kw: шлифовальный круг, диск для болгарки 125 мм, абразивный круг Ataman, купить шлифовальный д

[411/772] 1203-019 — Грунтовка Siltek E-5 Elastik укрепляющая, 10 л (АК [full+kw]
  ✓ kw: грунтовка Siltek E-5 Elastik, укрепляющая грунтовка, грунтовка 10 л, грунтовка для стен, г

[412/772] 2101-032 — Эмаль Polifarb DekoMal ПФ-115 черная, 2,7 кг [kw]
  ✓ kw: эмаль ПФ-115, алкидная эмаль, эмаль Polifarb DekoMal, эмаль по металлу, чёрная эмаль, купи

[413/772] 2104-004 — Колорант Polifarb Color Mix арт.04 кофейный 0,12 л [kw]
  ✓ kw: колорант кофейный, колорант Polifarb Color Mix арт.04, краситель для краски, пигмент для ф

[414/772] 1203-010 — Грунтовка Ceresit CT 99 антимикробная, 1 л [kw]
  ✓ kw: грунтовка Ceresit CT 99 антимикробная, грунтовка от грибка и плесени, грунтовка для влажны

[415/772] 2002-016 — Лента малярная Сталь PRO 48мм х20м, арт. 36110 [kw]
  ✓ kw: малярная лента, малярный скотч, маскирующая лента, лента малярная Сталь PRO 48мм, купить м

[416/772] 1203-029 — Грунтовка Дивоцвит Смывка высолов, 5 л [kw]
  ✓ kw: грунтовка Дивоцвит Смывка высолов, смывка высолов, удаление высолов, грунтовка 5 л, грунто

[417/772] 1300-004 — Затирка для швов Ceresit CE33, 115, 2 кг, серый це [kw]
  ✓ kw: затирка для швов Ceresit CE33, цементная затирка 2 кг, фуга для плитки серая, герметизация

[418/772] 1300-024 — Затирка для швов Ceresit CE40,  02, 2 кг, нюд [full+kw]
  ✓ kw: затирка для швов Ceresit CE40 нюд, цементная затирка 2 кг, затирка нюд, фуга для плитки, г

[419/772] 1503-046 — Диск лепестковый для болгарки (КШМ) торцевой Титан [full+kw]
  ✓ kw: лепестковый диск для болгарки, шлифовальный круг Титан 125х22, абразивный круг торцевой, к

[420/772] 1503-009 — Диск отрезный по камню для болгарки (КШМ) Ataman 1 [kw]
  ✓ kw: отрезной круг по камню, диск для болгарки 180 мм, абразивный круг Ataman, купить отрезной 

[421/772] 1503-045 — Диск зачистной для болгарки (КШМ) Титан 230х6,0х22 [kw]
  ✓ kw: шлифовальный круг, зачистной диск, абразивный инструмент, диск для болгарки 230 мм, круг ш

[422/772] 1502-006 — Скобы для степлера строительного 1000 шт 6х11.3мм  [kw]
  ✓ kw: скобы для строительного степлера, скобы Т53 6х11,3мм, скобы строительные 1000 штук, купить

[423/772] 1403-002 — Огнебиозащита для древесины Lotus,  2 л [kw]
  ✓ kw: огнебиозащита для древесины, огнебиозащита lotus 2 л, защитное средство для дерева, антисе

[424/772] 1503-003 — Бур Werk Sds-plus  6х200х260 мм [kw]
  ✓ kw: бур SDS-plus 6х200х260 мм, сверло SDS-plus 6х200х260, бур по бетону Werk, купить бур SDS-p

[425/772] 1503-055 — Диск шлифовальный для болгарки самозацепной Титан  [full+kw]
  ✓ kw: шлифовальный круг 125 мм, абразивный инструмент, диск для болгарки, шлифовальный круг само

[426/772] 1600-026 — Клей для плитки Ceresit CM 11 Plus Comfort Gres,   [kw]
  ✓ kw: клей для плитки Ceresit CM 11 Plus Comfort Gres, клей для керамической плитки, клей для ке

[427/772] 1600-009 — Клей Pattex Universal, 120 г [kw]
  ✓ kw: контактный клей, клей Pattex Universal, универсальный клей 120 г, клей для дерева и металл

[428/772] 1000-010 — Пистолет для герметика Budmonster ВМ-D10-LHR [kw]
  ✓ kw: пистолет для герметика, пистолет для герметика Budmonster, монтажный пистолет, строительны

[429/772] 1600-023 — Клей Дивоцвит Golden Drakon, универсальный, 400 г [kw]
  ✓ kw: монтажный клей, клей для монтажа, жидкие гвозди монтажные, клей строительный, монтажный кл

[430/772] 2105-002 — Эмаль Polifarb ExtraMal ПФ-115 голубая, 2,7 кг [kw]
  ✓ kw: эмаль ПФ-115, алкидная эмаль, эмаль Polifarb ExtraMal, купить эмаль для дерева, эмаль по м

[431/772] 2109-021 — Aura Luxpro 10 — Полуматоваяя краска для кухонь и  [full+kw]
  ✓ kw: краска для кухни, краска для ванной, полуматовая краска, водоэмульсионная краска, интерьер

[432/772] 2105-009 — Лазурь алкидная Polifarb древозащита, золотая сосн [kw]
  ✓ kw: лазурь алкидная для дерева, защитный лак для дерева, лак Polifarb, древозащита полуглянцев

[433/772] 1503-048 — Диск шлифовальный для болгарки самозацепной з 8 от [full+kw]
  ✓ kw: шлифовальный круг, шлифовальный диск, абразивный инструмент, диск для болгарки 125 мм, куп

[434/772] 2108-004 — Краска Polifarb Фасад-Ультра  7 кг [full+kw]
  ✓ kw: фасадная краска, краска для фасада, Polifarb Фасад-Ультра 7 кг, атмосферостойкая краска, в

[435/772] 2108-016 — Aura Fasad Expo — Универсальная фасадная и интерье [full+kw]
  ✓ kw: фасадная краска, краска для фасада, Aura Fasad Expo 2,5 л, универсальная фасадная краска, 

[436/772] 2109-033 — Aura Malare — Ультрабелая глубокоматоваяя краска д [full+kw]
  ✓ kw: интерьерная краска, краска для стен, краска для потолков, водоэмульсионная краска, латексн

[437/772] 2108-006 — Краска Siltek Facade Pro, долговечная фасадная. Ба [full+kw]
  ✓ kw: фасадная краска, краска для фасада, Siltek Facade Pro 9 л, атмосферостойкая краска, водоэм

[438/772] 2200-001 — Влагопоглотитель Ceresit Stop влага Aero, 450 г [kw]
  ✓ kw: влагопоглотитель 450 г, осушитель воздуха, поглотитель влаги, Ceresit Stop влага Aero, куп

[439/772] 1402-003 — Aura Lasur Aqua — Декоративная акриловая лазурь дл [full+kw]
  ✓ kw: декоративная акриловая лазурь для дерева, морилка белая, тонирующая пропитка для древесины

[440/772] 1000-001 — Герметик Bitugum стыковой, гермабутил 310 г [kw]
  ✓ kw: герметик гермабутиловый, гермабутиловый герметик, герметик стыковой, герметик для швов, ге

[441/772] 1000-007 — Клей-герметик Pattex Crystall, 290 г [kw]
  ✓ kw: клей-герметик Pattex Crystall, гибридный герметик 290 г, МС-полимерный герметик, клей для 

[442/772] 1600-034 — Клей для плитки CM 11,  5 кг (фасування) [kw]
  ✓ kw: клей для плитки Ceresit CM 11, клей для керамической плитки, монтажный клей для плитки, кл

[443/772] 1000-013 — Пистолет для герметика Сталь, арт. 31102 [kw]
  ✓ kw: пистолет для герметика, пистолет для герметика Сталь, монтажный пистолет, строительный пис

[444/772] 1000-015 — Пистолет для герметика Сталь, арт. 31108 [kw]
  ✓ kw: пистолет для герметика, пистолет для герметика Сталь, монтажный пистолет, строительный пис

[445/772] 1503-021 — Диск отрезный по металлу для болгарки (КШМ) Ataman [kw]
  ✓ kw: отрезной круг по металлу, диск для болгарки 150 мм, абразивный круг Ataman, купить отрезно

[446/772] 1001-004 — Герметик акриловый Lacrysil для монтажных швов «сн [kw]
  ✓ kw: герметик акриловый фасадный, акриловый герметик 7 кг, герметизация монтажных швов, гермети

[447/772] 1001-005 — Герметик акриловый Lacrysil цветной венге 0,4 кг [kw]
  ✗ Ошибка: Error: 400 {"type":"error","error":{"type":"invalid_request_error","message":"You have reached your specified API usage limits. You will regain access on 2026-07-01 at 00:00 UTC."},"request_id":"req_011Cbqnsz3YD7XyA6Fx9Drk3"}

[448/772] 1503-050 — Диск шлифовальный для болгарки самозацепной з 8 от [kw]
  ✗ Ошибка: Error: 400 {"type":"error","error":{"type":"invalid_request_error","message":"You have reached your specified API usage limits. You will regain access on 2026-07-01 at 00:00 UTC."},"request_id":"req_011Cbqnt1fWzxc57GfG3RhVH"}

[449/772] 1600-006 — Клей Pattex Shoe Glue, для обуви, 50 г [kw]
  ✗ Ошибка: Error: 400 {"type":"error","error":{"type":"invalid_request_error","message":"You have reached your specified API usage limits. You will regain access on 2026-07-01 at 00:00 UTC."},"request_id":"req_011Cbqnt2rCuriV6nR1434QA"}

[450/772] 1002-004 — Герметик битумный Ceresit CS 27, черный, 300 мл [kw]
  ✗ Ошибка: Error: 400 {"type":"error","error":{"type":"invalid_request_error","message":"You have reached your specified API usage limits. You will regain access on 2026-07-01 at 00:00 UTC."},"request_id":"req_011Cbqnt45P25cwxf9raAxp4"}

[451/772] 1600-037 — Клей Химик плюс Автоклей 40 мл [full+kw]
  ✗ Ошибка: Error: 400 {"type":"error","error":{"type":"invalid_request_error","message":"You have reached your specified API usage limits. You will regain access on 2026-07-01 at 00:00 UTC."},"request_id":"req_011Cbqnt5LmxZ9jZKysQGmyb"}

[452/772] 1503-030 — Диск отрезный по металлу для болгарки (КШМ) Sprut- [kw]
  ✗ Ошибка: Error: 400 {"type":"error","error":{"type":"invalid_request_error","message":"You have reached your specified API usage limits. You will regain access on 2026-07-01 at 00:00 UTC."},"request_id":"req_011Cbqnt6XxoXYsjktTYbob1"}

[453/772] 1503-028 — Диск отрезный по металлу для болгарки (КШМ) Sprut- [kw]
  ✗ Ошибка: Error: 400 {"type":"error","error":{"type":"invalid_request_error","message":"You have reached your specified API usage limits. You will regain access on 2026-07-01 at 00:00 UTC."},"request_id":"req_011Cbqnt8LMyNEgBrNyTENZB"}

[454/772] 1503-057 — Нож универс. пласт.корпус, мет.направ.18мм лезвие  [full+kw]
  ✗ Ошибка: Error: 400 {"type":"error","error":{"type":"invalid_request_error","message":"You have reached your specified API usage limits. You will regain access on 2026-07-01 at 00:00 UTC."},"request_id":"req_011Cbqnt9mRuHKdQTAfy2u4c"}

[455/772] 1600-013 — Клей Pattex Супер, 3 г [kw]
  ✗ Ошибка: Error: 400 {"type":"error","error":{"type":"invalid_request_error","message":"You have reached your specified API usage limits. You will regain access on 2026-07-01 at 00:00 UTC."},"request_id":"req_011CbqntB4a17B7BbaKrSE12"}

[456/772] 1203-002 — Грунтовка Ceresit CT 17 глубокопроникающая,  5 л [kw]
  ✗ Ошибка: Error: 400 {"type":"error","error":{"type":"invalid_request_error","message":"You have reached your specified API usage limits. You will regain access on 2026-07-01 at 00:00 UTC."},"request_id":"req_011CbqntCJjFaPSLGiaZYN2G"}

[457/772] 1701-017 — Дюбель для монтажа изолятора Masterplast 10х220 мм [kw]
  ✗ Ошибка: Error: 400 {"type":"error","error":{"type":"invalid_request_error","message":"You have reached your specified API usage limits. You will regain access on 2026-07-01 at 00:00 UTC."},"request_id":"req_011CbqntDUgF2BgqzwuyD86y"}

[458/772] 2100-021 — Краска акриловая Lotus для стен и потолка, 10 л [kw]
  ✗ Ошибка: Error: 400 {"type":"error","error":{"type":"invalid_request_error","message":"You have reached your specified API usage limits. You will regain access on 2026-07-01 at 00:00 UTC."},"request_id":"req_011CbqntEhbLGexgb1jh9cSz"}

[459/772] 1001-007 — Герметик акриловый Lacrysil цветной дуб 0,4 кг [kw]
  ✗ Ошибка: Error: 400 {"type":"error","error":{"type":"invalid_request_error","message":"You have reached your specified API usage limits. You will regain access on 2026-07-01 at 00:00 UTC."},"request_id":"req_011CbqntG4ChDEQMVAnJNe3T"}

[460/772] 1005-002 — Герметик силиконовый BudMonster универсальный, 280 [kw]
  ✗ Ошибка: Error: 400 {"type":"error","error":{"type":"invalid_request_error","message":"You have reached your specified API usage limits. You will regain access on 2026-07-01 at 00:00 UTC."},"request_id":"req_011CbqntHQZbpQ62WxMKB7R5"}

[461/772] 1600-031 — Клей для плитки Ceresit CM 117 строительный универ [kw]
  ✗ Ошибка: Error: 400 {"type":"error","error":{"type":"invalid_request_error","message":"You have reached your specified API usage limits. You will regain access on 2026-07-01 at 00:00 UTC."},"request_id":"req_011CbqntJgiDK8gJDKLVs2UT"}

[462/772] 1701-046 — Дюбель для монтажа изолятора Masterplast 10х90мм,  [full+kw]
  ✗ Ошибка: Error: 400 {"type":"error","error":{"type":"invalid_request_error","message":"You have reached your specified API usage limits. You will regain access on 2026-07-01 at 00:00 UTC."},"request_id":"req_011CbqntKwrjUaZskZwGZyLD"}

[463/772] 2109-023 — Aura Luxpro 10 — Полуматоваяя краска для кухонь и  [full+kw]
  ✗ Ошибка: Error: 400 {"type":"error","error":{"type":"invalid_request_error","message":"You have reached your specified API usage limits. You will regain access on 2026-07-01 at 00:00 UTC."},"request_id":"req_011CbqntMB2XbcLtJ3VhGVNP"}

[464/772] 1802-005 — Пена-клей Lacrysil профессиональная '60 секунд' 80 [kw]
  ✗ Ошибка: Error: 400 {"type":"error","error":{"type":"invalid_request_error","message":"You have reached your specified API usage limits. You will regain access on 2026-07-01 at 00:00 UTC."},"request_id":"req_011CbqntNRvzViJJva7i8kLU"}

[465/772] 1502-004 — Пистолет для пены Сталь, FG-3102 [full+kw]
  ✗ Ошибка: Error: 400 {"type":"error","error":{"type":"invalid_request_error","message":"You have reached your specified API usage limits. You will regain access on 2026-07-01 at 00:00 UTC."},"request_id":"req_011CbqntPcsU5hrMC98VpUYE"}

[466/772] 1600-043 — Клей Химконтакт плюс Сапожник, для ремонта обуви 4 [kw]
  ✗ Ошибка: Error: 400 {"type":"error","error":{"type":"invalid_request_error","message":"You have reached your specified API usage limits. You will regain access on 2026-07-01 at 00:00 UTC."},"request_id":"req_011CbqntQsmvUT5HJJGoqR6s"}

[467/772] 1001-011 — Герметик акриловый Lacrysil универсальный белый 0, [kw]
  ✗ Ошибка: Error: 400 {"type":"error","error":{"type":"invalid_request_error","message":"You have reached your specified API usage limits. You will regain access on 2026-07-01 at 00:00 UTC."},"request_id":"req_011CbqntSTXQ2fH92b9GUeqs"}

[468/772] 1005-005 — Герметик силиконовый Ceresit CS 15 Express санитар [kw]
  ✗ Ошибка: Error: 400 {"type":"error","error":{"type":"invalid_request_error","message":"You have reached your specified API usage limits. You will regain access on 2026-07-01 at 00:00 UTC."},"request_id":"req_011CbqntTfCtxnhUKJQtw1Aa"}

[469/772] 1203-004 — Грунтовка Ceresit CT 17 Супер глубокопроникающая,  [kw]
  ✗ Ошибка: Error: 400 {"type":"error","error":{"type":"invalid_request_error","message":"You have reached your specified API usage limits. You will regain access on 2026-07-01 at 00:00 UTC."},"request_id":"req_011CbqntV5HRyjk3dXZv5sEq"}

[470/772] 1601-003 — Клей для стыков обоев Дивоцвит, 250 г [kw]
  ✗ Ошибка: Error: 400 {"type":"error","error":{"type":"invalid_request_error","message":"You have reached your specified API usage limits. You will regain access on 2026-07-01 at 00:00 UTC."},"request_id":"req_011CbqntXAYpFRgf5JsdtMZU"}

[471/772] 1601-005 — Клей для обоев Metylan Винил, 300 г [kw]
  ✗ Ошибка: Error: 400 {"type":"error","error":{"type":"invalid_request_error","message":"You have reached your specified API usage limits. You will regain access on 2026-07-01 at 00:00 UTC."},"request_id":"req_011CbqntYhKRAwW1LawPT8gD"}

[472/772] 2101-001 — Эмаль Polifarb Dekolux белая, 0,7 кг [kw]
  ✗ Ошибка: Error: 400 {"type":"error","error":{"type":"invalid_request_error","message":"You have reached your specified API usage limits. You will regain access on 2026-07-01 at 00:00 UTC."},"request_id":"req_011Cbqnta5fWuyKZFAsgK9pZ"}

[473/772] 1601-017 — Клей для обоев Pattex Винил, 95 г [kw]
  ✗ Ошибка: Error: 400 {"type":"error","error":{"type":"invalid_request_error","message":"You have reached your specified API usage limits. You will regain access on 2026-07-01 at 00:00 UTC."},"request_id":"req_011CbqntbGrRPV3mTT6oNGbo"}

[474/772] 1601-006 — Клей для обоев Metylan Стекловолокно Премиум, 500  [kw]
  ✗ Ошибка: Error: 400 {"type":"error","error":{"type":"invalid_request_error","message":"You have reached your specified API usage limits. You will regain access on 2026-07-01 at 00:00 UTC."},"request_id":"req_011CbqntcWmR4bYvy9CyH71u"}

[475/772] 2105-004 — Эмаль Polifarb ExtraMal ПФ-115 светло-голубая, 2,7 [kw]
  ✗ Ошибка: Error: 400 {"type":"error","error":{"type":"invalid_request_error","message":"You have reached your specified API usage limits. You will regain access on 2026-07-01 at 00:00 UTC."},"request_id":"req_011CbqntdiCVWDQJxKVAWREz"}

[476/772] 1702-113 — Шуруп Knauf Blechschraube LN 3,5х11 (уп. 1000 шт) [full+kw]
  ✗ Ошибка: Error: 400 {"type":"error","error":{"type":"invalid_request_error","message":"You have reached your specified API usage limits. You will regain access on 2026-07-01 at 00:00 UTC."},"request_id":"req_011CbqntevsNeVUdgvpoCMst"}

[477/772] 1601-012 — Клей для обоев Momental Индикатор, 200 г [kw]
  ✗ Ошибка: Error: 400 {"type":"error","error":{"type":"invalid_request_error","message":"You have reached your specified API usage limits. You will regain access on 2026-07-01 at 00:00 UTC."},"request_id":"req_011Cbqntg8Yd4p25iTrPc1Mb"}

[478/772] 1601-010 — Клей для обоев Momental Black, 100 г [kw]
  ✗ Ошибка: Error: 400 {"type":"error","error":{"type":"invalid_request_error","message":"You have reached your specified API usage limits. You will regain access on 2026-07-01 at 00:00 UTC."},"request_id":"req_011CbqnthJzPF9B7U9xJYZVn"}

[479/772] 1005-001 — Герметик силикатный Lacrysil Камины и печи черный  [kw]
  ✗ Ошибка: Error: 400 {"type":"error","error":{"type":"invalid_request_error","message":"You have reached your specified API usage limits. You will regain access on 2026-07-01 at 00:00 UTC."},"request_id":"req_011Cbqntig6FFTmzg2Ks1BtJ"}

[480/772] 1002-003 — Герметик Bitugum для кровли, битумно-каучуковый 31 [full+kw]
  ✗ Ошибка: Error: 400 {"type":"error","error":{"type":"invalid_request_error","message":"You have reached your specified API usage limits. You will regain access on 2026-07-01 at 00:00 UTC."},"request_id":"req_011Cbqntk4grSwhZACyA5Z2h"}

[481/772] 1601-014 — Клей для обоев Momental Флизелин, 200 г [kw]
  ✗ Ошибка: Error: 400 {"type":"error","error":{"type":"invalid_request_error","message":"You have reached your specified API usage limits. You will regain access on 2026-07-01 at 00:00 UTC."},"request_id":"req_011CbqntmGrvmnSnsQj2xSre"}

[482/772] 1005-010 — Герметик силиконовый Ceresit CS 24 универсальный,  [kw]
  ✗ Ошибка: Error: 400 {"type":"error","error":{"type":"invalid_request_error","message":"You have reached your specified API usage limits. You will regain access on 2026-07-01 at 00:00 UTC."},"request_id":"req_011Cbqntnbyxe6BoKuZUr1Fs"}

[483/772] 1601-018 — Клей для обоев Pattex Классик, 190 г [kw]
  ✗ Ошибка: Error: 400 {"type":"error","error":{"type":"invalid_request_error","message":"You have reached your specified API usage limits. You will regain access on 2026-07-01 at 00:00 UTC."},"request_id":"req_011CbqntopAHDnZr4XCZFYTu"}

[484/772] 1601-022 — Клей для обоев Pufas Винил, 200 г [kw]
  ✗ Ошибка: Error: 400 {"type":"error","error":{"type":"invalid_request_error","message":"You have reached your specified API usage limits. You will regain access on 2026-07-01 at 00:00 UTC."},"request_id":"req_011CbqntqXbTMEKwGbrWeqJH"}

[485/772] 1603-016 — Клей универсальный Lacrysil Сумасшедшая липучка ак [kw]
  ✗ Ошибка: Error: 400 {"type":"error","error":{"type":"invalid_request_error","message":"You have reached your specified API usage limits. You will regain access on 2026-07-01 at 00:00 UTC."},"request_id":"req_011Cbqnts5cMfXiiFNDeNkeC"}

[486/772] 1203-001 — Грунтовка Ceresit CT 17 глубокопроникающая,  2 л [kw]
  ✗ Ошибка: Error: 400 {"type":"error","error":{"type":"invalid_request_error","message":"You have reached your specified API usage limits. You will regain access on 2026-07-01 at 00:00 UTC."},"request_id":"req_011Cbqnttc95t2MX5i7rLVgz"}

[487/772] 1005-016 — Герметик силиконовый Lacrysil универсальный белый  [kw]
  ✗ Ошибка: Error: 400 {"type":"error","error":{"type":"invalid_request_error","message":"You have reached your specified API usage limits. You will regain access on 2026-07-01 at 00:00 UTC."},"request_id":"req_011CbqntupKFwfS4cKYgWDoY"}

[488/772] 1601-019 — Клей для обоев Pattex Классик, 95 г [kw]
  ✗ Ошибка: Error: 400 {"type":"error","error":{"type":"invalid_request_error","message":"You have reached your specified API usage limits. You will regain access on 2026-07-01 at 00:00 UTC."},"request_id":"req_011CbqntwAgCp7pKv8R6oxan"}

[489/772] 1603-003 — Клей монтажный Pattex FIX Express, 375 г [kw]
  ✗ Ошибка: Error: 400 {"type":"error","error":{"type":"invalid_request_error","message":"You have reached your specified API usage limits. You will regain access on 2026-07-01 at 00:00 UTC."},"request_id":"req_011CbqntxRaW463ueRKsL2Q6"}

[490/772] 1005-004 — Герметик силиконовый Ceresit CS 15 Express санитар [kw]
  ✗ Ошибка: Error: 400 {"type":"error","error":{"type":"invalid_request_error","message":"You have reached your specified API usage limits. You will regain access on 2026-07-01 at 00:00 UTC."},"request_id":"req_011CbqntygjeW6vh7Npa1Ee8"}

[491/772] 1005-020 — Шов силиконовый Ceresit CS 25, белый, 280 мл [kw]
  ✗ Ошибка: Error: 400 {"type":"error","error":{"type":"invalid_request_error","message":"You have reached your specified API usage limits. You will regain access on 2026-07-01 at 00:00 UTC."},"request_id":"req_011CbqntzsRg5oc7iUWKmxrW"}

[492/772] 1005-024 — Шов силиконовый Ceresit CS 25, миндальный орех, 28 [kw]
  ✗ Ошибка: Error: 400 {"type":"error","error":{"type":"invalid_request_error","message":"You have reached your specified API usage limits. You will regain access on 2026-07-01 at 00:00 UTC."},"request_id":"req_011Cbqnu24rd4kfm9KAdCiHM"}

[493/772] 1005-011 — Герметик силиконовый Lacrysil санитарный белый 0,2 [kw]
  ✗ Ошибка: Error: 400 {"type":"error","error":{"type":"invalid_request_error","message":"You have reached your specified API usage limits. You will regain access on 2026-07-01 at 00:00 UTC."},"request_id":"req_011Cbqnu3FJDpcUZi9Qc4Lfc"}

[494/772] 1601-025 — Клей для обоев Quelyd Винил, 300 г [kw]
  ✗ Ошибка: Error: 400 {"type":"error","error":{"type":"invalid_request_error","message":"You have reached your specified API usage limits. You will regain access on 2026-07-01 at 00:00 UTC."},"request_id":"req_011Cbqnu4bAD3FD9tQSv8KKQ"}

[495/772] 1300-003 — Затирка для швов Ceresit CE33, 114, 2 кг, серый [kw]
  ✗ Ошибка: Error: 400 {"type":"error","error":{"type":"invalid_request_error","message":"You have reached your specified API usage limits. You will regain access on 2026-07-01 at 00:00 UTC."},"request_id":"req_011Cbqnu5nqro25REVMNPVfS"}

[496/772] 1603-008 — Клей монтажный акриловый Lacrysil Для декору  0,4  [kw]
  ✗ Ошибка: Error: 400 {"type":"error","error":{"type":"invalid_request_error","message":"You have reached your specified API usage limits. You will regain access on 2026-07-01 at 00:00 UTC."},"request_id":"req_011Cbqnu73FeUNKwVQK5CbdL"}

[497/772] 1005-019 — Шов силиконовый Ceresit CS 25, багама, 280 мл [kw]
  ✗ Ошибка: Error: 400 {"type":"error","error":{"type":"invalid_request_error","message":"You have reached your specified API usage limits. You will regain access on 2026-07-01 at 00:00 UTC."},"request_id":"req_011Cbqnu8HfAZVqikAHGqkaY"}

[498/772] 1005-023 — Шов силиконовый Ceresit CS 25, карамель, 280 мл [kw]
  ✗ Ошибка: Error: 400 {"type":"error","error":{"type":"invalid_request_error","message":"You have reached your specified API usage limits. You will regain access on 2026-07-01 at 00:00 UTC."},"request_id":"req_011Cbqnu9VLYMReoJTtoNVka"}

[499/772] 1604-008 — Клей водостойкий Lacrysil ПВА D3  2 кг [full+kw]
  ✗ Ошибка: Error: 400 {"type":"error","error":{"type":"invalid_request_error","message":"You have reached your specified API usage limits. You will regain access on 2026-07-01 at 00:00 UTC."},"request_id":"req_011CbqnuAmynvAv1sZSYVqEh"}

[500/772] 1005-009 — Герметик силиконовый Ceresit CS 24 универсальный,  [kw]
  ✗ Ошибка: Error: 400 {"type":"error","error":{"type":"invalid_request_error","message":"You have reached your specified API usage limits. You will regain access on 2026-07-01 at 00:00 UTC."},"request_id":"req_011CbqnuDMWNmizvoboSj9Yj"}

[501/772] 1603-015 — Клей универсальный Lacrysil Сумасшедшая липучка ак [kw]
  ✗ Ошибка: Error: 400 {"type":"error","error":{"type":"invalid_request_error","message":"You have reached your specified API usage limits. You will regain access on 2026-07-01 at 00:00 UTC."},"request_id":"req_011CbqnuFL56nHheGKsBpLXF"}

[502/772] 1005-013 — Герметик силиконовый Lacrysil санитарный прозрачны [kw]
  ✗ Ошибка: Error: 400 {"type":"error","error":{"type":"invalid_request_error","message":"You have reached your specified API usage limits. You will regain access on 2026-07-01 at 00:00 UTC."},"request_id":"req_011CbqnuGWGRwhLy4iDSxUbb"}

[503/772] 1005-017 — Герметик силиконовый Lacrysil универсальный прозра [kw]
  ✗ Ошибка: Error: 400 {"type":"error","error":{"type":"invalid_request_error","message":"You have reached your specified API usage limits. You will regain access on 2026-07-01 at 00:00 UTC."},"request_id":"req_011CbqnuHmfd6SZyjyKK2hsj"}

[504/772] 2101-066 — Эмаль Polifarb ExtraMal ПФ-266 красно-коричневаяя, [kw]
  ✗ Ошибка: Error: 400 {"type":"error","error":{"type":"invalid_request_error","message":"You have reached your specified API usage limits. You will regain access on 2026-07-01 at 00:00 UTC."},"request_id":"req_011CbqnuKgkzWphSkMdg4zwt"}

[505/772] 1603-004 — Клей монтажный Pattex FIX Power, 385 г [kw]
  ✗ Ошибка: Error: 400 {"type":"error","error":{"type":"invalid_request_error","message":"You have reached your specified API usage limits. You will regain access on 2026-07-01 at 00:00 UTC."},"request_id":"req_011CbqnuLthA8gwDEYrEz7WG"}

[506/772] 1603-009 — Клей монтажный акриловый Lacrysil Супер монтаж бел [kw]
  ✗ Ошибка: Error: 400 {"type":"error","error":{"type":"invalid_request_error","message":"You have reached your specified API usage limits. You will regain access on 2026-07-01 at 00:00 UTC."},"request_id":"req_011CbqnuN5sVuV7DvZUGpXqJ"}

[507/772] 1005-026 — Шов силиконовый Ceresit CS 25, светло-серый, 280 м [kw]
  ✗ Ошибка: Error: 400 {"type":"error","error":{"type":"invalid_request_error","message":"You have reached your specified API usage limits. You will regain access on 2026-07-01 at 00:00 UTC."},"request_id":"req_011CbqnuPHZ4yPybsh7yhYxT"}

[508/772] 1005-030 — Шов силиконовый Ceresit CS 25, темно-коричневый, 2 [kw]
  ✗ Ошибка: Error: 400 {"type":"error","error":{"type":"invalid_request_error","message":"You have reached your specified API usage limits. You will regain access on 2026-07-01 at 00:00 UTC."},"request_id":"req_011CbqnuQUVkSxAUphH33KLG"}

[509/772] 1604-005 — Клей Pattex Супер ПВА, Д3, 750 г [kw]
  ✗ Ошибка: Error: 400 {"type":"error","error":{"type":"invalid_request_error","message":"You have reached your specified API usage limits. You will regain access on 2026-07-01 at 00:00 UTC."},"request_id":"req_011CbqnuRiuSsXR18BXp39Ms"}

[510/772] 1101-003 — Мастика Bitugum битумно-каучуковаяя,  5 кг [kw]
  ✗ Ошибка: Error: 400 {"type":"error","error":{"type":"invalid_request_error","message":"You have reached your specified API usage limits. You will regain access on 2026-07-01 at 00:00 UTC."},"request_id":"req_011CbqnuSuqnhKPhFshiRuQy"}

[511/772] 1005-025 — Шов силиконовый Ceresit CS 25, ореховый, 280 мл [kw]
  ✗ Ошибка: Error: 400 {"type":"error","error":{"type":"invalid_request_error","message":"You have reached your specified API usage limits. You will regain access on 2026-07-01 at 00:00 UTC."},"request_id":"req_011CbqnuV26EgScwTT5GBAAN"}

[512/772] 1603-018 — Клей универсальный Lacrysil Сумасшедшая липучка ак [kw]
  ✗ Ошибка: Error: 400 {"type":"error","error":{"type":"invalid_request_error","message":"You have reached your specified API usage limits. You will regain access on 2026-07-01 at 00:00 UTC."},"request_id":"req_011CbqnuWD2M4QyHKeg65q7w"}

[513/772] 1606-002 — Клей Pattex Супер мини трио гель, 3х1 г [kw]
  ✗ Ошибка: Error: 400 {"type":"error","error":{"type":"invalid_request_error","message":"You have reached your specified API usage limits. You will regain access on 2026-07-01 at 00:00 UTC."},"request_id":"req_011CbqnuXNipG3RERaqfvDXp"}

[514/772] 1701-012 — Дюбель для монтажа изолятора Masterplast 10х140 мм [kw]
  ✗ Ошибка: Error: 400 {"type":"error","error":{"type":"invalid_request_error","message":"You have reached your specified API usage limits. You will regain access on 2026-07-01 at 00:00 UTC."},"request_id":"req_011CbqnuYYfpGTcFjvpaxF14"}

[515/772] 1202-011 — Грунт Polifarb ГФ-021 Extra Mal серый, 2,8 кг [full+kw]
  ✗ Ошибка: Error: 400 {"type":"error","error":{"type":"invalid_request_error","message":"You have reached your specified API usage limits. You will regain access on 2026-07-01 at 00:00 UTC."},"request_id":"req_011CbqnuZisBkyQ2sJijPaBJ"}

[516/772] 1901-014 — Пластификатор Weco Противоморозный, 10 л [full+kw]
  ✗ Ошибка: Error: 400 {"type":"error","error":{"type":"invalid_request_error","message":"You have reached your specified API usage limits. You will regain access on 2026-07-01 at 00:00 UTC."},"request_id":"req_011CbqnuauJUhNsQmDMWdkSd"}

[517/772] 2000-001 — Монтажна лента Pattex, 1,5 м, 120 кг [kw]
  ✗ Ошибка: Error: 400 {"type":"error","error":{"type":"invalid_request_error","message":"You have reached your specified API usage limits. You will regain access on 2026-07-01 at 00:00 UTC."},"request_id":"req_011Cbqnuc8DnS2hUWTbDL3aJ"}

[518/772] 2001-004 — Герметизирующая лента Aqua Protect (LT) 150*1.5, 3 [full+kw]
  ✗ Ошибка: Error: 400 {"type":"error","error":{"type":"invalid_request_error","message":"You have reached your specified API usage limits. You will regain access on 2026-07-01 at 00:00 UTC."},"request_id":"req_011CbqnudHvRS9532zUc3Toc"}

[519/772] 2100-019 — Краска акриловая Lotus для стен и потолка,  3 л [kw]
  ✗ Ошибка: Error: 400 {"type":"error","error":{"type":"invalid_request_error","message":"You have reached your specified API usage limits. You will regain access on 2026-07-01 at 00:00 UTC."},"request_id":"req_011Cbqnuei13DGZUWdLGcNuQ"}

[520/772] 2002-017 — Лента малярная Сталь PRO 48мм х40м, арт. 36105 [kw]
  ✗ Ошибка: Error: 400 {"type":"error","error":{"type":"invalid_request_error","message":"You have reached your specified API usage limits. You will regain access on 2026-07-01 at 00:00 UTC."},"request_id":"req_011CbqnufuBpoD84J1xyyeEo"}

[521/772] 2100-018 — Краска акриловая Lotus для стен и потолка,  1 л [kw]
  ✗ Ошибка: Error: 400 {"type":"error","error":{"type":"invalid_request_error","message":"You have reached your specified API usage limits. You will regain access on 2026-07-01 at 00:00 UTC."},"request_id":"req_011Cbqnuh8rKZ6J9EWUdJSis"}

[522/772] 2100-020 — Краска акриловая Lotus для стен и потолка,  5 л [kw]
  ✗ Ошибка: Error: 400 {"type":"error","error":{"type":"invalid_request_error","message":"You have reached your specified API usage limits. You will regain access on 2026-07-01 at 00:00 UTC."},"request_id":"req_011CbqnuiN2MRJhopHgTVBoc"}

[523/772] 2101-017 — Эмаль Polifarb DekoMal ПФ-115 синяя, 0,9 кг [kw]
  ✗ Ошибка: Error: 400 {"type":"error","error":{"type":"invalid_request_error","message":"You have reached your specified API usage limits. You will regain access on 2026-07-01 at 00:00 UTC."},"request_id":"req_011CbqnujXDko9i7Q1bZodWZ"}

[524/772] 2101-029 — Эмаль Polifarb DekoMal ПФ-115 красно-коричневаяя,  [full+kw]
  ✗ Ошибка: Error: 400 {"type":"error","error":{"type":"invalid_request_error","message":"You have reached your specified API usage limits. You will regain access on 2026-07-01 at 00:00 UTC."},"request_id":"req_011CbqnukjeSkMPu7FyxVWd2"}

[525/772] 2101-046 — Эмаль Polifarb ExtraMal ПФ-115 коричнево-шоколадна [kw]
  ✗ Ошибка: Error: 400 {"type":"error","error":{"type":"invalid_request_error","message":"You have reached your specified API usage limits. You will regain access on 2026-07-01 at 00:00 UTC."},"request_id":"req_011CbqnumvLbhNtwmTnQe3P4"}

[526/772] 1600-014 — Клей Perlfix для гипсокартонных плит, 5 кг (фасува [kw]
  ✗ Ошибка: Error: 400 {"type":"error","error":{"type":"invalid_request_error","message":"You have reached your specified API usage limits. You will regain access on 2026-07-01 at 00:00 UTC."},"request_id":"req_011CbqnuoAFKKimr72PHDEsc"}

[527/772] 2101-005 — Эмаль Polifarb DekoMal ПФ-115 белая, 2,7 кг [kw]
  ✗ Ошибка: Error: 400 {"type":"error","error":{"type":"invalid_request_error","message":"You have reached your specified API usage limits. You will regain access on 2026-07-01 at 00:00 UTC."},"request_id":"req_011CbqnupReXQtHjfwf3yX8M"}

[528/772] 2101-023 — Эмаль Polifarb DekoMal ПФ-115 темно коричневая, 0, [full+kw]
  ✗ Ошибка: Error: 400 {"type":"error","error":{"type":"invalid_request_error","message":"You have reached your specified API usage limits. You will regain access on 2026-07-01 at 00:00 UTC."},"request_id":"req_011CbqnuqfKDLFs2i8jZgZT3"}

[529/772] 2101-048 — Эмаль Polifarb ExtraMal ПФ-115 светло-зеленаяя, 0, [kw]
  ✗ Ошибка: Error: 400 {"type":"error","error":{"type":"invalid_request_error","message":"You have reached your specified API usage limits. You will regain access on 2026-07-01 at 00:00 UTC."},"request_id":"req_011CbqnurwxPLaCrzLKCbrQD"}

[530/772] 2100-007 — Краска Polifarb ExtraLatex  1,4 кг [kw]
  ✗ Ошибка: Error: 400 {"type":"error","error":{"type":"invalid_request_error","message":"You have reached your specified API usage limits. You will regain access on 2026-07-01 at 00:00 UTC."},"request_id":"req_011Cbqnut9dkfL4NZeFanpUL"}

[531/772] 2101-047 — Эмаль Polifarb ExtraMal ПФ-115 коричнево-шоколадна [full+kw]
  ✗ Ошибка: Error: 400 {"type":"error","error":{"type":"invalid_request_error","message":"You have reached your specified API usage limits. You will regain access on 2026-07-01 at 00:00 UTC."},"request_id":"req_011CbqnuuLKZCyCrZFrVerdR"}

[532/772] 2101-049 — Эмаль Polifarb ExtraMal ПФ-115 светло-серая, 0,9 к [kw]
  ✗ Ошибка: Error: 400 {"type":"error","error":{"type":"invalid_request_error","message":"You have reached your specified API usage limits. You will regain access on 2026-07-01 at 00:00 UTC."},"request_id":"req_011CbqnuvYziD2vPU66x7GPQ"}

[533/772] 2101-086 — Защита 3 в 1 Polifarb, с молотковым и перламутровы [kw]
  ✗ Ошибка: Error: 400 {"type":"error","error":{"type":"invalid_request_error","message":"You have reached your specified API usage limits. You will regain access on 2026-07-01 at 00:00 UTC."},"request_id":"req_011Cbqnuwou6TiNZTyfiDsq3"}

[534/772] 2101-062 — Эмаль Polifarb ExtraMal ПФ-115 красно-коричневаяя, [kw]
  ✗ Ошибка: Error: 400 {"type":"error","error":{"type":"invalid_request_error","message":"You have reached your specified API usage limits. You will regain access on 2026-07-01 at 00:00 UTC."},"request_id":"req_011Cbqnuy4oqsR92ksMsw2cx"}

[535/772] 2101-059 — Эмаль Polifarb ExtraMal ПФ-115 красная, 0,9 кг [full+kw]
  ✗ Ошибка: Error: 400 {"type":"error","error":{"type":"invalid_request_error","message":"You have reached your specified API usage limits. You will regain access on 2026-07-01 at 00:00 UTC."},"request_id":"req_011CbqnuzKiERvzVjS5pnU3W"}

[536/772] 2101-068 — Эмаль акриловая SKYLINE для окон и дверей, белая ш [kw]
  ✗ Ошибка: Error: 400 {"type":"error","error":{"type":"invalid_request_error","message":"You have reached your specified API usage limits. You will regain access on 2026-07-01 at 00:00 UTC."},"request_id":"req_011Cbqnv1VARbN2kAAF6RByD"}

[537/772] 2101-072 — Защита 3 в 1 Polifarb, белый, 0,9 кг [kw]
  ✗ Ошибка: Error: 400 {"type":"error","error":{"type":"invalid_request_error","message":"You have reached your specified API usage limits. You will regain access on 2026-07-01 at 00:00 UTC."},"request_id":"req_011Cbqnv2iactq7vU7cdqmBS"}

[538/772] 2101-073 — Защита 3 в 1 Polifarb, белый, 2,7 кг [full+kw]
  ✗ Ошибка: Error: 400 {"type":"error","error":{"type":"invalid_request_error","message":"You have reached your specified API usage limits. You will regain access on 2026-07-01 at 00:00 UTC."},"request_id":"req_011Cbqnv3tmgT8KNDMUaSkrS"}

[539/772] 1600-017 — Клей Siltek Т-801 для плитки и камня универсальный [full+kw]
  ✗ Ошибка: Error: 400 {"type":"error","error":{"type":"invalid_request_error","message":"You have reached your specified API usage limits. You will regain access on 2026-07-01 at 00:00 UTC."},"request_id":"req_011Cbqnv58ga21LkRJ5Uyp38"}

[540/772] 1901-024 — Пластификатор Байрис Теплый пол,  1 л [kw]
  ✗ Ошибка: Error: 400 {"type":"error","error":{"type":"invalid_request_error","message":"You have reached your specified API usage limits. You will regain access on 2026-07-01 at 00:00 UTC."},"request_id":"req_011Cbqnv6LN2TRSceoPaz6NP"}

[541/772] 1005-027 — Шов силиконовый Ceresit CS 25, серебристый, 280 мл [kw]
  ✗ Ошибка: Error: 400 {"type":"error","error":{"type":"invalid_request_error","message":"You have reached your specified API usage limits. You will regain access on 2026-07-01 at 00:00 UTC."},"request_id":"req_011Cbqnv7Ynkngk2YjsWZQdn"}

[542/772] 2101-079 — Защита 3 в 1 Polifarb, с молотковым и перламутровы [kw]
  ✗ Ошибка: Error: 400 {"type":"error","error":{"type":"invalid_request_error","message":"You have reached your specified API usage limits. You will regain access on 2026-07-01 at 00:00 UTC."},"request_id":"req_011CbqnvAAYnUD18ULnQrRQJ"}

[543/772] 1300-015 — Затирка для швов Ceresit CE33, 134, 2 кг, клинкер [kw]
  ✗ Ошибка: Error: 400 {"type":"error","error":{"type":"invalid_request_error","message":"You have reached your specified API usage limits. You will regain access on 2026-07-01 at 00:00 UTC."},"request_id":"req_011CbqnvBvTwMw8SUMPUPSki"}

[544/772] 1901-025 — Пластификатор Байрис Теплый пол,  5 л [kw]
  ✗ Ошибка: Error: 400 {"type":"error","error":{"type":"invalid_request_error","message":"You have reached your specified API usage limits. You will regain access on 2026-07-01 at 00:00 UTC."},"request_id":"req_011CbqnvDGq2tNKjqSR21Tqr"}

[545/772] 1300-026 — Затирка для швов Ceresit CE40,  04, 1 кг, серебрис [kw]
  ✗ Ошибка: Error: 400 {"type":"error","error":{"type":"invalid_request_error","message":"You have reached your specified API usage limits. You will regain access on 2026-07-01 at 00:00 UTC."},"request_id":"req_011CbqnvEVFe1rJDUSV5rzTk"}

[546/772] 1802-007 — Пена-клей Pattex 6 в 1 профессиональная 750 мл [kw]
  ✗ Ошибка: Error: 400 {"type":"error","error":{"type":"invalid_request_error","message":"You have reached your specified API usage limits. You will regain access on 2026-07-01 at 00:00 UTC."},"request_id":"req_011CbqnvFrrAFF3cEGhX9UE4"}

[547/772] 1300-042 — Затирка для швов Ceresit CE40,  41, 2 кг, натура [kw]
  ✗ Ошибка: Error: 400 {"type":"error","error":{"type":"invalid_request_error","message":"You have reached your specified API usage limits. You will regain access on 2026-07-01 at 00:00 UTC."},"request_id":"req_011CbqnvHEhJ9VdGpXmimw7S"}

[548/772] 1601-020 — Клей для обоев Pattex Флизелин, 250 г [kw]
  ✗ Ошибка: Error: 400 {"type":"error","error":{"type":"invalid_request_error","message":"You have reached your specified API usage limits. You will regain access on 2026-07-01 at 00:00 UTC."},"request_id":"req_011CbqnvJYLBwc9RdDW7poz7"}

[549/772] 2101-074 — Защита 3 в 1 Polifarb, красно-коричневый, RAL8012, [kw]
  ✗ Ошибка: Error: 400 {"type":"error","error":{"type":"invalid_request_error","message":"You have reached your specified API usage limits. You will regain access on 2026-07-01 at 00:00 UTC."},"request_id":"req_011CbqnvKkWRUr99juz2thMG"}

[550/772] 2101-080 — Защита 3 в 1 Polifarb, с молотковым и перламутровы [kw]
  ✗ Ошибка: Error: 400 {"type":"error","error":{"type":"invalid_request_error","message":"You have reached your specified API usage limits. You will regain access on 2026-07-01 at 00:00 UTC."},"request_id":"req_011CbqnvLxBsKXbKL2QEfvfZ"}

[551/772] 2101-088 — Защита 3 в 1 Polifarb, с молотковым и перламутровы [kw]
  ✗ Ошибка: Error: 400 {"type":"error","error":{"type":"invalid_request_error","message":"You have reached your specified API usage limits. You will regain access on 2026-07-01 at 00:00 UTC."},"request_id":"req_011CbqnvN98DtghEoNB2FYyX"}

[552/772] 1601-015 — Клей для обоев Momental, для всех видов обоев, 200 [kw]
  ✗ Ошибка: Error: 400 {"type":"error","error":{"type":"invalid_request_error","message":"You have reached your specified API usage limits. You will regain access on 2026-07-01 at 00:00 UTC."},"request_id":"req_011CbqnvPPXpZbDNt6APWiyE"}

[553/772] 1601-013 — Клей для обоев Momental Универсал Premium, 250 г [full+kw]
  ✗ Ошибка: Error: 400 {"type":"error","error":{"type":"invalid_request_error","message":"You have reached your specified API usage limits. You will regain access on 2026-07-01 at 00:00 UTC."},"request_id":"req_011CbqnvQcTZQh97cSpRtDYh"}

[554/772] 1601-028 — Клей для обоев КМЦ-Н, 125 г [full+kw]
  ✗ Ошибка: Error: 400 {"type":"error","error":{"type":"invalid_request_error","message":"You have reached your specified API usage limits. You will regain access on 2026-07-01 at 00:00 UTC."},"request_id":"req_011CbqnvRmALfBHQ5pLTRGHw"}

[555/772] 2108-003 — Краска Polifarb Универсал-Фасад  7 кг [full+kw]
  ✗ Ошибка: Error: 400 {"type":"error","error":{"type":"invalid_request_error","message":"You have reached your specified API usage limits. You will regain access on 2026-07-01 at 00:00 UTC."},"request_id":"req_011CbqnvSxbULtqqqWCydigi"}

[556/772] 1601-023 — Клей для обоев Pufas Флизелин, 200 г [kw]
  ✗ Ошибка: Error: 400 {"type":"error","error":{"type":"invalid_request_error","message":"You have reached your specified API usage limits. You will regain access on 2026-07-01 at 00:00 UTC."},"request_id":"req_011CbqnvUGUTgDoCfxNPjR5Q"}

[557/772] 1102-006 — Гидроизоляция Siltek Prooflex високоеластична одно [kw]
  ✗ Ошибка: Error: 400 {"type":"error","error":{"type":"invalid_request_error","message":"You have reached your specified API usage limits. You will regain access on 2026-07-01 at 00:00 UTC."},"request_id":"req_011CbqnvVYNbESVfS4H3nYfJ"}

[558/772] 1300-041 — Затирка для швов Ceresit CE40,  40, 2 кг, жасминов [kw]
  ✗ Ошибка: Error: 400 {"type":"error","error":{"type":"invalid_request_error","message":"You have reached your specified API usage limits. You will regain access on 2026-07-01 at 00:00 UTC."},"request_id":"req_011CbqnvWnHcKemynrJrkm8i"}

[559/772] 1100-004 — Лента гидроизоляционная Knauf Флехендихтбанд, 120  [kw]
  ✗ Ошибка: Error: 400 {"type":"error","error":{"type":"invalid_request_error","message":"You have reached your specified API usage limits. You will regain access on 2026-07-01 at 00:00 UTC."},"request_id":"req_011CbqnvXwjg8trYQ2ep7KQo"}

[560/772] 1104-005 — Праймер Bitugum битумно-каучуковый, 18 л [kw]
  ✗ Ошибка: Error: 400 {"type":"error","error":{"type":"invalid_request_error","message":"You have reached your specified API usage limits. You will regain access on 2026-07-01 at 00:00 UTC."},"request_id":"req_011CbqnvZ6gxY3FBXKrEnbZY"}

[561/772] 1604-001 — Клей Pattex Столяр, 125 г [kw]
  ✗ Ошибка: Error: 400 {"type":"error","error":{"type":"invalid_request_error","message":"You have reached your specified API usage limits. You will regain access on 2026-07-01 at 00:00 UTC."},"request_id":"req_011CbqnvaJ7fUenfe1JXGKyZ"}

[562/772] 1601-027 — Клей для обоев Quelyd Флизелин, 300 г [kw]
  ✗ Ошибка: Error: 400 {"type":"error","error":{"type":"invalid_request_error","message":"You have reached your specified API usage limits. You will regain access on 2026-07-01 at 00:00 UTC."},"request_id":"req_011CbqnvbWo7bk9QBQKk2JvE"}

[563/772] 2100-015 — Краска Polifarb Екокраска  7 кг [full+kw]
  ✗ Ошибка: Error: 400 {"type":"error","error":{"type":"invalid_request_error","message":"You have reached your specified API usage limits. You will regain access on 2026-07-01 at 00:00 UTC."},"request_id":"req_011Cbqnvd2L7bW7ttqe3y4cd"}

[564/772] 1202-014 — Грунт-эмаль для дерева, металла и бетона  Lacrysil [full+kw]
  ✗ Ошибка: Error: 400 {"type":"error","error":{"type":"invalid_request_error","message":"You have reached your specified API usage limits. You will regain access on 2026-07-01 at 00:00 UTC."},"request_id":"req_011CbqnveFF8jH6PgVJQ67t9"}

[565/772] 1101-005 — Мастика Bitugum гидроизоляционная,  3 кг [kw]
  ✗ Ошибка: Error: 400 {"type":"error","error":{"type":"invalid_request_error","message":"You have reached your specified API usage limits. You will regain access on 2026-07-01 at 00:00 UTC."},"request_id":"req_011CbqnvfUAu7D3kzdsqkJ5P"}

[566/772] 2101-095 — Защита 3 в 1 Polifarb, синий, RAL5017, 0,9 кг [kw]
  ✗ Ошибка: Error: 400 {"type":"error","error":{"type":"invalid_request_error","message":"You have reached your specified API usage limits. You will regain access on 2026-07-01 at 00:00 UTC."},"request_id":"req_011Cbqnvgr23c6Z3kL2nhUZF"}

[567/772] 1205-014 — Шпаклёвка Knauf Multi-Finish, 5 кг (фасування) [kw]
  ✗ Ошибка: Error: 400 {"type":"error","error":{"type":"invalid_request_error","message":"You have reached your specified API usage limits. You will regain access on 2026-07-01 at 00:00 UTC."},"request_id":"req_011Cbqnvi6fpvzemzJCGhg1w"}

[568/772] 2101-096 — Защита 3 в 1 Polifarb, темно-зеленый,  0,9 кг [kw]
  ✗ Ошибка: Error: 400 {"type":"error","error":{"type":"invalid_request_error","message":"You have reached your specified API usage limits. You will regain access on 2026-07-01 at 00:00 UTC."},"request_id":"req_011CbqnvjML9eLdxLX5g6QjC"}

[569/772] 2105-008 — Лазурь алкидная Polifarb древозащита, орех,  2,2 к [kw]
  ✗ Ошибка: Error: 400 {"type":"error","error":{"type":"invalid_request_error","message":"You have reached your specified API usage limits. You will regain access on 2026-07-01 at 00:00 UTC."},"request_id":"req_011Cbqnvka1A76quS4wBaa7a"}

[570/772] 2101-099 — Защита 3 в 1 Polifarb, шоколадно-коричневый, RAL80 [kw]
  ✗ Ошибка: Error: 400 {"type":"error","error":{"type":"invalid_request_error","message":"You have reached your specified API usage limits. You will regain access on 2026-07-01 at 00:00 UTC."},"request_id":"req_011CbqnvmmBo3tMCsAfCh95P"}

[571/772] 2104-006 — Колорант Polifarb Color Mix арт.06 апельсиновый 0, [kw]
  ✗ Ошибка: Error: 400 {"type":"error","error":{"type":"invalid_request_error","message":"You have reached your specified API usage limits. You will regain access on 2026-07-01 at 00:00 UTC."},"request_id":"req_011CbqnvnvPfUH1BGJktZgmp"}

[572/772] 2104-009 — Колорант Polifarb Color Mix арт.09 светло-коричнев [kw]
  ✗ Ошибка: Error: 400 {"type":"error","error":{"type":"invalid_request_error","message":"You have reached your specified API usage limits. You will regain access on 2026-07-01 at 00:00 UTC."},"request_id":"req_011Cbqnvp56SSRevmN4aXJrt"}

[573/772] 2104-017 — Колорант Polifarb Color Mix арт.21 темно-коричневы [kw]
  ✗ Ошибка: Error: 400 {"type":"error","error":{"type":"invalid_request_error","message":"You have reached your specified API usage limits. You will regain access on 2026-07-01 at 00:00 UTC."},"request_id":"req_011CbqnvqFXsPwPvHQjwu7QQ"}

[574/772] 2109-020 — Aura Luxpro 10 — Полуматоваяя краска для кухонь и  [full+kw]
  ✗ Ошибка: Error: 400 {"type":"error","error":{"type":"invalid_request_error","message":"You have reached your specified API usage limits. You will regain access on 2026-07-01 at 00:00 UTC."},"request_id":"req_011CbqnvrSxweUyCHDpmuFdv"}

[575/772] 1300-047 — Затирка для швов Ceresit CE40,  52, 2 кг, какао [kw]
  ✗ Ошибка: Error: 400 {"type":"error","error":{"type":"invalid_request_error","message":"You have reached your specified API usage limits. You will regain access on 2026-07-01 at 00:00 UTC."},"request_id":"req_011CbqnvscfaPqn1JiSRg339"}

[576/772] 2104-011 — Колорант Polifarb Color Mix арт.11 желто-коричневы [kw]
  ✗ Ошибка: Error: 400 {"type":"error","error":{"type":"invalid_request_error","message":"You have reached your specified API usage limits. You will regain access on 2026-07-01 at 00:00 UTC."},"request_id":"req_011Cbqnvu7x86sppdRspxkdA"}

[577/772] 2109-018 — Aura Luxpro 7 — Шелково-матоваяя интерьерная краск [full+kw]
  ✗ Ошибка: Error: 400 {"type":"error","error":{"type":"invalid_request_error","message":"You have reached your specified API usage limits. You will regain access on 2026-07-01 at 00:00 UTC."},"request_id":"req_011CbqnvvLdU4abKkjBroqB6"}

[578/772] 2105-011 — Лазурь алкидная Polifarb древозащита, каштан,  0,7 [full+kw]
  ✗ Ошибка: Error: 400 {"type":"error","error":{"type":"invalid_request_error","message":"You have reached your specified API usage limits. You will regain access on 2026-07-01 at 00:00 UTC."},"request_id":"req_011CbqnvwWpKSWDb3hRdRBCE"}

[579/772] 2108-008 — Краска акриловая Lotus фасадная,  3 л [kw]
  ✗ Ошибка: Error: 400 {"type":"error","error":{"type":"invalid_request_error","message":"You have reached your specified API usage limits. You will regain access on 2026-07-01 at 00:00 UTC."},"request_id":"req_011CbqnvxikSY4hpQLn5ckSp"}

[580/772] 2101-064 — Эмаль Polifarb ExtraMal ПФ-266 желто-коричневаяя,  [kw]
  ✗ Ошибка: Error: 400 {"type":"error","error":{"type":"invalid_request_error","message":"You have reached your specified API usage limits. You will regain access on 2026-07-01 at 00:00 UTC."},"request_id":"req_011CbqnvyugqtHn2wCBmHXJF"}

[581/772] 2109-029 — Aura Luxpro Thermo Matt — Матовая акриловая эмаль  [full+kw]
  ✗ Ошибка: Error: 400 {"type":"error","error":{"type":"invalid_request_error","message":"You have reached your specified API usage limits. You will regain access on 2026-07-01 at 00:00 UTC."},"request_id":"req_011Cbqnw1D5AX6Ezy5D8f2u8"}

[582/772] 2002-010 — Лента малярная Сталь PRO 19мм х20м, арт. 36106 [full+kw]
  ✗ Ошибка: Error: 400 {"type":"error","error":{"type":"invalid_request_error","message":"You have reached your specified API usage limits. You will regain access on 2026-07-01 at 00:00 UTC."},"request_id":"req_011Cbqnw3E7PnSwAQPAGhsCd"}

[583/772] 1102-001 — Мастика гидроизоляционная Ceresit CL 51,  7 кг [kw]
  ✗ Ошибка: Error: 400 {"type":"error","error":{"type":"invalid_request_error","message":"You have reached your specified API usage limits. You will regain access on 2026-07-01 at 00:00 UTC."},"request_id":"req_011Cbqnw4TnH43ypdNbqNdrc"}

[584/772] 2002-003 — Лента малярная HARDEX №572 48мм х 33м [full+kw]
  ✗ Ошибка: Error: 400 {"type":"error","error":{"type":"invalid_request_error","message":"You have reached your specified API usage limits. You will regain access on 2026-07-01 at 00:00 UTC."},"request_id":"req_011Cbqnw5dyNPrvkNa8Rd4JL"}

[585/772] 2105-013 — Лазурь алкидная Polifarb древозащита, палисандр,   [kw]
  ✗ Ошибка: Error: 400 {"type":"error","error":{"type":"invalid_request_error","message":"You have reached your specified API usage limits. You will regain access on 2026-07-01 at 00:00 UTC."},"request_id":"req_011CbqnwK9Kc79C9vVupkfut"}

[586/772] 2002-002 — Лента малярная HARDEX №572 25мм х 33м [full+kw]
  ✗ Ошибка: Error: 400 {"type":"error","error":{"type":"invalid_request_error","message":"You have reached your specified API usage limits. You will regain access on 2026-07-01 at 00:00 UTC."},"request_id":"req_011CbqnwM8dZ2oiFjrF4KT3z"}

[587/772] 2002-019 — Лента для швов Knauf Fugendeckstreifen Kurt, 50 мм [kw]
  ✗ Ошибка: Error: 400 {"type":"error","error":{"type":"invalid_request_error","message":"You have reached your specified API usage limits. You will regain access on 2026-07-01 at 00:00 UTC."},"request_id":"req_011CbqnwNNnrGvhHDZHfvgfA"}

[588/772] 2105-020 — Лак акриловый для древесины, Lotus глянец,  3 л [kw]
  ✗ Ошибка: Error: 400 {"type":"error","error":{"type":"invalid_request_error","message":"You have reached your specified API usage limits. You will regain access on 2026-07-01 at 00:00 UTC."},"request_id":"req_011CbqnwPaE3At3dZ4WigAfE"}

[589/772] 1603-007 — Клей монтажный Pattex FIX Wood, 385 г [kw]
  ✗ Ошибка: Error: 400 {"type":"error","error":{"type":"invalid_request_error","message":"You have reached your specified API usage limits. You will regain access on 2026-07-01 at 00:00 UTC."},"request_id":"req_011CbqnwQn9t7TWXhyjcPQP1"}

[590/772] 2002-015 — Лента малярная Сталь PRO 38мм х40м, арт. 36104 [full+kw]
  ✗ Ошибка: Error: 400 {"type":"error","error":{"type":"invalid_request_error","message":"You have reached your specified API usage limits. You will regain access on 2026-07-01 at 00:00 UTC."},"request_id":"req_011CbqnwSAzTc9dPH32HNh9g"}

[591/772] 2108-009 — Краска акриловая Lotus фасадная,  5 л [kw]
  ✗ Ошибка: Error: 400 {"type":"error","error":{"type":"invalid_request_error","message":"You have reached your specified API usage limits. You will regain access on 2026-07-01 at 00:00 UTC."},"request_id":"req_011CbqnwVRhxcHYA2WA6KHtw"}

[592/772] 2108-017 — Aura Fasad Expo — Универсальная фасадная и интерье [full+kw]
  ✗ Ошибка: Error: 400 {"type":"error","error":{"type":"invalid_request_error","message":"You have reached your specified API usage limits. You will regain access on 2026-07-01 at 00:00 UTC."},"request_id":"req_011CbqnwX4BVFfKqVDRwABrk"}

[593/772] 2108-021 — Aura Fasad Fort — Силиконовая фасадная краска мато [full+kw]
  ✗ Ошибка: Error: 400 {"type":"error","error":{"type":"invalid_request_error","message":"You have reached your specified API usage limits. You will regain access on 2026-07-01 at 00:00 UTC."},"request_id":"req_011CbqnwYVkKPwf7gUYtmhw6"}

[594/772] 2109-003 — Краска Polifarb Снежинка интерьерная  6,5 кг [kw]
  ✗ Ошибка: Error: 400 {"type":"error","error":{"type":"invalid_request_error","message":"You have reached your specified API usage limits. You will regain access on 2026-07-01 at 00:00 UTC."},"request_id":"req_011CbqnwZhBgAoX3WztrANR5"}

[595/772] 1104-002 — Праймер Bitugum битумно-каучуковый,  3 л [kw]
  ✗ Ошибка: Error: 400 {"type":"error","error":{"type":"invalid_request_error","message":"You have reached your specified API usage limits. You will regain access on 2026-07-01 at 00:00 UTC."},"request_id":"req_011Cbqnwb81AUGwbGsLiYwrd"}

[596/772] 1101-011 — Мастика Bitugum клеюще-каучуковаяя, 10 кг [kw]
  ✗ Ошибка: Error: 400 {"type":"error","error":{"type":"invalid_request_error","message":"You have reached your specified API usage limits. You will regain access on 2026-07-01 at 00:00 UTC."},"request_id":"req_011CbqnwcYLLDJSaPry6jYDr"}

[597/772] 2101-002 — Эмаль Polifarb Dekolux темно-коричневаяя,  0,7 кг [kw]
  ✗ Ошибка: Error: 400 {"type":"error","error":{"type":"invalid_request_error","message":"You have reached your specified API usage limits. You will regain access on 2026-07-01 at 00:00 UTC."},"request_id":"req_011CbqnwdiH2FFmQSsQe4RBZ"}

[598/772] 2109-004 — Краска Polifarb Снежинка интерьерная 12,5 кг [full+kw]
  ✗ Ошибка: Error: 400 {"type":"error","error":{"type":"invalid_request_error","message":"You have reached your specified API usage limits. You will regain access on 2026-07-01 at 00:00 UTC."},"request_id":"req_011CbqnwfWRnenncEUzB2XhP"}

[599/772] 2109-008 — Aura Lux Pro 3 — Матовая интерьерная краска для ст [full+kw]
  ✗ Ошибка: Error: 400 {"type":"error","error":{"type":"invalid_request_error","message":"You have reached your specified API usage limits. You will regain access on 2026-07-01 at 00:00 UTC."},"request_id":"req_011CbqnwghcKg6Kfq82Gsn2m"}

[600/772] 2109-006 — Краска акриловая Lotus интерьерная,  5 л [kw]
  ✗ Ошибка: Error: 400 {"type":"error","error":{"type":"invalid_request_error","message":"You have reached your specified API usage limits. You will regain access on 2026-07-01 at 00:00 UTC."},"request_id":"req_011CbqnwhtYeyWiLh3XFbery"}

[601/772] 1600-008 — Клей Pattex Universal Epoxy, шприц, 6 мл [full+kw]
  ✗ Ошибка: Error: 400 {"type":"error","error":{"type":"invalid_request_error","message":"You have reached your specified API usage limits. You will regain access on 2026-07-01 at 00:00 UTC."},"request_id":"req_011Cbqnwj8Twx8uypD3Sv9Nv"}

[602/772] 1503-043 — Диск зачистной для болгарки (КШМ) Ataman 230х6,0х2 [kw]
  ✗ Ошибка: Error: 400 {"type":"error","error":{"type":"invalid_request_error","message":"You have reached your specified API usage limits. You will regain access on 2026-07-01 at 00:00 UTC."},"request_id":"req_011CbqnwkLPeryP15L3ufdvJ"}

[603/772] 1803-006 — Пена монтажнаяя Soudal зимняя, 750 мл [full+kw]
  ✗ Ошибка: Error: 400 {"type":"error","error":{"type":"invalid_request_error","message":"You have reached your specified API usage limits. You will regain access on 2026-07-01 at 00:00 UTC."},"request_id":"req_011CbqnwmrfjNY3tGWkP1pRJ"}

[604/772] 2100-022 — Aura Beton Kontakt — Адгезионная грунтовка с кварц [full+kw]
  ✗ Ошибка: Error: 400 {"type":"error","error":{"type":"invalid_request_error","message":"You have reached your specified API usage limits. You will regain access on 2026-07-01 at 00:00 UTC."},"request_id":"req_011Cbqnwo4bvaY5gRZipUUTU"}

[605/772] 1603-005 — Клей монтажный Pattex FIX Super,  50 г [kw]
  ✗ Ошибка: Error: 400 {"type":"error","error":{"type":"invalid_request_error","message":"You have reached your specified API usage limits. You will regain access on 2026-07-01 at 00:00 UTC."},"request_id":"req_011CbqnwpUvetYwxDcDVGn7t"}

[606/772] 2101-065 — Эмаль Polifarb ExtraMal ПФ-266 красно-коричневаяя, [kw]
  ✗ Ошибка: Error: 400 {"type":"error","error":{"type":"invalid_request_error","message":"You have reached your specified API usage limits. You will regain access on 2026-07-01 at 00:00 UTC."},"request_id":"req_011CbqnwrB8C2hnbuivi8AJX"}

[607/772] 1201-001 — Средство противогрибковое Дивоцвит К4, 0,8 л [full+kw]
  ✗ Ошибка: Error: 400 {"type":"error","error":{"type":"invalid_request_error","message":"You have reached your specified API usage limits. You will regain access on 2026-07-01 at 00:00 UTC."},"request_id":"req_011CbqnwsMKYHjNpknjzmJ7a"}

[608/772] 1202-004 — Грунт Polifarb DekoMal ГФ-021 серый, 2,7 кг [kw]
  ✗ Ошибка: Error: 400 {"type":"error","error":{"type":"invalid_request_error","message":"You have reached your specified API usage limits. You will regain access on 2026-07-01 at 00:00 UTC."},"request_id":"req_011CbqnwtYkZj3mbUzMyZaS3"}

[609/772] 1603-010 — Клей монтажный каучуковый Lacrysil Сверхпрочный бе [kw]
  ✗ Ошибка: Error: 400 {"type":"error","error":{"type":"invalid_request_error","message":"You have reached your specified API usage limits. You will regain access on 2026-07-01 at 00:00 UTC."},"request_id":"req_011CbqnwukRtSFWLsUYNN55d"}

[610/772] 2002-020 — Лента для швов Knauf Fugendeckstreifen Kurt, 50 мм [kw]
  ✗ Ошибка: Error: 400 {"type":"error","error":{"type":"invalid_request_error","message":"You have reached your specified API usage limits. You will regain access on 2026-07-01 at 00:00 UTC."},"request_id":"req_011CbqnwvzqpWDEmMQM8NHe4"}

[611/772] 2101-045 — Эмаль Polifarb ExtraMal ПФ-115 зеленая, 2,8 кг [full+kw]
  ✗ Ошибка: Error: 400 {"type":"error","error":{"type":"invalid_request_error","message":"You have reached your specified API usage limits. You will regain access on 2026-07-01 at 00:00 UTC."},"request_id":"req_011CbqnwxB2tfwiMuLy4ahSu"}

[612/772] 1901-023 — Пластификатор Байрис Противоморозный, 10 л [kw]
  ✗ Ошибка: Error: 400 {"type":"error","error":{"type":"invalid_request_error","message":"You have reached your specified API usage limits. You will regain access on 2026-07-01 at 00:00 UTC."},"request_id":"req_011CbqnwyMUVqXkKFPS8SZHV"}

[613/772] 1505-001 — Правило 'трапеция' 250 см (95 мм) Сталь, арт. 2605 [full+kw]
  ✗ Ошибка: Error: 400 {"type":"error","error":{"type":"invalid_request_error","message":"You have reached your specified API usage limits. You will regain access on 2026-07-01 at 00:00 UTC."},"request_id":"req_011CbqnwzYf5kZqczUeE5Vgn"}

[614/772] 2004-003 — Лента звукоизоляционная Knauf Dichtungsband, 70 мм [kw]
  ✗ Ошибка: Error: 400 {"type":"error","error":{"type":"invalid_request_error","message":"You have reached your specified API usage limits. You will regain access on 2026-07-01 at 00:00 UTC."},"request_id":"req_011Cbqnx1kqJwrcFa5WYQzHp"}

[615/772] 1104-003 — Праймер Bitugum битумно-каучуковый,  5 л [kw]
  ✗ Ошибка: Error: 400 {"type":"error","error":{"type":"invalid_request_error","message":"You have reached your specified API usage limits. You will regain access on 2026-07-01 at 00:00 UTC."},"request_id":"req_011Cbqnx34ULhPvV61aPbyoG"}

[616/772] 1203-006 — Грунтовка Ceresit CT 17 Супер глубокопроникающая,  [kw]
  ✗ Ошибка: Error: 400 {"type":"error","error":{"type":"invalid_request_error","message":"You have reached your specified API usage limits. You will regain access on 2026-07-01 at 00:00 UTC."},"request_id":"req_011Cbqnx4EfbneiPRrvH9jVV"}

[617/772] 1203-014 — Грунтовка Knauf Грундирмиттель,  5 кг [kw]
  ✗ Ошибка: Error: 400 {"type":"error","error":{"type":"invalid_request_error","message":"You have reached your specified API usage limits. You will regain access on 2026-07-01 at 00:00 UTC."},"request_id":"req_011Cbqnx5R6wVMCgRL4RWa9x"}

[618/772] 2100-003 — Грунт-краска Siltek E-105 контактная База EA,  5 л [kw]
  ✗ Ошибка: Error: 400 {"type":"error","error":{"type":"invalid_request_error","message":"You have reached your specified API usage limits. You will regain access on 2026-07-01 at 00:00 UTC."},"request_id":"req_011Cbqnx6hVYQqPtACXv8z5f"}

[619/772] 2105-003 — Эмаль Polifarb ExtraMal ПФ-115 светло-голубая, 0,9 [kw]
  ✗ Ошибка: Error: 400 {"type":"error","error":{"type":"invalid_request_error","message":"You have reached your specified API usage limits. You will regain access on 2026-07-01 at 00:00 UTC."},"request_id":"req_011Cbqnx7wADTpBfFDfLmuSP"}

[620/772] 2100-008 — Краска Polifarb ExtraLatex  4,2 кг [kw]
  ✗ Ошибка: Error: 400 {"type":"error","error":{"type":"invalid_request_error","message":"You have reached your specified API usage limits. You will regain access on 2026-07-01 at 00:00 UTC."},"request_id":"req_011Cbqnx9AaQnvewyZNiA1cn"}

[621/772] 2104-015 — Колорант Polifarb Color Mix арт.18 черный  0,12 л [kw]
  ✗ Ошибка: Error: 400 {"type":"error","error":{"type":"invalid_request_error","message":"You have reached your specified API usage limits. You will regain access on 2026-07-01 at 00:00 UTC."},"request_id":"req_011CbqnxATDmU61jvh7zr888"}

[622/772] 1503-052 — Диск шлифовальный для болгарки самозацепной Титан  [full+kw]
  ✗ Ошибка: Error: 400 {"type":"error","error":{"type":"invalid_request_error","message":"You have reached your specified API usage limits. You will regain access on 2026-07-01 at 00:00 UTC."},"request_id":"req_011CbqnxBgdi4u7pPV5ptG3r"}

[623/772] 1600-005 — Клей Pattex Repair express эпоксидный, 48 г [full+kw]
  ✗ Ошибка: Error: 400 {"type":"error","error":{"type":"invalid_request_error","message":"You have reached your specified API usage limits. You will regain access on 2026-07-01 at 00:00 UTC."},"request_id":"req_011CbqnxCvJZWNV9svnzTsst"}

[624/772] 2101-007 — Эмаль Polifarb DekoMal ПФ-115 вишневая, 0,9 кг [full+kw]
  ✗ Ошибка: Error: 400 {"type":"error","error":{"type":"invalid_request_error","message":"You have reached your specified API usage limits. You will regain access on 2026-07-01 at 00:00 UTC."},"request_id":"req_011CbqnxE5FTLMcdopSWrg7H"}

[625/772] 2108-005 — Краска Polifarb Фасад-Ультра 14 кг [full+kw]
  ✗ Ошибка: Error: 400 {"type":"error","error":{"type":"invalid_request_error","message":"You have reached your specified API usage limits. You will regain access on 2026-07-01 at 00:00 UTC."},"request_id":"req_011CbqnxFHg5v2EG2dPzMc8A"}

[626/772] 1702-110 — Саморез г/к до дерева 3,5x  45, фосфатированный, " [kw]
  ✗ Ошибка: Error: 400 {"type":"error","error":{"type":"invalid_request_error","message":"You have reached your specified API usage limits. You will regain access on 2026-07-01 at 00:00 UTC."},"request_id":"req_011CbqnxH9YrNMTnx1qXZgbZ"}

[627/772] 1203-023 — Жидкое стекло Lotus,  0,5 кг [kw]
  ✗ Ошибка: Error: 400 {"type":"error","error":{"type":"invalid_request_error","message":"You have reached your specified API usage limits. You will regain access on 2026-07-01 at 00:00 UTC."},"request_id":"req_011CbqnxJKjonGYxYRjNBnKC"}

[628/772] 1203-008 — Грунтовка Ceresit CT 19 Бетонконтакт адгезионная,  [kw]
  ✗ Ошибка: Error: 400 {"type":"error","error":{"type":"invalid_request_error","message":"You have reached your specified API usage limits. You will regain access on 2026-07-01 at 00:00 UTC."},"request_id":"req_011CbqnxKWgGfaZmoc4M2Ur1"}

[629/772] 1204-005 — Грунт-концентрат 1:10 Lacrysil, 2 л [kw]
  ✗ Ошибка: Error: 400 {"type":"error","error":{"type":"invalid_request_error","message":"You have reached your specified API usage limits. You will regain access on 2026-07-01 at 00:00 UTC."},"request_id":"req_011CbqnxLjquJdsCbyAAiT9d"}

[630/772] 2101-012 — Эмаль Polifarb DekoMal ПФ-115 желто-коричневаяя, 2 [kw]
  ✗ Ошибка: Error: 400 {"type":"error","error":{"type":"invalid_request_error","message":"You have reached your specified API usage limits. You will regain access on 2026-07-01 at 00:00 UTC."},"request_id":"req_011CbqnxN4xsAf91uJQyReNa"}

[631/772] 1702-042 — Шуруп Knauf Blechschraube LB 3,5х9,5 с буром (уп.  [full+kw]
  ✗ Ошибка: Error: 400 {"type":"error","error":{"type":"invalid_request_error","message":"You have reached your specified API usage limits. You will regain access on 2026-07-01 at 00:00 UTC."},"request_id":"req_011CbqnxPGQ4viPBY5xygux9"}

[632/772] 2105-012 — Лазурь алкидная Polifarb древозащита, каштан,  2,2 [kw]
  ✗ Ошибка: Error: 400 {"type":"error","error":{"type":"invalid_request_error","message":"You have reached your specified API usage limits. You will regain access on 2026-07-01 at 00:00 UTC."},"request_id":"req_011CbqnxQS6iiaGQxJUvCAUi"}

[633/772] 1803-001 — Пена монтажнаяя Ceresit TS 62 профессиональная 750 [kw]
  ✗ Ошибка: Error: 400 {"type":"error","error":{"type":"invalid_request_error","message":"You have reached your specified API usage limits. You will regain access on 2026-07-01 at 00:00 UTC."},"request_id":"req_011CbqnxRd2uGiCbpec9Rzi7"}

[634/772] 1203-012 — Грунтовка Ceresit грунт,  5 л [kw]
  ✗ Ошибка: Error: 400 {"type":"error","error":{"type":"invalid_request_error","message":"You have reached your specified API usage limits. You will regain access on 2026-07-01 at 00:00 UTC."},"request_id":"req_011CbqnxSqhqRDPXjemfeuj9"}

[635/772] 1203-020 — Грунтовка БЕТОКОНТАКТ SKYLINE, адгезионная кварцев [kw]
  ✗ Ошибка: Error: 400 {"type":"error","error":{"type":"invalid_request_error","message":"You have reached your specified API usage limits. You will regain access on 2026-07-01 at 00:00 UTC."},"request_id":"req_011CbqnxU1uDqgnEaUMrQWMS"}

[636/772] 2109-001 — Краска Polifarb Снежинка интерьерная  1,3 кг [kw]
  ✗ Ошибка: Error: 400 {"type":"error","error":{"type":"invalid_request_error","message":"You have reached your specified API usage limits. You will regain access on 2026-07-01 at 00:00 UTC."},"request_id":"req_011CbqnxVFZkvdUHtJsHVC8g"}

[637/772] 2109-005 — Краска акриловая Lotus интерьерная,  1 л [kw]
  ✗ Ошибка: Error: 400 {"type":"error","error":{"type":"invalid_request_error","message":"You have reached your specified API usage limits. You will regain access on 2026-07-01 at 00:00 UTC."},"request_id":"req_011CbqnxWXD9E5vLmTRNe2nb"}

[638/772] 1203-013 — Грунтовка Ceresit грунт, 10 л [kw]
  ✗ Ошибка: Error: 400 {"type":"error","error":{"type":"invalid_request_error","message":"You have reached your specified API usage limits. You will regain access on 2026-07-01 at 00:00 UTC."},"request_id":"req_011CbqnxXhefLZxvPqNxB1hr"}

[639/772] 1300-008 — Затирка для швов Ceresit CE33, 121, 2 кг, светлый  [kw]
  ✗ Ошибка: Error: 400 {"type":"error","error":{"type":"invalid_request_error","message":"You have reached your specified API usage limits. You will regain access on 2026-07-01 at 00:00 UTC."},"request_id":"req_011CbqnxYtLyQDZVAE8sMVMu"}

[640/772] 1204-018 — Aura Koncentrat GammaGrund — Укрепляющая грунтовка [full+kw]
  ✗ Ошибка: Error: 400 {"type":"error","error":{"type":"invalid_request_error","message":"You have reached your specified API usage limits. You will regain access on 2026-07-01 at 00:00 UTC."},"request_id":"req_011Cbqnxa6mPPhaY4NDdhFMR"}

[641/772] 1203-027 — Жидкое стекло Дивоцвит, 2,2 кг [kw]
  ✗ Ошибка: Error: 400 {"type":"error","error":{"type":"invalid_request_error","message":"You have reached your specified API usage limits. You will regain access on 2026-07-01 at 00:00 UTC."},"request_id":"req_011CbqnxbHTbM2pdkFcCUtxF"}

[642/772] 2101-015 — Эмаль Polifarb DekoMal ПФ-115 светло-серая, 0,9 кг [kw]
  ✗ Ошибка: Error: 400 {"type":"error","error":{"type":"invalid_request_error","message":"You have reached your specified API usage limits. You will regain access on 2026-07-01 at 00:00 UTC."},"request_id":"req_011CbqnxcWNjymNRUpjAi9hz"}

[643/772] 1005-029 — Шов силиконовый Ceresit CS 25, сиена, 280 мл [kw]
  ✗ Ошибка: Error: 400 {"type":"error","error":{"type":"invalid_request_error","message":"You have reached your specified API usage limits. You will regain access on 2026-07-01 at 00:00 UTC."},"request_id":"req_011CbqnxdgKVvNxmTWNYw4xE"}

[644/772] 2101-020 — Эмаль Polifarb DekoMal ПФ-115 серая, 2,7 кг [kw]
  ✗ Ошибка: Error: 400 {"type":"error","error":{"type":"invalid_request_error","message":"You have reached your specified API usage limits. You will regain access on 2026-07-01 at 00:00 UTC."},"request_id":"req_011CbqnxetFL897nTQ26qQMW"}

[645/772] 2101-026 — Эмаль Polifarb DekoMal ПФ-115 темно-серая 2,7 кг [kw]
  ✗ Ошибка: Error: 400 {"type":"error","error":{"type":"invalid_request_error","message":"You have reached your specified API usage limits. You will regain access on 2026-07-01 at 00:00 UTC."},"request_id":"req_011Cbqnxg6g85xUQRF6Abrr4"}

[646/772] 1803-002 — Пена монтажнаяя Lacrysil 60 профессиональная 750 м [full+kw]
  ✗ Ошибка: Error: 400 {"type":"error","error":{"type":"invalid_request_error","message":"You have reached your specified API usage limits. You will regain access on 2026-07-01 at 00:00 UTC."},"request_id":"req_011Cbqnxi21zGCryoyvvPCvJ"}

[647/772] 2100-004 — Грунт-краска Siltek E-105 контактная База EA, 10 л [full+kw]
  ✗ Ошибка: Error: 400 {"type":"error","error":{"type":"invalid_request_error","message":"You have reached your specified API usage limits. You will regain access on 2026-07-01 at 00:00 UTC."},"request_id":"req_011CbqnxjEh8ENgA2uhnfoCe"}

[648/772] 1203-021 — Грунтовка БЕТОКОНТАКТ SKYLINE, адгезионная кварцев [kw]
  ✗ Ошибка: Error: 400 {"type":"error","error":{"type":"invalid_request_error","message":"You have reached your specified API usage limits. You will regain access on 2026-07-01 at 00:00 UTC."},"request_id":"req_011CbqnxkSs2gwnTggd9CjvQ"}

[649/772] 1603-006 — Клей монтажный Pattex FIX Super, 400 г [kw]
  ✗ Ошибка: Error: 400 {"type":"error","error":{"type":"invalid_request_error","message":"You have reached your specified API usage limits. You will regain access on 2026-07-01 at 00:00 UTC."},"request_id":"req_011CbqnxmeJRj9kcXTdDTtxq"}

[650/772] 2109-035 — Aura Mattlatex — Матовая латексная краска для стен [full+kw]
  ✗ Ошибка: Error: 400 {"type":"error","error":{"type":"invalid_request_error","message":"You have reached your specified API usage limits. You will regain access on 2026-07-01 at 00:00 UTC."},"request_id":"req_011CbqnxnuCu5sGGCi4MZzqS"}

[651/772] 1204-012 — Грунт-концентрат 1:4 Polifarb, 2 л [kw]
  ✗ Ошибка: Error: 400 {"type":"error","error":{"type":"invalid_request_error","message":"You have reached your specified API usage limits. You will regain access on 2026-07-01 at 00:00 UTC."},"request_id":"req_011CbqnxpFZhx3AABGXnXPcq"}

[652/772] 1204-015 — Aura Koncentrat AquaGrund — Грунтовка-концентрат в [full+kw]
  ✗ Ошибка: Error: 400 {"type":"error","error":{"type":"invalid_request_error","message":"You have reached your specified API usage limits. You will regain access on 2026-07-01 at 00:00 UTC."},"request_id":"req_011CbqnxqPmi5Bb3dxicwiMi"}

[653/772] 1300-023 — Затирка для швов Ceresit CE40,  01, 2 кг, белый [kw]
  ✗ Ошибка: Error: 400 {"type":"error","error":{"type":"invalid_request_error","message":"You have reached your specified API usage limits. You will regain access on 2026-07-01 at 00:00 UTC."},"request_id":"req_011CbqnxrfAtpGHTsbwcXnnD"}

[654/772] 2101-022 — Эмаль Polifarb DekoMal ПФ-115 темно зеленая, 2,7 к [kw]
  ✗ Ошибка: Error: 400 {"type":"error","error":{"type":"invalid_request_error","message":"You have reached your specified API usage limits. You will regain access on 2026-07-01 at 00:00 UTC."},"request_id":"req_011Cbqnxt5kW6vvyZoBpvrVV"}

[655/772] 2104-002 — Колорант Polifarb Color Mix арт.02 золотисто-желты [kw]
  ✗ Ошибка: Error: 400 {"type":"error","error":{"type":"invalid_request_error","message":"You have reached your specified API usage limits. You will regain access on 2026-07-01 at 00:00 UTC."},"request_id":"req_011CbqnxuFCTN5UXo6UKc9wG"}

[656/772] 1805-001 — Пена монтажнаяя Lacrysil профессиональная огнестой [kw]
  ✗ Ошибка: Error: 400 {"type":"error","error":{"type":"invalid_request_error","message":"You have reached your specified API usage limits. You will regain access on 2026-07-01 at 00:00 UTC."},"request_id":"req_011CbqnxvYqAhNk91qd1YXEk"}

[657/772] 1801-005 — Средство Антигрибок DEZI, 1000 мл быстрый результа [kw]
  ✗ Ошибка: Error: 400 {"type":"error","error":{"type":"invalid_request_error","message":"You have reached your specified API usage limits. You will regain access on 2026-07-01 at 00:00 UTC."},"request_id":"req_011CbqnxwshuTVZ2Ft53pCYC"}

[658/772] 2101-027 — Эмаль Polifarb DekoMal ПФ-115 красная, 0,9 кг [full+kw]
  ✗ Ошибка: Error: 400 {"type":"error","error":{"type":"invalid_request_error","message":"You have reached your specified API usage limits. You will regain access on 2026-07-01 at 00:00 UTC."},"request_id":"req_011Cbqnxy3Q3QnjGZrPb5i7J"}

[659/772] 1801-001 — Очиститель пены  Lacrysil, 500 мл [kw]
  ✗ Ошибка: Error: 400 {"type":"error","error":{"type":"invalid_request_error","message":"You have reached your specified API usage limits. You will regain access on 2026-07-01 at 00:00 UTC."},"request_id":"req_011CbqnxzD6baSWqaLtiKFiy"}

[660/772] 1802-004 — Пена-клей Lacrysil бытовая 800 мл [kw]
  ✗ Ошибка: Error: 400 {"type":"error","error":{"type":"invalid_request_error","message":"You have reached your specified API usage limits. You will regain access on 2026-07-01 at 00:00 UTC."},"request_id":"req_011Cbqny1Q2tMa5v5CaFcGGn"}

[661/772] 1402-014 — Aura Lasur Aqua — Декоративная акриловая лазурь дл [full+kw]
  ✗ Ошибка: Error: 400 {"type":"error","error":{"type":"invalid_request_error","message":"You have reached your specified API usage limits. You will regain access on 2026-07-01 at 00:00 UTC."},"request_id":"req_011Cbqny2aUo661i8h8g1kAY"}

[662/772] 1605-005 — Клей для корковых и бамбуковых покрытий Lacrysil п [kw]
  ✗ Ошибка: Error: 400 {"type":"error","error":{"type":"invalid_request_error","message":"You have reached your specified API usage limits. You will regain access on 2026-07-01 at 00:00 UTC."},"request_id":"req_011Cbqny3kRFPJ7E1P1dnW3X"}

[663/772] 1300-039 — Затирка для швов Ceresit CE40,  31, 2 кг, кремовый [kw]
  ✗ Ошибка: Error: 400 {"type":"error","error":{"type":"invalid_request_error","message":"You have reached your specified API usage limits. You will regain access on 2026-07-01 at 00:00 UTC."},"request_id":"req_011Cbqny5ueZ4WjkZYeZQCxK"}

[664/772] 1300-002 — Затирка для швов Ceresit CE33, 110, 2 кг, светло-с [kw]
  ✗ Ошибка: Error: 400 {"type":"error","error":{"type":"invalid_request_error","message":"You have reached your specified API usage limits. You will regain access on 2026-07-01 at 00:00 UTC."},"request_id":"req_011Cbqny7NTKkJedMrC3ywmR"}

[665/772] 1402-011 — Aura Lasur Aqua — Декоративная акриловая лазурь дл [full+kw]
  ✗ Ошибка: Error: 400 {"type":"error","error":{"type":"invalid_request_error","message":"You have reached your specified API usage limits. You will regain access on 2026-07-01 at 00:00 UTC."},"request_id":"req_011Cbqny8Z9TVvRmANf4AswC"}

[666/772] 2101-030 — Эмаль Polifarb DekoMal ПФ-115 красно-коричневаяя,  [kw]
  ✗ Ошибка: Error: 400 {"type":"error","error":{"type":"invalid_request_error","message":"You have reached your specified API usage limits. You will regain access on 2026-07-01 at 00:00 UTC."},"request_id":"req_011Cbqny9rnCj7SFKtP5BMTK"}

[667/772] 2107-005 — Уайт-спирит-растворитель SKYLINE  4,7л. [full+kw]
  ✗ Ошибка: Error: 400 {"type":"error","error":{"type":"invalid_request_error","message":"You have reached your specified API usage limits. You will regain access on 2026-07-01 at 00:00 UTC."},"request_id":"req_011CbqnyB5CXHQ3SMExn7iCv"}

[668/772] 2104-019 — Колорант Polifarb Color Mix арт.27 зеленый 0,12 л [kw]
  ✗ Ошибка: Error: 400 {"type":"error","error":{"type":"invalid_request_error","message":"You have reached your specified API usage limits. You will regain access on 2026-07-01 at 00:00 UTC."},"request_id":"req_011CbqnyCKNAq41dY11hx5WP"}

[669/772] 2104-020 — Колорант Polifarb Color Mix арт.30 пурпурный 0,12  [full+kw]
  ✗ Ошибка: Error: 400 {"type":"error","error":{"type":"invalid_request_error","message":"You have reached your specified API usage limits. You will regain access on 2026-07-01 at 00:00 UTC."},"request_id":"req_011CbqnyDZmtQ3CUsFEe4LGW"}

[670/772] 1204-013 — Aura Koncentrat AquaGrund — Грунтовка-концентрат в [full+kw]
  ✗ Ошибка: Error: 400 {"type":"error","error":{"type":"invalid_request_error","message":"You have reached your specified API usage limits. You will regain access on 2026-07-01 at 00:00 UTC."},"request_id":"req_011CbqnyEmT6Jzb1wourTnwX"}

[671/772] 1001-012 — Клей-герметик акриловый Lacrysil Два в одном прозр [kw]
  ✗ Ошибка: Error: 400 {"type":"error","error":{"type":"invalid_request_error","message":"You have reached your specified API usage limits. You will regain access on 2026-07-01 at 00:00 UTC."},"request_id":"req_011CbqnyFweJwouhvtt3LWhZ"}

[672/772] 2101-052 — Эмаль Polifarb ExtraMal ПФ-115 синяя, 2,7 кг [kw]
  ✗ Ошибка: Error: 400 {"type":"error","error":{"type":"invalid_request_error","message":"You have reached your specified API usage limits. You will regain access on 2026-07-01 at 00:00 UTC."},"request_id":"req_011CbqnyJe7zKujoLQGGEVPE"}

[673/772] 1600-003 — Клей Pattex Extreme, 120 г [kw]
  ✗ Ошибка: Error: 400 {"type":"error","error":{"type":"invalid_request_error","message":"You have reached your specified API usage limits. You will regain access on 2026-07-01 at 00:00 UTC."},"request_id":"req_011CbqnyMN5GTUdr7QMiLzsz"}

[674/772] 2101-037 — Эмаль Polifarb DekoMal ПФ-266 красно-коричневаяя,  [full+kw]
  ✗ Ошибка: Error: 400 {"type":"error","error":{"type":"invalid_request_error","message":"You have reached your specified API usage limits. You will regain access on 2026-07-01 at 00:00 UTC."},"request_id":"req_011CbqnyNhCMEx8zKVQRo4PH"}

[675/772] 1001-013 — Клей-герметик акриловый Lacrysil Два в одном прозр [kw]
  ✗ Ошибка: Error: 400 {"type":"error","error":{"type":"invalid_request_error","message":"You have reached your specified API usage limits. You will regain access on 2026-07-01 at 00:00 UTC."},"request_id":"req_011CbqnyPzLKwhEcNdDegjY4"}

[676/772] 1005-006 — Герметик силиконовый Ceresit CS 15 санитарный, бел [kw]
  ✗ Ошибка: Error: 400 {"type":"error","error":{"type":"invalid_request_error","message":"You have reached your specified API usage limits. You will regain access on 2026-07-01 at 00:00 UTC."},"request_id":"req_011CbqnyRB2N5icJ6u56hKFr"}

[677/772] 1101-008 — Мастика Bitugum гидроизоляционная, 18 кг [kw]
  ✗ Ошибка: Error: 400 {"type":"error","error":{"type":"invalid_request_error","message":"You have reached your specified API usage limits. You will regain access on 2026-07-01 at 00:00 UTC."},"request_id":"req_011CbqnySMxUkq3szsNHjnDS"}

[678/772] 2105-006 — Затирка для швов Ceresit CE40,  80, 2 кг, голубой [kw]
  ✗ Ошибка: Error: 400 {"type":"error","error":{"type":"invalid_request_error","message":"You have reached your specified API usage limits. You will regain access on 2026-07-01 at 00:00 UTC."},"request_id":"req_011CbqnyTYtwGBfbGUXLc3QS"}

[679/772] 1300-010 — Затирка для швов Ceresit CE33, 124, 2 кг, темный б [kw]
  ✗ Ошибка: Error: 400 {"type":"error","error":{"type":"invalid_request_error","message":"You have reached your specified API usage limits. You will regain access on 2026-07-01 at 00:00 UTC."},"request_id":"req_011CbqnyV1hnjLwrAKCYeynz"}

[680/772] 1000-012 — Пистолет для герметика Сталь, арт. 31101 [kw]
  ✗ Ошибка: Error: 400 {"type":"error","error":{"type":"invalid_request_error","message":"You have reached your specified API usage limits. You will regain access on 2026-07-01 at 00:00 UTC."},"request_id":"req_011CbqnyWB9yAf7tgqvWrsPp"}

[681/772] 1701-009 — Дюбель для монтажа изолятора Masterplast 10х100 мм [kw]
  ✗ Ошибка: Error: 400 {"type":"error","error":{"type":"invalid_request_error","message":"You have reached your specified API usage limits. You will regain access on 2026-07-01 at 00:00 UTC."},"request_id":"req_011CbqnyZKR5Qriz2Dnx5Zgc"}

[682/772] 2105-016 — Лазурь алкидная Polifarb древозащита, темный дуб,  [kw]
  ✗ Ошибка: Error: 400 {"type":"error","error":{"type":"invalid_request_error","message":"You have reached your specified API usage limits. You will regain access on 2026-07-01 at 00:00 UTC."},"request_id":"req_011CbqnyaY64J7b2WyRte7cu"}

[683/772] 1204-020 — Aura Koncentrat GammaGrund — Укрепляющая грунтовка [full+kw]
  ✗ Ошибка: Error: 400 {"type":"error","error":{"type":"invalid_request_error","message":"You have reached your specified API usage limits. You will regain access on 2026-07-01 at 00:00 UTC."},"request_id":"req_011Cbqnybin2GovyDsP2xcVq"}

[684/772] 2101-040 — Эмаль Polifarb ExtraMal ПФ-115 белая, 2,7 кг [full+kw]
  ✗ Ошибка: Error: 400 {"type":"error","error":{"type":"invalid_request_error","message":"You have reached your specified API usage limits. You will regain access on 2026-07-01 at 00:00 UTC."},"request_id":"req_011CbqnycuDeaxhDmsJFokMU"}

[685/772] 1001-009 — Герметик акриловый Lacrysil санитарный белый 150 г [kw]
  ✗ Ошибка: Error: 400 {"type":"error","error":{"type":"invalid_request_error","message":"You have reached your specified API usage limits. You will regain access on 2026-07-01 at 00:00 UTC."},"request_id":"req_011Cbqnye6u94JzPAke9hiEr"}

[686/772] 2101-056 — Эмаль Polifarb ExtraMal ПФ-115 темно-зеленаяя, 2,7 [kw]
  ✗ Ошибка: Error: 400 {"type":"error","error":{"type":"invalid_request_error","message":"You have reached your specified API usage limits. You will regain access on 2026-07-01 at 00:00 UTC."},"request_id":"req_011CbqnyfJLEYUiEqTqjdaYn"}

[687/772] 2108-013 — Aura Fasad — Акриловая фасадная краска матовая, 7  [full+kw]
  ✗ Ошибка: Error: 400 {"type":"error","error":{"type":"invalid_request_error","message":"You have reached your specified API usage limits. You will regain access on 2026-07-01 at 00:00 UTC."},"request_id":"req_011CbqnygUH7sE5azxF1Z9h8"}

[688/772] 2108-019 — Aura Fasad Fort — Силиконовая фасадная краска мато [full+kw]
  ✗ Ошибка: Error: 400 {"type":"error","error":{"type":"invalid_request_error","message":"You have reached your specified API usage limits. You will regain access on 2026-07-01 at 00:00 UTC."},"request_id":"req_011Cbqnyhghu1cbopQvQ2Tx3"}

[689/772] 1203-018 — Грунтовка Siltek E-106 Beton Contact адгезионная,  [kw]
  ✗ Ошибка: Error: 400 {"type":"error","error":{"type":"invalid_request_error","message":"You have reached your specified API usage limits. You will regain access on 2026-07-01 at 00:00 UTC."},"request_id":"req_011CbqnyiucygtXYcZYgzcwD"}

[690/772] 1402-017 — Aura Lasur Aqua — Декоративная акриловая лазурь дл [full+kw]
  ✗ Ошибка: Error: 400 {"type":"error","error":{"type":"invalid_request_error","message":"You have reached your specified API usage limits. You will regain access on 2026-07-01 at 00:00 UTC."},"request_id":"req_011Cbqnyk74MLYvf5u7L2Aq2"}

[691/772] 1600-025 — Клей Дивоцвит Q7 для стекла и зеркал, 250 г [kw]
  ✗ Ошибка: Error: 400 {"type":"error","error":{"type":"invalid_request_error","message":"You have reached your specified API usage limits. You will regain access on 2026-07-01 at 00:00 UTC."},"request_id":"req_011CbqnymGWMGhCHSuFXKa9D"}

[692/772] 2101-011 — Эмаль Polifarb DekoMal ПФ-115 желто-коричневаяя, 0 [kw]
  ✗ Ошибка: Error: 400 {"type":"error","error":{"type":"invalid_request_error","message":"You have reached your specified API usage limits. You will regain access on 2026-07-01 at 00:00 UTC."},"request_id":"req_011CbqnynUgihZUMutyaitKK"}

[693/772] 1300-018 — Затирка для швов Ceresit CE33, 140, 2 кг, ванильны [kw]
  ✗ Ошибка: Error: 400 {"type":"error","error":{"type":"invalid_request_error","message":"You have reached your specified API usage limits. You will regain access on 2026-07-01 at 00:00 UTC."},"request_id":"req_011CbqnyofcmPe4TspiDpnwx"}

[694/772] 1300-016 — Затирка для швов Ceresit CE33, 138, 2 кг, кремовый [full+kw]
  ✗ Ошибка: Error: 400 {"type":"error","error":{"type":"invalid_request_error","message":"You have reached your specified API usage limits. You will regain access on 2026-07-01 at 00:00 UTC."},"request_id":"req_011Cbqnyq1jcncg3JDMNy7ML"}

[695/772] 1503-035 — Диск отрезный по металлу для болгарки (КШМ) Титан  [kw]
  ✗ Ошибка: Error: 400 {"type":"error","error":{"type":"invalid_request_error","message":"You have reached your specified API usage limits. You will regain access on 2026-07-01 at 00:00 UTC."},"request_id":"req_011CbqnyrJcxngHtdqhqwHhD"}

[696/772] 1300-032 — Затирка для швов Ceresit CE40,  10, 2 кг, светло-с [kw]
  ✗ Ошибка: Error: 400 {"type":"error","error":{"type":"invalid_request_error","message":"You have reached your specified API usage limits. You will regain access on 2026-07-01 at 00:00 UTC."},"request_id":"req_011CbqnysVZKeurA2TRFZXq2"}

[697/772] 1300-021 — Затирка для швов Ceresit CE33, 181, 2 кг, небесно- [kw]
  ✗ Ошибка: Error: 400 {"type":"error","error":{"type":"invalid_request_error","message":"You have reached your specified API usage limits. You will regain access on 2026-07-01 at 00:00 UTC."},"request_id":"req_011CbqnytiUr8WJY94gjqbRP"}

[698/772] 1005-015 — Герметик силиконовый Lacrysil универсальный белый  [kw]
  ✗ Ошибка: Error: 400 {"type":"error","error":{"type":"invalid_request_error","message":"You have reached your specified API usage limits. You will regain access on 2026-07-01 at 00:00 UTC."},"request_id":"req_011Cbqnyv1cW7CP6beiVkPo5"}

[699/772] 1300-037 — Затирка для швов Ceresit CE40,  25, 2 кг, сахара [kw]
  ✗ Ошибка: Error: 400 {"type":"error","error":{"type":"invalid_request_error","message":"You have reached your specified API usage limits. You will regain access on 2026-07-01 at 00:00 UTC."},"request_id":"req_011CbqnywTRgxfigq6XK7MFT"}

[700/772] 1402-002 — Aura Lasur Aqua — Декоративная акриловая лазурь дл [full+kw]
  ✗ Ошибка: Error: 400 {"type":"error","error":{"type":"invalid_request_error","message":"You have reached your specified API usage limits. You will regain access on 2026-07-01 at 00:00 UTC."},"request_id":"req_011Cbqnyxiavo3UBscuuVhY2"}

[701/772] 1503-051 — Диск шлифовальный для болгарки самозацепной з 8 от [kw]
  ✗ Ошибка: Error: 400 {"type":"error","error":{"type":"invalid_request_error","message":"You have reached your specified API usage limits. You will regain access on 2026-07-01 at 00:00 UTC."},"request_id":"req_011CbqnyzJ5s1fHXGAuwULkY"}

[702/772] 1300-046 — Затирка для швов Ceresit CE40,  50, 2 кг, клинкер [kw]
  ✗ Ошибка: Error: 400 {"type":"error","error":{"type":"invalid_request_error","message":"You have reached your specified API usage limits. You will regain access on 2026-07-01 at 00:00 UTC."},"request_id":"req_011Cbqnz1UXZZWP6BnxsexFb"}

[703/772] 1401-002 — Антисептик для обработки древесины Lotus,  5 л [kw]
  ✗ Ошибка: Error: 400 {"type":"error","error":{"type":"invalid_request_error","message":"You have reached your specified API usage limits. You will regain access on 2026-07-01 at 00:00 UTC."},"request_id":"req_011Cbqnz2eyFLMDWJxHEYiVS"}

[704/772] 2104-018 — Колорант Polifarb Color Mix арт.25 персиковый 0,12 [kw]
  ✗ Ошибка: Error: 400 {"type":"error","error":{"type":"invalid_request_error","message":"You have reached your specified API usage limits. You will regain access on 2026-07-01 at 00:00 UTC."},"request_id":"req_011Cbqnz3qA7vMAcMdZVDJuT"}

[705/772] 1300-043 — Затирка для швов Ceresit CE40,  43, 2 кг, багама [full+kw]
  ✗ Ошибка: Error: 400 {"type":"error","error":{"type":"invalid_request_error","message":"You have reached your specified API usage limits. You will regain access on 2026-07-01 at 00:00 UTC."},"request_id":"req_011Cbqnz51bj5AAT7vtVQswB"}

[706/772] 1300-044 — Затирка для швов Ceresit CE40,  46, 1 кг, карамель [kw]
  ✗ Ошибка: Error: 400 {"type":"error","error":{"type":"invalid_request_error","message":"You have reached your specified API usage limits. You will regain access on 2026-07-01 at 00:00 UTC."},"request_id":"req_011Cbqnz6iJAmo9rauBRhMDn"}

[707/772] 2108-022 — Aura Fasad Fort — Силиконовая фасадная краска мато [full+kw]
  ✗ Ошибка: Error: 400 {"type":"error","error":{"type":"invalid_request_error","message":"You have reached your specified API usage limits. You will regain access on 2026-07-01 at 00:00 UTC."},"request_id":"req_011Cbqnz7vyHmJX5CG9WuniC"}

[708/772] 1402-005 — Aura Lasur Aqua — Декоративная акриловая лазурь дл [full+kw]
  ✗ Ошибка: Error: 400 {"type":"error","error":{"type":"invalid_request_error","message":"You have reached your specified API usage limits. You will regain access on 2026-07-01 at 00:00 UTC."},"request_id":"req_011Cbqnz97uJajzacPQnBCZJ"}

[709/772] 1403-001 — Огнебиозащита для древесины Lotus,  1 л [kw]
  ✗ Ошибка: Error: 400 {"type":"error","error":{"type":"invalid_request_error","message":"You have reached your specified API usage limits. You will regain access on 2026-07-01 at 00:00 UTC."},"request_id":"req_011CbqnzAJM5XwTgu4SJ76zb"}

[710/772] 2002-014 — Лента малярная Сталь PRO 38мм х20м, арт. 36109 [kw]
  ✗ Ошибка: Error: 400 {"type":"error","error":{"type":"invalid_request_error","message":"You have reached your specified API usage limits. You will regain access on 2026-07-01 at 00:00 UTC."},"request_id":"req_011CbqnzBXGbJKYWJfaSFXmU"}

[711/772] 1502-003 — Пистолет для пены Сталь Профи, FG-3107 [kw]
  ✗ Ошибка: Error: 400 {"type":"error","error":{"type":"invalid_request_error","message":"You have reached your specified API usage limits. You will regain access on 2026-07-01 at 00:00 UTC."},"request_id":"req_011CbqnzCihoWAbZkKCGct8M"}

[712/772] 1601-024 — Клей для обоев Pufas Эконом, 200 г [full+kw]
  ✗ Ошибка: Error: 400 {"type":"error","error":{"type":"invalid_request_error","message":"You have reached your specified API usage limits. You will regain access on 2026-07-01 at 00:00 UTC."},"request_id":"req_011CbqnzDutBUqV9bEFdmu4i"}

[713/772] 1102-002 — Мастика гидроизоляционная Ceresit CL 51, 14 кг [kw]
  ✗ Ошибка: Error: 400 {"type":"error","error":{"type":"invalid_request_error","message":"You have reached your specified API usage limits. You will regain access on 2026-07-01 at 00:00 UTC."},"request_id":"req_011CbqnzF7KZLKLXamSYYUhb"}

[714/772] 1600-012 — Клей Pattex Супер мини трио жидкий, 3х1 г [kw]
  ✗ Ошибка: Error: 400 {"type":"error","error":{"type":"invalid_request_error","message":"You have reached your specified API usage limits. You will regain access on 2026-07-01 at 00:00 UTC."},"request_id":"req_011CbqnzGMjFfdCpW7hdShDp"}

[715/772] 1600-024 — Клей Дивоцвит Golden Drakon, универсальный, 800 г [kw]
  ✗ Ошибка: Error: 400 {"type":"error","error":{"type":"invalid_request_error","message":"You have reached your specified API usage limits. You will regain access on 2026-07-01 at 00:00 UTC."},"request_id":"req_011CbqnzHvUwz6UaN7MA4JMw"}

[716/772] 1300-033 — Затирка для швов Ceresit CE40,  16, 1 кг, графитов [kw]
  ✗ Ошибка: Error: 400 {"type":"error","error":{"type":"invalid_request_error","message":"You have reached your specified API usage limits. You will regain access on 2026-07-01 at 00:00 UTC."},"request_id":"req_011CbqnzKffBW6bCqi4cM6gR"}

[717/772] 1505-005 — Правило-уровень 2500мм, профиль 1 мм, капсулы 90°, [full+kw]
  ✗ Ошибка: Error: 400 {"type":"error","error":{"type":"invalid_request_error","message":"You have reached your specified API usage limits. You will regain access on 2026-07-01 at 00:00 UTC."},"request_id":"req_011CbqnzLqrFgf6FvZ6KkjjL"}

[718/772] 1600-038 — Клей Химик плюс Глобус, универсальный водостойкий  [full+kw]
  ✗ Ошибка: Error: 400 {"type":"error","error":{"type":"invalid_request_error","message":"You have reached your specified API usage limits. You will regain access on 2026-07-01 at 00:00 UTC."},"request_id":"req_011CbqnzPDjB1eQ3wzn8FjUk"}

[719/772] 1503-017 — Диск отрезный по металлу для болгарки (КШМ) Ataman [kw]
  ✗ Ошибка: Error: 400 {"type":"error","error":{"type":"invalid_request_error","message":"You have reached your specified API usage limits. You will regain access on 2026-07-01 at 00:00 UTC."},"request_id":"req_011CbqnzQdK1RNw1rQT3HN3U"}

[720/772] 1600-040 — Клей Химик плюс Латка, из натурального каучука вод [kw]
  ✗ Ошибка: Error: 400 {"type":"error","error":{"type":"invalid_request_error","message":"You have reached your specified API usage limits. You will regain access on 2026-07-01 at 00:00 UTC."},"request_id":"req_011CbqnzRpVqyLx44De4fCTd"}

[721/772] 1604-009 — Клей Дивоцвит Бустилат-Д, белый, 1,2 кг [kw]
  ✗ Ошибка: Error: 400 {"type":"error","error":{"type":"invalid_request_error","message":"You have reached your specified API usage limits. You will regain access on 2026-07-01 at 00:00 UTC."},"request_id":"req_011CbqnzT2vFePkWJ4Au1ziS"}

[722/772] 1005-018 — Герметик силиконовый Lacrysil универсальный прозра [kw]
  ✗ Ошибка: Error: 400 {"type":"error","error":{"type":"invalid_request_error","message":"You have reached your specified API usage limits. You will regain access on 2026-07-01 at 00:00 UTC."},"request_id":"req_011CbqnzUGLKNaDfeUewJJ79"}

[723/772] 1603-011 — Клей монтажный каучуковый Lacrysil Сверхпрочный пр [full+kw]
  ✗ Ошибка: Error: 400 {"type":"error","error":{"type":"invalid_request_error","message":"You have reached your specified API usage limits. You will regain access on 2026-07-01 at 00:00 UTC."},"request_id":"req_011CbqnzVTX3iKuuDTYBb7jd"}

[724/772] 1603-020 — Клей Дивоцвит ПВА Прочный,  500 г [full+kw]
  ✗ Ошибка: Error: 400 {"type":"error","error":{"type":"invalid_request_error","message":"You have reached your specified API usage limits. You will regain access on 2026-07-01 at 00:00 UTC."},"request_id":"req_011CbqnzWgC6Ui6sTqM7fJxe"}

[725/772] 1702-109 — Саморез г/к до дерева 3,5x  25, фосфатированный, " [kw]
  ✗ Ошибка: Error: 400 {"type":"error","error":{"type":"invalid_request_error","message":"You have reached your specified API usage limits. You will regain access on 2026-07-01 at 00:00 UTC."},"request_id":"req_011CbqnzXucU5ZGwEj3r7ixC"}

[726/772] 2101-061 — Эмаль Polifarb ExtraMal ПФ-115 красно-коричневаяя, [kw]
  ✗ Ошибка: Error: 400 {"type":"error","error":{"type":"invalid_request_error","message":"You have reached your specified API usage limits. You will regain access on 2026-07-01 at 00:00 UTC."},"request_id":"req_011CbqnzZCk9r6nT1exmwX8W"}

[727/772] 1604-014 — Клей Дивоцвит ПВА Столярный D3, 250 г [full+kw]
  ✗ Ошибка: Error: 400 {"type":"error","error":{"type":"invalid_request_error","message":"You have reached your specified API usage limits. You will regain access on 2026-07-01 at 00:00 UTC."},"request_id":"req_011CbqnzaabRxYi4nhfrpGLp"}

[728/772] 2104-007 — Колорант Polifarb Color Mix арт.07 темно-красный 0 [kw]
  ✗ Ошибка: Error: 400 {"type":"error","error":{"type":"invalid_request_error","message":"You have reached your specified API usage limits. You will regain access on 2026-07-01 at 00:00 UTC."},"request_id":"req_011CbqnzbqkUnMzHW2a72fWg"}

[729/772] 1300-049 — Затирка для швов Ceresit CE40,  58, 2 кг, темно-ко [kw]
  ✗ Ошибка: Error: 400 {"type":"error","error":{"type":"invalid_request_error","message":"You have reached your specified API usage limits. You will regain access on 2026-07-01 at 00:00 UTC."},"request_id":"req_011Cbqnzd1wbZaAxs9CBE66C"}

[730/772] 2101-060 — Эмаль Polifarb ExtraMal ПФ-115 красная, 2,7 кг [kw]
  ✗ Ошибка: Error: 400 {"type":"error","error":{"type":"invalid_request_error","message":"You have reached your specified API usage limits. You will regain access on 2026-07-01 at 00:00 UTC."},"request_id":"req_011CbqnzrRLyx8BPmTfXPTow"}

[731/772] 1600-028 — Клей для плитки Ceresit CM 11,  5 кг [kw]
  ✗ Ошибка: Error: 400 {"type":"error","error":{"type":"invalid_request_error","message":"You have reached your specified API usage limits. You will regain access on 2026-07-01 at 00:00 UTC."},"request_id":"req_011CbqnzszMBhkWJzm97FVKP"}

[732/772] 2104-013 — Колорант Polifarb Color Mix арт.16 изумрудный 0,12 [kw]
  ✗ Ошибка: Error: 400 {"type":"error","error":{"type":"invalid_request_error","message":"You have reached your specified API usage limits. You will regain access on 2026-07-01 at 00:00 UTC."},"request_id":"req_011CbqnzuAJCWTcbc2EPZDRK"}

[733/772] 1605-003 — Клей акриловый Lacrysil Ультра Лип для напольных п [kw]
  ✗ Ошибка: Error: 400 {"type":"error","error":{"type":"invalid_request_error","message":"You have reached your specified API usage limits. You will regain access on 2026-07-01 at 00:00 UTC."},"request_id":"req_011CbqnzvLjfwLiKNcGV2vm5"}

[734/772] 1605-009 — Клей монтажный акриловый Lacrysil Жидкие гвозди бе [full+kw]
  ✗ Ошибка: Error: 400 {"type":"error","error":{"type":"invalid_request_error","message":"You have reached your specified API usage limits. You will regain access on 2026-07-01 at 00:00 UTC."},"request_id":"req_011CbqnzwYAoNJ5Jv4zxtRVd"}

[735/772] 1101-010 — Мастика Bitugum клеюще-каучуковаяя,  5 кг [kw]
  ✗ Ошибка: Error: 400 {"type":"error","error":{"type":"invalid_request_error","message":"You have reached your specified API usage limits. You will regain access on 2026-07-01 at 00:00 UTC."},"request_id":"req_011CbqnzxicHeXXDgNDV44Xk"}

[736/772] 1702-043 — Шуруп Knauf Diamantschraube XTN 3,9х23 (уп. 1000 ш [full+kw]
  ✗ Ошибка: Error: 400 {"type":"error","error":{"type":"invalid_request_error","message":"You have reached your specified API usage limits. You will regain access on 2026-07-01 at 00:00 UTC."},"request_id":"req_011CbqnzyuYkaozNHV9h25tz"}

[737/772] 1205-009 — Шпаклёвка Finish, 5 кг (фасування) [kw]
  ✗ Ошибка: Error: 400 {"type":"error","error":{"type":"invalid_request_error","message":"You have reached your specified API usage limits. You will regain access on 2026-07-01 at 00:00 UTC."},"request_id":"req_011Cbqo117E21jykARESqjKZ"}

[738/772] 1901-009 — Пластификатор Weco для всех видов бетона,  1 л [kw]
  ✗ Ошибка: Error: 400 {"type":"error","error":{"type":"invalid_request_error","message":"You have reached your specified API usage limits. You will regain access on 2026-07-01 at 00:00 UTC."},"request_id":"req_011Cbqo12HfbysRftjeyZX3a"}

[739/772] 1605-006 — Клей для мозаики и плитки Lacrysil  1,5 кг [kw]
  ✗ Ошибка: Error: 400 {"type":"error","error":{"type":"invalid_request_error","message":"You have reached your specified API usage limits. You will regain access on 2026-07-01 at 00:00 UTC."},"request_id":"req_011Cbqo13UMeBhy2nbFenm4R"}

[740/772] 2100-009 — Краска Polifarb ExtraLatex  7 кг [kw]
  ✗ Ошибка: Error: 400 {"type":"error","error":{"type":"invalid_request_error","message":"You have reached your specified API usage limits. You will regain access on 2026-07-01 at 00:00 UTC."},"request_id":"req_011Cbqo17bQYWs4vMZRgmkJs"}

[741/772] 2101-087 — Защита 3 в 1 Polifarb, с молотковым и перламутровы [kw]
  ✗ Ошибка: Error: 400 {"type":"error","error":{"type":"invalid_request_error","message":"You have reached your specified API usage limits. You will regain access on 2026-07-01 at 00:00 UTC."},"request_id":"req_011Cbqo18mbwSHDceKL83vxb"}

[742/772] 1300-025 — Затирка для швов Ceresit CE40,  03, 2 кг, природно [kw]
  ✗ Ошибка: Error: 400 {"type":"error","error":{"type":"invalid_request_error","message":"You have reached your specified API usage limits. You will regain access on 2026-07-01 at 00:00 UTC."},"request_id":"req_011Cbqo19zWxiJ7FSmxinkGY"}

[743/772] 1701-011 — Дюбель для монтажа изолятора Masterplast 10х120мм, [kw]
  ✗ Ошибка: Error: 400 {"type":"error","error":{"type":"invalid_request_error","message":"You have reached your specified API usage limits. You will regain access on 2026-07-01 at 00:00 UTC."},"request_id":"req_011Cbqo1BDBy1TB5hAtHd6im"}

[744/772] 1606-003 — Клей Pattex Супер-гель, 2 г [kw]
  ✗ Ошибка: Error: 400 {"type":"error","error":{"type":"invalid_request_error","message":"You have reached your specified API usage limits. You will regain access on 2026-07-01 at 00:00 UTC."},"request_id":"req_011Cbqo1CQNpeqtXXF7LCTLg"}

[745/772] 1901-004 — Пластификатор Lotus для бетона,  5 л [kw]
  ✗ Ошибка: Error: 400 {"type":"error","error":{"type":"invalid_request_error","message":"You have reached your specified API usage limits. You will regain access on 2026-07-01 at 00:00 UTC."},"request_id":"req_011Cbqo1DoTmmzxeo7exqepm"}

[746/772] 1503-056 — Лезвие для ножа СТАЛЬ 18*100мм (10 шт) [full+kw]
  ✗ Ошибка: Error: 400 {"type":"error","error":{"type":"invalid_request_error","message":"You have reached your specified API usage limits. You will regain access on 2026-07-01 at 00:00 UTC."},"request_id":"req_011Cbqo1F7qiwSraprQoa2Fs"}

[747/772] 1300-038 — Затирка для швов Ceresit CE40,  28, 2 кг, персиков [kw]
  ✗ Ошибка: Error: 400 {"type":"error","error":{"type":"invalid_request_error","message":"You have reached your specified API usage limits. You will regain access on 2026-07-01 at 00:00 UTC."},"request_id":"req_011Cbqo1GNkMWmsmaoAtjmZP"}

[748/772] 1600-039 — Клей Химик плюс Резиновый, водостойкий из натураль [kw]
  ✗ Ошибка: Error: 400 {"type":"error","error":{"type":"invalid_request_error","message":"You have reached your specified API usage limits. You will regain access on 2026-07-01 at 00:00 UTC."},"request_id":"req_011Cbqo1HXhNsBHcNFDWC7ZF"}

[749/772] 2101-081 — Защита 3 в 1 Polifarb, с молотковым и перламутровы [kw]
  ✗ Ошибка: Error: 400 {"type":"error","error":{"type":"invalid_request_error","message":"You have reached your specified API usage limits. You will regain access on 2026-07-01 at 00:00 UTC."},"request_id":"req_011Cbqo1JhQD1QvCVGmBgfDU"}

[750/772] 2100-011 — Краска Polifarb Акрилбет для бетонных полов серая, [kw]
  ✗ Ошибка: Error: 400 {"type":"error","error":{"type":"invalid_request_error","message":"You have reached your specified API usage limits. You will regain access on 2026-07-01 at 00:00 UTC."},"request_id":"req_011Cbqo1KuKyiwxpC6iF4kGg"}

[751/772] 1202-008 — Грунт Polifarb DekoMal ГФ-021 черный, 2,7 кг [kw]
  ✗ Ошибка: Error: 400 {"type":"error","error":{"type":"invalid_request_error","message":"You have reached your specified API usage limits. You will regain access on 2026-07-01 at 00:00 UTC."},"request_id":"req_011Cbqo1MAENokRGCMXRwmNG"}

[752/772] 1603-013 — Клей универсальный Lacrysil Сумасшедшая липучка ак [kw]
  ✗ Ошибка: Error: 400 {"type":"error","error":{"type":"invalid_request_error","message":"You have reached your specified API usage limits. You will regain access on 2026-07-01 at 00:00 UTC."},"request_id":"req_011Cbqo1NLvKgsfiUNd5Ernf"}

[753/772] 1605-002 — Клей акриловый Lacrysil Ультра Лип для напольных п [kw]
  ✗ Ошибка: Error: 400 {"type":"error","error":{"type":"invalid_request_error","message":"You have reached your specified API usage limits. You will regain access on 2026-07-01 at 00:00 UTC."},"request_id":"req_011Cbqo1PWsGMmo98WZzNX1V"}

[754/772] 2100-010 — Краска Polifarb ExtraLatex 14 кг [kw]
  ✗ Ошибка: Error: 400 {"type":"error","error":{"type":"invalid_request_error","message":"You have reached your specified API usage limits. You will regain access on 2026-07-01 at 00:00 UTC."},"request_id":"req_011Cbqo1QkHHQJkM3BP1Fjsm"}

[755/772] 2108-020 — Aura Fasad Fort — Силиконовая фасадная краска мато [full+kw]
  ✗ Ошибка: Error: 400 {"type":"error","error":{"type":"invalid_request_error","message":"You have reached your specified API usage limits. You will regain access on 2026-07-01 at 00:00 UTC."},"request_id":"req_011Cbqo1RtyzKYv7CrA4wA87"}

[756/772] 1205-021 — Шпаклёвка Siltek Acril Finish акриловая финишная,  [full+kw]
  ✗ Ошибка: Error: 400 {"type":"error","error":{"type":"invalid_request_error","message":"You have reached your specified API usage limits. You will regain access on 2026-07-01 at 00:00 UTC."},"request_id":"req_011Cbqo1T7ezjLWf1yhwz6ej"}

[757/772] 1203-005 — Грунтовка Ceresit CT 17 Супер глубокопроникающая,  [kw]
  ✗ Ошибка: Error: 400 {"type":"error","error":{"type":"invalid_request_error","message":"You have reached your specified API usage limits. You will regain access on 2026-07-01 at 00:00 UTC."},"request_id":"req_011Cbqo1UKLmjsuL3wy5g5T6"}

[758/772] 2104-005 — Колорант Polifarb Color Mix арт.05 оранжевый 0,12  [kw]
  ✗ Ошибка: Error: 400 {"type":"error","error":{"type":"invalid_request_error","message":"You have reached your specified API usage limits. You will regain access on 2026-07-01 at 00:00 UTC."},"request_id":"req_011Cbqo1VVXiwBpSTeRwVSLC"}

[759/772] 1300-035 — Затирка для швов Ceresit CE40,  18, 1 кг, черный [kw]
  ✗ Ошибка: Error: 400 {"type":"error","error":{"type":"invalid_request_error","message":"You have reached your specified API usage limits. You will regain access on 2026-07-01 at 00:00 UTC."},"request_id":"req_011Cbqo1WkSSvBwZuP5gfJcs"}

[760/772] 1300-006 — Затирка для швов Ceresit CE33, 117, 2 кг, черный [kw]
  ✗ Ошибка: Error: 400 {"type":"error","error":{"type":"invalid_request_error","message":"You have reached your specified API usage limits. You will regain access on 2026-07-01 at 00:00 UTC."},"request_id":"req_011Cbqo1Xz78ybpcUsXyXKxa"}

[761/772] 2105-023 — Aura Aqua Lack 20 — Интерьерный акриловый лак, 1 л [desc+full+kw]
  ✗ Ошибка: Error: 400 {"type":"error","error":{"type":"invalid_request_error","message":"You have reached your specified API usage limits. You will regain access on 2026-07-01 at 00:00 UTC."},"request_id":"req_011Cbqo1ZTeyxXUx2FESEzVY"}

[762/772] 2105-024 — Aura Aqua Lack 20 — Интерьерный акриловый лак, 2,5 [desc+full+kw]
  ✗ Ошибка: Error: 400 {"type":"error","error":{"type":"invalid_request_error","message":"You have reached your specified API usage limits. You will regain access on 2026-07-01 at 00:00 UTC."},"request_id":"req_011Cbqo1aiouxi47FfjKNfmA"}

[763/772] 2105-025 — Aura Aqua Lack 20 — Интерьерный акриловый лак, 10  [desc+full+kw]
  ✗ Ошибка: Error: 400 {"type":"error","error":{"type":"invalid_request_error","message":"You have reached your specified API usage limits. You will regain access on 2026-07-01 at 00:00 UTC."},"request_id":"req_011Cbqo1bwykmQQ3jSyLvRYx"}

[764/772] 2105-026 — Aura Aqua Lack 70 — Интерьерный акриловый лак, 1 л [desc+full+kw]
  ✗ Ошибка: Error: 400 {"type":"error","error":{"type":"invalid_request_error","message":"You have reached your specified API usage limits. You will regain access on 2026-07-01 at 00:00 UTC."},"request_id":"req_011Cbqo1dDNpavjv8DvGGU9x"}

[765/772] 2105-027 — Aura Aqua Lack 70 — Интерьерный акриловый лак, 2,5 [desc+full+kw]
  ✗ Ошибка: Error: 400 {"type":"error","error":{"type":"invalid_request_error","message":"You have reached your specified API usage limits. You will regain access on 2026-07-01 at 00:00 UTC."},"request_id":"req_011Cbqo1f415uHYDZsSAgMMn"}

[766/772] 2105-028 — Aura Aqua Lack 70 — Интерьерный акриловый лак, 10  [desc+full+kw]
  ✗ Ошибка: Error: 400 {"type":"error","error":{"type":"invalid_request_error","message":"You have reached your specified API usage limits. You will regain access on 2026-07-01 at 00:00 UTC."},"request_id":"req_011Cbqo1gKejDoY4pvPJsEDc"}

[767/772] 2105-029 — Aura Dekor Lack — Фасадный лак для каменю, 0,75 л [desc+full+kw]
  ✗ Ошибка: Error: 400 {"type":"error","error":{"type":"invalid_request_error","message":"You have reached your specified API usage limits. You will regain access on 2026-07-01 at 00:00 UTC."},"request_id":"req_011Cbqo1hiF57F7KdMGzttPw"}

[768/772] 2105-030 — Aura Dekor Lack — Фасадный лак для каменю, 2,5 л [desc+full+kw]
  ✗ Ошибка: Error: 400 {"type":"error","error":{"type":"invalid_request_error","message":"You have reached your specified API usage limits. You will regain access on 2026-07-01 at 00:00 UTC."},"request_id":"req_011Cbqo1itw8V735bn6kHQas"}

[769/772] 2105-031 — Aura Dekor Lack — Фасадный лак для каменю, 10 л [desc+full+kw]
  ✗ Ошибка: Error: 400 {"type":"error","error":{"type":"invalid_request_error","message":"You have reached your specified API usage limits. You will regain access on 2026-07-01 at 00:00 UTC."},"request_id":"req_011Cbqo1kJ2JmUCvzmsV2LTd"}

[770/772] 2105-032 — Aura Dekor Lack Matt — Фасадный лак для каменю пол [desc+full+kw]
  ✗ Ошибка: Error: 400 {"type":"error","error":{"type":"invalid_request_error","message":"You have reached your specified API usage limits. You will regain access on 2026-07-01 at 00:00 UTC."},"request_id":"req_011Cbqo1oE8VV9BxXGoeduaf"}

[771/772] 2105-033 — Aura Dekor Lack Matt — Фасадный лак для каменю пол [desc+full+kw]
  ✗ Ошибка: Error: 400 {"type":"error","error":{"type":"invalid_request_error","message":"You have reached your specified API usage limits. You will regain access on 2026-07-01 at 00:00 UTC."},"request_id":"req_011Cbqo1pQ5Ue1neHQ1PzXq9"}

[772/772] 2105-034 — Aura Dekor Lack Matt — Фасадный лак для каменю пол [desc+full+kw]
  ✗ Ошибка: Error: 400 {"type":"error","error":{"type":"invalid_request_error","message":"You have reached your specified API usage limits. You will regain access on 2026-07-01 at 00:00 UTC."},"request_id":"req_011Cbqo1sEjSZSwmoZngC3rr"}


✅ Готово: 446 товаров обработано, 326 ошибок
