2026-07-17T10:57:08.860Z START pending=2 concurrency=6
2026-07-17T10:57:19.825Z OK 1702-111 faq=3 [1/2]
2026-07-17T10:57:20.686Z OK 1503-057 faq=3 [2/2]
2026-07-17T10:57:20.687Z DONE ok=2 failed=0
2026-07-17T10:57:53.161Z START pending=360 concurrency=6
2026-07-17T10:58:03.763Z OK 2101-005 faq=3 [1/360]
2026-07-17T10:58:04.087Z OK 1001-013 faq=3 [2/360]
2026-07-17T10:58:04.093Z OK 1600-003 faq=3 [3/360]
2026-07-17T10:58:04.097Z OK 1601-003 faq=3 [4/360]
2026-07-17T10:58:04.103Z OK 1503-003 faq=3 [5/360]
2026-07-17T10:58:04.328Z OK 2101-066 faq=3 [6/360]
2026-07-17T10:58:13.909Z OK 1402-003 faq=3 [7/360]
2026-07-17T10:58:14.074Z OK 1005-012 faq=3 [8/360]
2026-07-17T10:58:14.083Z OK 2109-023 faq=4 [9/360]
2026-07-17T10:58:14.113Z OK 1104-003 faq=3 [10/360]
2026-07-17T10:58:14.266Z OK 1503-025 faq=4 [11/360]
2026-07-17T10:58:18.033Z OK 2101-046 faq=3 [12/360]
2026-07-17T10:58:21.402Z OK 1403-002 faq=3 [13/360]
2026-07-17T10:58:21.583Z OK 1002-003 faq=3 [14/360]
2026-07-17T10:58:22.042Z OK 1101-011 faq=3 [15/360]
2026-07-17T10:58:22.359Z OK 1000-015 faq=3 [16/360]
2026-07-17T10:58:22.407Z OK 1503-046 faq=3 [17/360]
2026-07-17T10:58:26.536Z OK 1101-010 faq=3 [18/360]
2026-07-17T10:58:29.636Z OK 2101-036 faq=3 [19/360]
2026-07-17T10:58:29.808Z OK 2105-015 faq=3 [20/360]
2026-07-17T10:58:30.692Z OK 1001-006 faq=3 [21/360]
2026-07-17T10:58:31.864Z OK 1300-039 faq=3 [22/360]
2026-07-17T10:58:34.404Z OK 2101-053 faq=3 [23/360]
2026-07-17T10:58:34.612Z OK 1005-030 faq=3 [24/360]
2026-07-17T10:58:37.769Z OK 1503-027 faq=3 [25/360]
2026-07-17T10:58:37.833Z OK 1001-008 faq=3 [26/360]
2026-07-17T10:58:37.876Z OK 2101-006 faq=3 [27/360]
2026-07-17T10:58:40.353Z OK 2109-017 faq=3 [28/360]
2026-07-17T10:58:42.956Z OK 1300-021 faq=3 [29/360]
2026-07-17T10:58:45.816Z OK 1801-004 faq=4 [30/360]
2026-07-17T10:58:46.192Z OK 2101-025 faq=4 [31/360]
2026-07-17T10:58:46.343Z OK 2100-024 faq=3 [32/360]
2026-07-17T10:58:46.719Z OK 1503-047 faq=4 [33/360]
2026-07-17T10:58:49.004Z OK 2101-076 faq=3 [34/360]
2026-07-17T10:58:51.200Z OK 1901-027 faq=3 [35/360]
2026-07-17T10:58:53.591Z OK 2101-081 faq=3 [36/360]
2026-07-17T10:58:53.765Z OK 1901-026 faq=3 [37/360]
2026-07-17T10:58:53.780Z OK 1603-008 faq=3 [38/360]
2026-07-17T10:58:54.500Z OK 2109-038 faq=3 [39/360]
2026-07-17T10:58:57.751Z OK 1503-053 faq=3 [40/360]
2026-07-17T10:58:59.356Z OK 1503-042 faq=3 [41/360]
2026-07-17T10:59:01.115Z OK 1604-012 faq=3 [42/360]
2026-07-17T10:59:01.283Z OK 1101-006 faq=3 [43/360]
2026-07-17T10:59:01.900Z OK 1001-003 faq=3 [44/360]
2026-07-17T10:59:03.363Z OK 1901-025 faq=4 [45/360]
2026-07-17T10:59:05.535Z OK 2105-022 faq=3 [46/360]
2026-07-17T10:59:06.790Z OK 2101-038 faq=3 [47/360]
2026-07-17T10:59:09.463Z OK 1203-030 faq=3 [48/360]
2026-07-17T10:59:09.651Z OK 2101-086 faq=3 [49/360]
2026-07-17T10:59:10.634Z OK 2101-014 faq=3 [50/360]
2026-07-17T10:59:11.895Z OK 1702-047 faq=3 [51/360]
2026-07-17T10:59:13.055Z OK 2101-069 faq=3 [52/360]
2026-07-17T10:59:13.986Z OK 1600-026 faq=3 [53/360]
2026-07-17T10:59:16.887Z OK 1203-012 faq=3 [54/360]
2026-07-17T10:59:18.970Z OK 1802-002 faq=3 [55/360]
2026-07-17T10:59:19.715Z OK 1702-042 faq=3 [56/360]
2026-07-17T10:59:20.367Z OK 1803-003 faq=3 [57/360]
2026-07-17T10:59:21.031Z OK 2101-015 faq=3 [58/360]
2026-07-17T10:59:22.215Z OK 1204-001 faq=3 [59/360]
2026-07-17T10:59:23.975Z OK 1300-028 faq=3 [60/360]
2026-07-17T10:59:25.995Z OK 2100-004 faq=3 [61/360]
2026-07-17T10:59:27.862Z OK 1203-022 faq=3 [62/360]
2026-07-17T10:59:28.051Z OK 2101-085 faq=3 [63/360]
2026-07-17T10:59:28.187Z OK 1005-021 faq=3 [64/360]
2026-07-17T10:59:30.571Z OK 2100-012 faq=3 [65/360]
2026-07-17T10:59:31.879Z OK 2109-029 faq=3 [66/360]
2026-07-17T10:59:34.307Z OK 2100-023 faq=3 [67/360]
2026-07-17T10:59:35.687Z OK 2101-089 faq=3 [68/360]
2026-07-17T10:59:35.811Z OK 2101-020 faq=3 [69/360]
2026-07-17T10:59:38.367Z OK 1204-009 faq=3 [70/360]
2026-07-17T10:59:38.942Z OK 2001-002 faq=3 [71/360]
2026-07-17T10:59:39.199Z OK 1601-021 faq=3 [72/360]
2026-07-17T10:59:41.619Z OK 2105-006 faq=3 [73/360]
2026-07-17T10:59:42.843Z OK 1606-003 faq=3 [74/360]
2026-07-17T10:59:44.100Z OK 2101-098 faq=3 [75/360]
2026-07-17T10:59:44.987Z OK 2104-013 faq=3 [76/360]
2026-07-17T10:59:46.670Z OK 1605-006 faq=3 [77/360]
2026-07-17T10:59:48.739Z OK 1100-001 faq=3 [78/360]
2026-07-17T10:59:49.671Z OK 2101-003 faq=3 [79/360]
2026-07-17T10:59:51.535Z OK 2101-057 faq=3 [80/360]
2026-07-17T10:59:52.284Z OK 2101-033 faq=3 [81/360]
2026-07-17T10:59:52.464Z OK 2101-011 faq=3 [82/360]
2026-07-17T10:59:54.341Z OK 2101-045 faq=3 [83/360]
2026-07-17T10:59:56.656Z OK 1702-109 faq=3 [84/360]
2026-07-17T10:59:57.097Z OK 1102-003 faq=3 [85/360]
2026-07-17T10:59:58.843Z OK 2101-009 faq=3 [86/360]
2026-07-17T10:59:59.576Z OK 2101-058 faq=3 [87/360]
2026-07-17T11:00:01.415Z OK 1202-015 faq=3 [88/360]
2026-07-17T11:00:02.003Z OK 2104-004 faq=3 [89/360]
2026-07-17T11:00:04.335Z OK 1202-018 faq=3 [90/360]
2026-07-17T11:00:06.019Z OK 2101-079 faq=3 [91/360]
2026-07-17T11:00:07.459Z OK 1203-029 faq=3 [92/360]
2026-07-17T11:00:08.308Z OK 2101-042 faq=3 [93/360]
2026-07-17T11:00:09.579Z OK 2002-017 faq=3 [94/360]
2026-07-17T11:00:09.732Z OK 1802-003 faq=3 [95/360]
2026-07-17T11:00:13.088Z OK 1001-011 faq=3 [96/360]
2026-07-17T11:00:13.356Z OK 1202-009 faq=3 [97/360]
2026-07-17T11:00:15.207Z OK 1203-008 faq=3 [98/360]
2026-07-17T11:00:17.319Z OK 1503-017 faq=3 [99/360]
2026-07-17T11:00:17.348Z OK 2101-007 faq=3 [100/360]
2026-07-17T11:00:18.996Z OK 1802-001 faq=3 [101/360]
2026-07-17T11:00:20.860Z OK 1801-001 faq=3 [102/360]
2026-07-17T11:00:21.604Z OK 1604-001 faq=3 [103/360]
2026-07-17T11:00:22.739Z OK 1600-004 faq=3 [104/360]
2026-07-17T11:00:24.852Z OK 1804-002 faq=3 [105/360]
2026-07-17T11:00:25.372Z OK 2101-041 faq=3 [106/360]
2026-07-17T11:00:26.456Z OK 1300-025 faq=3 [107/360]
2026-07-17T11:00:28.800Z OK 2101-083 faq=3 [108/360]
2026-07-17T11:00:29.436Z OK 1601-011 faq=3 [109/360]
2026-07-17T11:00:30.360Z OK 1702-046 faq=3 [110/360]
2026-07-17T11:00:33.208Z OK 2109-014 faq=3 [111/360]
2026-07-17T11:00:33.276Z OK 1202-006 faq=3 [112/360]
2026-07-17T11:00:36.736Z OK 1300-027 faq=3 [113/360]
2026-07-17T11:00:37.949Z OK 2101-002 faq=3 [114/360]
2026-07-17T11:00:37.964Z OK 2104-009 faq=3 [115/360]
2026-07-17T11:00:40.784Z OK 2101-019 faq=3 [116/360]
2026-07-17T11:00:41.675Z OK 2002-019 faq=3 [117/360]
2026-07-17T11:00:43.855Z OK 1202-002 faq=3 [118/360]
2026-07-17T11:00:45.231Z OK 1600-041 faq=3 [119/360]
2026-07-17T11:00:46.532Z OK 2101-027 faq=3 [120/360]
2026-07-17T11:00:46.567Z OK 1604-010 faq=3 [121/360]
2026-07-17T11:00:51.529Z OK 1601-028 faq=3 [122/360]
2026-07-17T11:00:51.624Z OK 1402-016 faq=3 [123/360]
2026-07-17T11:00:52.908Z OK 2101-032 faq=3 [124/360]
2026-07-17T11:00:54.375Z OK 1100-004 faq=3 [125/360]
2026-07-17T11:00:54.923Z OK 2105-001 faq=4 [126/360]
2026-07-17T11:00:56.231Z OK 2000-002 faq=4 [127/360]
2026-07-17T11:01:00.559Z OK 2101-034 faq=3 [128/360]
2026-07-17T11:01:00.603Z OK 2101-050 faq=4 [129/360]
2026-07-17T11:01:00.830Z OK 2101-049 faq=4 [130/360]
2026-07-17T11:01:02.312Z OK 1802-004 faq=4 [131/360]
2026-07-17T11:01:04.135Z OK 2101-026 faq=4 [132/360]
2026-07-17T11:01:05.071Z OK 2101-029 faq=4 [133/360]
2026-07-17T11:01:08.064Z OK 2101-052 faq=3 [134/360]
2026-07-17T11:01:08.606Z OK 2101-080 faq=3 [135/360]
2026-07-17T11:01:10.371Z OK 2101-061 faq=3 [136/360]
2026-07-17T11:01:11.406Z OK 1603-009 faq=3 [137/360]
2026-07-17T11:01:12.456Z OK 1901-021 faq=4 [138/360]
2026-07-17T11:01:13.587Z OK 2105-003 faq=3 [139/360]
2026-07-17T11:01:15.978Z OK 2101-048 faq=3 [140/360]
2026-07-17T11:01:18.323Z OK 1701-009 faq=3 [141/360]
2026-07-17T11:01:19.610Z OK 1701-015 faq=3 [142/360]
2026-07-17T11:01:20.491Z OK 1203-007 faq=3 [143/360]
2026-07-17T11:01:21.479Z OK 1701-014 faq=3 [144/360]
2026-07-17T11:01:22.567Z OK 1701-046 faq=3 [145/360]
2026-07-17T11:01:23.111Z OK 2101-012 faq=3 [146/360]
2026-07-17T11:01:25.143Z OK 1102-006 faq=3 [147/360]
2026-07-17T11:01:28.223Z OK 2101-075 faq=3 [148/360]
2026-07-17T11:01:29.399Z OK 2104-005 faq=3 [149/360]
2026-07-17T11:01:30.078Z OK 2101-022 faq=3 [150/360]
2026-07-17T11:01:30.187Z OK 1005-014 faq=3 [151/360]
2026-07-17T11:01:32.679Z OK 1605-005 faq=3 [152/360]
2026-07-17T11:01:33.744Z OK 1503-054 faq=3 [153/360]
2026-07-17T11:01:35.547Z OK 1101-001 faq=3 [154/360]
2026-07-17T11:01:36.599Z OK 1803-005 faq=3 [155/360]
2026-07-17T11:01:37.875Z OK 1901-016 faq=3 [156/360]
2026-07-17T11:01:38.327Z OK 1503-060 faq=3 [157/360]
2026-07-17T11:01:40.855Z OK 1603-015 faq=3 [158/360]
2026-07-17T11:01:41.795Z OK 2004-003 faq=3 [159/360]
2026-07-17T11:01:44.783Z OK 1600-022 faq=3 [160/360]
2026-07-17T11:01:44.835Z OK 1204-010 faq=3 [161/360]
2026-07-17T11:01:46.067Z OK 2101-090 faq=3 [162/360]
2026-07-17T11:01:49.572Z OK 2100-009 faq=3 [163/360]
2026-07-17T11:01:49.708Z OK 2101-084 faq=3 [164/360]
2026-07-17T11:01:50.103Z OK 1503-013 faq=3 [165/360]
2026-07-17T11:01:51.723Z OK 2101-016 faq=3 [166/360]
2026-07-17T11:01:52.659Z OK 2101-099 faq=3 [167/360]
2026-07-17T11:01:53.731Z OK 1101-008 faq=3 [168/360]
2026-07-17T11:01:58.123Z OK 1402-001 faq=3 [169/360]
2026-07-17T11:01:58.255Z OK 1402-017 faq=3 [170/360]
2026-07-17T11:01:58.511Z OK 1605-003 faq=3 [171/360]
2026-07-17T11:01:58.763Z OK 1503-036 faq=3 [172/360]
2026-07-17T11:02:00.372Z OK 1203-019 faq=3 [173/360]
2026-07-17T11:02:01.883Z OK 1604-019 faq=4 [174/360]
2026-07-17T11:02:06.601Z OK 1300-049 faq=3 [175/360]
2026-07-17T11:02:06.796Z OK 2101-062 faq=4 [176/360]
2026-07-17T11:02:06.905Z OK 1102-007 faq=3 [177/360]
2026-07-17T11:02:07.250Z OK 1101-002 faq=4 [178/360]
2026-07-17T11:02:07.970Z OK 1603-016 faq=3 [179/360]
2026-07-17T11:02:10.401Z OK 2101-056 faq=3 [180/360]
2026-07-17T11:02:14.169Z OK 1604-003 faq=3 [181/360]
2026-07-17T11:02:15.310Z OK 2101-063 faq=4 [182/360]
2026-07-17T11:02:15.474Z OK 1503-029 faq=4 [183/360]
2026-07-17T11:02:15.706Z OK 1101-012 faq=3 [184/360]
2026-07-17T11:02:16.237Z OK 2101-047 faq=4 [185/360]
2026-07-17T11:02:17.989Z OK 2101-017 faq=4 [186/360]
2026-07-17T11:02:23.285Z OK 1605-007 faq=3 [187/360]
2026-07-17T11:02:23.810Z OK 2104-008 faq=3 [188/360]
2026-07-17T11:02:24.663Z OK 1604-004 faq=3 [189/360]
2026-07-17T11:02:24.934Z OK 2101-024 faq=4 [190/360]
2026-07-17T11:02:24.973Z OK 1203-003 faq=4 [191/360]
2026-07-17T11:02:27.201Z OK 2002-003 faq=3 [192/360]
2026-07-17T11:02:31.289Z OK 1601-014 faq=3 [193/360]
2026-07-17T11:02:31.610Z OK 1004-001 faq=3 [194/360]
2026-07-17T11:02:31.811Z OK 2101-055 faq=3 [195/360]
2026-07-17T11:02:32.653Z OK 2002-012 faq=3 [196/360]
2026-07-17T11:02:34.725Z OK 1604-023 faq=3 [197/360]
2026-07-17T11:02:35.585Z OK 1402-004 faq=3 [198/360]
2026-07-17T11:02:40.830Z OK 1701-016 faq=3 [199/360]
2026-07-17T11:02:40.877Z OK 1701-011 faq=3 [200/360]
2026-07-17T11:02:41.090Z OK 2101-054 faq=3 [201/360]
2026-07-17T11:02:41.241Z OK 1204-004 faq=3 [202/360]
2026-07-17T11:02:42.906Z OK 1605-004 faq=3 [203/360]
2026-07-17T11:02:44.197Z OK 1005-017 faq=3 [204/360]
2026-07-17T11:02:48.010Z OK 2101-060 faq=3 [205/360]
2026-07-17T11:02:48.782Z OK 2101-096 faq=3 [206/360]
2026-07-17T11:02:48.791Z OK 1604-008 faq=3 [207/360]
2026-07-17T11:02:49.322Z OK 2109-034 faq=3 [208/360]
2026-07-17T11:02:51.242Z OK 2104-001 faq=3 [209/360]
2026-07-17T11:02:52.025Z OK 2001-005 faq=3 [210/360]
2026-07-17T11:02:56.077Z OK 1001-005 faq=3 [211/360]
2026-07-17T11:02:56.718Z OK 2101-093 faq=3 [212/360]
2026-07-17T11:02:56.845Z OK 1204-012 faq=3 [213/360]
2026-07-17T11:02:58.593Z OK 2104-012 faq=3 [214/360]
2026-07-17T11:02:58.846Z OK 2002-014 faq=3 [215/360]
2026-07-17T11:02:58.974Z OK 1203-021 faq=3 [216/360]
2026-07-17T11:03:04.349Z OK 1102-005 faq=3 [217/360]
2026-07-17T11:03:04.625Z OK 2108-021 faq=3 [218/360]
2026-07-17T11:03:05.738Z OK 1701-012 faq=3 [219/360]
2026-07-17T11:03:06.111Z OK 2104-006 faq=3 [220/360]
2026-07-17T11:03:06.149Z OK 1503-021 faq=3 [221/360]
2026-07-17T11:03:06.410Z OK 2107-003 faq=3 [222/360]
2026-07-17T11:03:12.318Z OK 1603-020 faq=3 [223/360]
2026-07-17T11:03:12.423Z OK 1604-007 faq=3 [224/360]
2026-07-17T11:03:13.930Z OK 1005-016 faq=3 [225/360]
2026-07-17T11:03:14.127Z OK 1603-002 faq=3 [226/360]
2026-07-17T11:03:14.601Z OK 2104-019 faq=3 [227/360]
2026-07-17T11:03:16.290Z OK 1402-014 faq=3 [228/360]
2026-07-17T11:03:20.358Z OK 1600-005 faq=3 [229/360]
2026-07-17T11:03:20.998Z OK 1603-010 faq=3 [230/360]
2026-07-17T11:03:21.558Z OK 1202-013 faq=3 [231/360]
2026-07-17T11:03:22.170Z OK 1605-010 faq=3 [232/360]
2026-07-17T11:03:22.823Z OK 1000-006 faq=3 [233/360]
2026-07-17T11:03:24.434Z OK 2716-047 faq=3 [234/360]
2026-07-17T11:03:27.730Z OK 1605-001 faq=3 [235/360]
2026-07-17T11:03:30.905Z OK 1005-008 faq=3 [236/360]
2026-07-17T11:03:31.094Z OK 1901-012 faq=3 [237/360]
2026-07-17T11:03:31.263Z OK 2004-002 faq=4 [238/360]
2026-07-17T11:03:34.160Z OK 1402-005 faq=3 [239/360]
2026-07-17T11:03:36.316Z OK 1203-001 faq=3 [240/360]
2026-07-17T11:03:36.464Z OK 1901-019 faq=4 [241/360]
2026-07-17T11:03:39.373Z OK 1101-009 faq=3 [242/360]
2026-07-17T11:03:39.375Z OK 1603-013 faq=3 [243/360]
2026-07-17T11:03:39.860Z OK 1701-017 faq=4 [244/360]
2026-07-17T11:03:42.660Z OK 1604-022 faq=4 [245/360]
2026-07-17T11:03:44.220Z OK 1901-014 faq=3 [246/360]
2026-07-17T11:03:45.564Z OK 1002-004 faq=3 [247/360]
2026-07-17T11:03:47.333Z OK 1503-048 faq=3 [248/360]
2026-07-17T11:03:48.177Z OK 1604-015 faq=4 [249/360]
2026-07-17T11:03:50.240Z OK 1503-052 faq=3 [250/360]
2026-07-17T11:03:54.200Z OK 1604-025 faq=3 [251/360]
2026-07-17T11:03:54.264Z OK 1300-002 faq=4 [252/360]
2026-07-17T11:03:54.280Z OK 1503-015 faq=4 [253/360]
2026-07-17T11:03:56.664Z OK 1203-002 faq=3 [254/360]
2026-07-17T11:03:56.928Z OK 2104-020 faq=4 [255/360]
2026-07-17T11:04:00.011Z OK 2100-001 faq=3 [256/360]
2026-07-17T11:04:01.947Z OK 2109-025 faq=3 [257/360]
2026-07-17T11:04:02.107Z OK 2100-011 faq=3 [258/360]
2026-07-17T11:04:02.407Z OK 2002-010 faq=3 [259/360]
2026-07-17T11:04:04.376Z OK 1202-014 faq=3 [260/360]
2026-07-17T11:04:04.976Z OK 1402-002 faq=3 [261/360]
2026-07-17T11:04:08.103Z OK 1001-010 faq=3 [262/360]
2026-07-17T11:04:09.231Z OK 2104-010 faq=3 [263/360]
2026-07-17T11:04:09.932Z OK 1203-031 faq=3 [264/360]
2026-07-17T11:04:10.548Z OK 2101-043 faq=3 [265/360]
2026-07-17T11:04:11.112Z OK 2109-026 faq=3 [266/360]
2026-07-17T11:04:12.744Z OK 1000-003 faq=3 [267/360]
2026-07-17T11:04:16.504Z OK 1605-009 faq=3 [268/360]
2026-07-17T11:04:19.176Z OK 1402-010 faq=3 [269/360]
2026-07-17T11:04:19.185Z OK 1102-002 faq=3 [270/360]
2026-07-17T11:04:19.423Z OK 1604-020 faq=3 [271/360]
2026-07-17T11:04:20.312Z OK 1203-004 faq=3 [272/360]
2026-07-17T11:04:20.728Z OK 1503-051 faq=3 [273/360]
2026-07-17T11:04:24.016Z OK 1604-021 faq=3 [274/360]
2026-07-17T11:04:26.488Z OK 1503-049 faq=3 [275/360]
2026-07-17T11:04:26.528Z OK 1604-011 faq=3 [276/360]
2026-07-17T11:04:27.343Z OK 1204-006 faq=3 [277/360]
2026-07-17T11:04:27.689Z OK 1604-018 faq=3 [278/360]
2026-07-17T11:04:27.859Z OK 1901-015 faq=3 [279/360]
2026-07-17T11:04:34.366Z OK 2104-002 faq=3 [280/360]
2026-07-17T11:04:34.416Z OK 1702-045 faq=3 [281/360]
2026-07-17T11:04:34.564Z OK 1801-003 faq=3 [282/360]
2026-07-17T11:04:34.728Z OK 1901-013 faq=3 [283/360]
2026-07-17T11:04:35.492Z OK 1601-016 faq=3 [284/360]
2026-07-17T11:04:36.276Z OK 1901-018 faq=3 [285/360]
2026-07-17T11:04:42.567Z OK 1604-006 faq=3 [286/360]
2026-07-17T11:04:42.725Z OK 2002-015 faq=3 [287/360]
2026-07-17T11:04:42.780Z OK 1401-002 faq=3 [288/360]
2026-07-17T11:04:42.916Z OK 1702-043 faq=3 [289/360]
2026-07-17T11:04:43.237Z OK 1701-013 faq=3 [290/360]
2026-07-17T11:04:43.880Z OK 1901-023 faq=3 [291/360]
2026-07-17T11:04:50.620Z OK 1203-027 faq=3 [292/360]
2026-07-17T11:04:50.629Z OK 1001-002 faq=3 [293/360]
2026-07-17T11:04:50.771Z OK 1801-008 faq=3 [294/360]
2026-07-17T11:04:50.824Z OK 1202-005 faq=3 [295/360]
2026-07-17T11:04:50.865Z OK 2108-012 faq=3 [296/360]
2026-07-17T11:04:51.747Z OK 1300-034 faq=3 [297/360]
2026-07-17T11:04:59.072Z OK 1901-024 faq=3 [298/360]
2026-07-17T11:04:59.140Z OK 1204-018 faq=3 [299/360]
2026-07-17T11:04:59.149Z OK 1601-017 faq=3 [300/360]
2026-07-17T11:04:59.208Z OK 1005-002 faq=3 [301/360]
2026-07-17T11:05:01.232Z OK 1005-025 faq=4 [302/360]
2026-07-17T11:05:01.376Z OK 1005-018 faq=4 [303/360]
2026-07-17T11:05:07.864Z OK 2109-040 faq=3 [304/360]
2026-07-17T11:05:08.052Z OK 1503-028 faq=3 [305/360]
2026-07-17T11:05:08.201Z OK 1202-008 faq=4 [306/360]
2026-07-17T11:05:08.840Z OK 2101-039 faq=3 [307/360]
2026-07-17T11:05:08.976Z OK 1503-014 faq=3 [308/360]
2026-07-17T11:05:09.978Z OK 1600-024 faq=3 [309/360]
2026-07-17T11:05:16.183Z OK 1503-023 faq=3 [310/360]
2026-07-17T11:05:16.228Z OK 1503-019 faq=3 [311/360]
2026-07-17T11:05:16.324Z OK 1402-006 faq=3 [312/360]
2026-07-17T11:05:16.331Z OK 1503-020 faq=3 [313/360]
2026-07-17T11:05:17.516Z OK 1601-018 faq=3 [314/360]
2026-07-17T11:05:17.551Z OK 2108-003 faq=3 [315/360]
2026-07-17T11:05:23.287Z OK 1803-006 faq=0 [316/360]
2026-07-17T11:05:23.897Z OK 2108-016 faq=3 [317/360]
2026-07-17T11:05:24.369Z OK 1503-044 faq=3 [318/360]
2026-07-17T11:05:24.558Z OK 1503-031 faq=3 [319/360]
2026-07-17T11:05:24.961Z OK 1503-005 faq=3 [320/360]
2026-07-17T11:05:25.358Z OK 2109-006 faq=3 [321/360]
2026-07-17T11:05:28.833Z OK 2108-020 faq=0 [322/360]
2026-07-17T11:05:29.667Z OK 2109-003 faq=0 [323/360]
2026-07-17T11:05:29.793Z OK 2200-002 faq=0 [324/360]
2026-07-17T11:05:29.970Z OK 1300-010 faq=0 [325/360]
2026-07-17T11:05:30.325Z OK 1300-037 faq=0 [326/360]
2026-07-17T11:05:30.641Z OK 2109-002 faq=0 [327/360]
2026-07-17T11:05:34.721Z OK 2108-010 faq=0 [328/360]
2026-07-17T11:05:34.873Z OK 1600-017 faq=0 [329/360]
2026-07-17T11:05:35.725Z OK 1603-014 faq=0 [330/360]
2026-07-17T11:05:36.438Z OK 2105-009 faq=0 [331/360]
2026-07-17T11:05:36.854Z OK 2101-100 faq=0 [332/360]
2026-07-17T11:05:38.914Z OK 2101-018 faq=0 [333/360]
2026-07-17T11:05:39.933Z OK 1601-004 faq=0 [334/360]
2026-07-17T11:05:40.334Z OK 2101-072 faq=0 [335/360]
2026-07-17T11:05:41.274Z OK 2200-001 faq=0 [336/360]
2026-07-17T11:05:41.566Z OK 1300-040 faq=0 [337/360]
2026-07-17T11:05:42.190Z OK 1600-023 faq=0 [338/360]
2026-07-17T11:05:43.942Z OK 1203-016 faq=0 [339/360]
2026-07-17T11:05:45.366Z OK 1601-012 faq=0 [340/360]
2026-07-17T11:05:46.464Z OK 1101-007 faq=0 [341/360]
2026-07-17T11:05:46.787Z OK 1300-019 faq=0 [342/360]
2026-07-17T11:05:47.372Z OK 1300-011 faq=0 [343/360]
2026-07-17T11:05:47.548Z OK 1300-053 faq=0 [344/360]
2026-07-17T11:05:49.616Z OK 2101-095 faq=0 [345/360]
2026-07-17T11:05:50.576Z OK 1503-022 faq=0 [346/360]
2026-07-17T11:05:51.556Z OK 1605-008 faq=0 [347/360]
2026-07-17T11:05:52.120Z OK 1005-024 faq=0 [348/360]
2026-07-17T11:05:52.704Z OK 1603-017 faq=0 [349/360]
2026-07-17T11:05:52.849Z OK 1901-004 faq=0 [350/360]
2026-07-17T11:05:56.396Z OK 1601-025 faq=0 [351/360]
2026-07-17T11:05:56.604Z OK 2101-094 faq=0 [352/360]
2026-07-17T11:05:56.788Z OK 1402-008 faq=0 [353/360]
2026-07-17T11:05:58.540Z OK 1300-003 faq=0 [354/360]
2026-07-17T11:05:58.804Z OK 1600-008 faq=0 [355/360]
2026-07-17T11:05:58.973Z OK 1600-010 faq=0 [356/360]
2026-07-17T11:05:59.572Z OK 1300-016 faq=0 [357/360]
2026-07-17T11:06:00.301Z OK 1300-046 faq=0 [358/360]
2026-07-17T11:06:01.594Z OK 1502-004 faq=0 [359/360]
2026-07-17T11:06:01.601Z OK 1300-001 faq=0 [360/360]
2026-07-17T11:06:01.606Z DONE ok=360 failed=0
2026-07-17T11:29:59.296Z START pending=768 concurrency=6
2026-07-17T11:30:03.638Z OK 1802-001 faq=1 (faq-only) [1/768]
2026-07-17T11:30:03.642Z OK 1005-011 faq=1 (faq-only) [2/768]
2026-07-17T11:30:03.651Z OK 1503-057 faq=1 (faq-only) [3/768]
2026-07-17T11:30:03.738Z OK 1604-001 faq=1 (faq-only) [4/768]
2026-07-17T11:30:04.090Z OK 1402-018 faq=2 (faq-only) [5/768]
2026-07-17T11:30:04.118Z OK 2101-007 faq=1 (faq-only) [6/768]
2026-07-17T11:30:05.493Z OK 1801-001 faq=1 (faq-only) [7/768]
2026-07-17T11:30:05.542Z OK 1600-004 faq=1 (faq-only) [8/768]
2026-07-17T11:30:05.677Z OK 2101-041 faq=1 (faq-only) [9/768]
2026-07-17T11:30:05.797Z OK 1804-002 faq=1 (faq-only) [10/768]
2026-07-17T11:30:05.982Z OK 2101-083 faq=1 (faq-only) [11/768]
2026-07-17T11:30:07.137Z OK 1702-046 faq=1 (faq-only) [12/768]
2026-07-17T11:30:07.293Z OK 1300-025 faq=1 (faq-only) [13/768]
2026-07-17T11:30:07.466Z OK 1603-011 faq=1 (faq-only) [14/768]
2026-07-17T11:30:08.169Z OK 1001-013 faq=2 (faq-only) [15/768]
2026-07-17T11:30:08.229Z OK 1601-003 faq=1 (faq-only) [16/768]
2026-07-17T11:30:09.438Z OK 1702-111 faq=1 (faq-only) [17/768]
2026-07-17T11:30:09.626Z OK 1503-025 faq=2 (faq-only) [18/768]
2026-07-17T11:30:09.774Z OK 1503-027 faq=1 (faq-only) [19/768]
2026-07-17T11:30:09.785Z OK 2101-046 faq=2 (faq-only) [20/768]
2026-07-17T11:30:09.958Z OK 1601-011 faq=1 (faq-only) [21/768]
2026-07-17T11:30:10.022Z OK 1600-003 faq=1 (faq-only) [22/768]
2026-07-17T11:30:11.657Z OK 2109-023 faq=1 (faq-only) [23/768]
2026-07-17T11:30:11.685Z OK 1901-027 faq=1 (faq-only) [24/768]
2026-07-17T11:30:11.929Z OK 1104-003 faq=1 (faq-only) [25/768]
2026-07-17T11:30:12.341Z OK 1503-042 faq=1 (faq-only) [26/768]
2026-07-17T11:30:13.205Z OK 1403-002 faq=1 (faq-only) [27/768]
2026-07-17T11:30:13.645Z OK 2101-066 faq=1 (faq-only) [28/768]
2026-07-17T11:30:13.942Z OK 1503-003 faq=1 (faq-only) [29/768]
2026-07-17T11:30:13.953Z OK 1402-003 faq=2 (faq-only) [30/768]
2026-07-17T11:30:13.998Z OK 1005-012 faq=1 (faq-only) [31/768]
2026-07-17T11:30:15.633Z OK 1503-046 faq=1 (faq-only) [32/768]
2026-07-17T11:30:15.942Z OK 1101-011 faq=1 (faq-only) [33/768]
2026-07-17T11:30:16.058Z OK 2101-005 faq=1 (faq-only) [34/768]
2026-07-17T11:30:16.350Z OK 1000-015 faq=1 (faq-only) [35/768]
2026-07-17T11:30:16.754Z OK 1002-003 faq=1 (faq-only) [36/768]
2026-07-17T11:30:17.362Z OK 1101-010 faq=1 (faq-only) [37/768]
2026-07-17T11:30:17.418Z OK 2101-078 faq=2 [38/768]
2026-07-17T11:30:17.711Z OK 2101-036 faq=1 (faq-only) [39/768]
2026-07-17T11:30:17.842Z OK 2105-015 faq=1 (faq-only) [40/768]
2026-07-17T11:30:17.994Z OK 1300-039 faq=1 (faq-only) [41/768]
2026-07-17T11:30:18.478Z OK 2101-053 faq=1 (faq-only) [42/768]
2026-07-17T11:30:19.457Z OK 2101-006 faq=1 (faq-only) [43/768]
2026-07-17T11:30:19.614Z OK 1503-047 faq=1 (faq-only) [44/768]
2026-07-17T11:30:19.689Z OK 1005-030 faq=1 (faq-only) [45/768]
2026-07-17T11:30:19.973Z OK 1001-006 faq=1 (faq-only) [46/768]
2026-07-17T11:30:19.998Z OK 2002-019 faq=1 (faq-only) [47/768]
2026-07-17T11:30:20.403Z OK 1604-012 faq=1 (faq-only) [48/768]
2026-07-17T11:30:21.223Z OK 1001-008 faq=1 (faq-only) [49/768]
2026-07-17T11:30:21.594Z OK 1001-003 faq=1 (faq-only) [50/768]
2026-07-17T11:30:21.745Z OK 2109-017 faq=1 (faq-only) [51/768]
2026-07-17T11:30:21.811Z OK 1801-004 faq=1 (faq-only) [52/768]
2026-07-17T11:30:22.510Z OK 1300-021 faq=1 (faq-only) [53/768]
2026-07-17T11:30:22.718Z OK 2100-024 faq=1 (faq-only) [54/768]
2026-07-17T11:30:23.034Z OK 2101-025 faq=1 (faq-only) [55/768]
2026-07-17T11:30:23.222Z OK 2101-081 faq=1 (faq-only) [56/768]
2026-07-17T11:30:23.958Z OK 2101-076 faq=1 (faq-only) [57/768]
2026-07-17T11:30:24.326Z OK 1603-008 faq=1 (faq-only) [58/768]
2026-07-17T11:30:24.336Z OK 1901-026 faq=1 (faq-only) [59/768]
2026-07-17T11:30:24.571Z OK 2109-038 faq=1 (faq-only) [60/768]
2026-07-17T11:30:25.074Z OK 1101-006 faq=1 (faq-only) [61/768]
2026-07-17T11:30:25.614Z OK 1901-025 faq=1 (faq-only) [62/768]
2026-07-17T11:30:25.698Z OK 1503-053 faq=1 (faq-only) [63/768]
2026-07-17T11:30:25.970Z OK 2105-022 faq=1 (faq-only) [64/768]
2026-07-17T11:30:26.502Z OK 2101-014 faq=1 (faq-only) [65/768]
2026-07-17T11:30:26.642Z OK 1203-030 faq=1 (faq-only) [66/768]
2026-07-17T11:30:27.239Z OK 2101-086 faq=1 (faq-only) [67/768]
2026-07-17T11:30:27.364Z OK 1702-047 faq=1 (faq-only) [68/768]
2026-07-17T11:30:27.498Z OK 2101-069 faq=1 (faq-only) [69/768]
2026-07-17T11:30:28.142Z OK 2101-038 faq=1 (faq-only) [70/768]
2026-07-17T11:30:28.986Z OK 2101-015 faq=1 (faq-only) [71/768]
2026-07-17T11:30:29.115Z OK 1203-012 faq=1 (faq-only) [72/768]
2026-07-17T11:30:29.171Z OK 1100-003 faq=2 (faq-only) [73/768]
2026-07-17T11:30:29.206Z OK 2100-023 faq=1 (faq-only) [74/768]
2026-07-17T11:30:29.274Z OK 1600-026 faq=1 (faq-only) [75/768]
2026-07-17T11:30:30.071Z OK 1802-002 faq=1 (faq-only) [76/768]
2026-07-17T11:30:31.050Z OK 1204-001 faq=1 (faq-only) [77/768]
2026-07-17T11:30:31.078Z OK 1702-042 faq=1 (faq-only) [78/768]
2026-07-17T11:30:31.234Z OK 2101-020 faq=1 (faq-only) [79/768]
2026-07-17T11:30:31.307Z OK 1803-003 faq=1 (faq-only) [80/768]
2026-07-17T11:30:31.650Z OK 2109-014 faq=1 (faq-only) [81/768]
2026-07-17T11:30:32.238Z OK 1300-028 faq=1 (faq-only) [82/768]
2026-07-17T11:30:32.643Z OK 2100-004 faq=1 (faq-only) [83/768]
2026-07-17T11:30:33.034Z OK 1005-021 faq=1 (faq-only) [84/768]
2026-07-17T11:30:33.246Z OK 2100-012 faq=1 (faq-only) [85/768]
2026-07-17T11:30:33.802Z OK 2109-029 faq=1 (faq-only) [86/768]
2026-07-17T11:30:33.982Z OK 2101-085 faq=1 (faq-only) [87/768]
2026-07-17T11:30:34.394Z OK 2101-089 faq=1 (faq-only) [88/768]
2026-07-17T11:30:34.786Z OK 1203-022 faq=1 (faq-only) [89/768]
2026-07-17T11:30:34.990Z OK 2101-061 faq=1 (faq-only) [90/768]
2026-07-17T11:30:35.642Z OK 1204-009 faq=1 (faq-only) [91/768]
2026-07-17T11:30:35.678Z OK 1102-006 faq=1 (faq-only) [92/768]
2026-07-17T11:30:36.427Z OK 2001-002 faq=1 (faq-only) [93/768]
2026-07-17T11:30:36.439Z OK 2101-099 faq=1 (faq-only) [94/768]
2026-07-17T11:30:36.963Z OK 1601-021 faq=1 (faq-only) [95/768]
2026-07-17T11:30:36.995Z OK 2105-006 faq=1 (faq-only) [96/768]
2026-07-17T11:30:37.779Z OK 1606-003 faq=1 (faq-only) [97/768]
2026-07-17T11:30:38.026Z OK 2104-013 faq=1 (faq-only) [98/768]
2026-07-17T11:30:38.323Z OK 2101-098 faq=1 (faq-only) [99/768]
2026-07-17T11:30:38.678Z OK 1605-006 faq=1 (faq-only) [100/768]
2026-07-17T11:30:39.307Z OK 2101-003 faq=1 (faq-only) [101/768]
2026-07-17T11:30:39.608Z OK 2101-057 faq=1 (faq-only) [102/768]
2026-07-17T11:30:39.811Z OK 2004-003 faq=1 (faq-only) [103/768]
2026-07-17T11:30:39.931Z OK 2101-011 faq=1 (faq-only) [104/768]
2026-07-17T11:30:40.250Z OK 1100-001 faq=1 (faq-only) [105/768]
2026-07-17T11:30:40.278Z OK 2101-033 faq=1 (faq-only) [106/768]
2026-07-17T11:30:41.047Z OK 1402-017 faq=1 (faq-only) [107/768]
2026-07-17T11:30:41.463Z OK 1702-109 faq=1 (faq-only) [108/768]
2026-07-17T11:30:41.678Z OK 1503-036 faq=1 (faq-only) [109/768]
2026-07-17T11:30:41.955Z OK 2101-009 faq=1 (faq-only) [110/768]
2026-07-17T11:30:41.966Z OK 1102-003 faq=1 (faq-only) [111/768]
2026-07-17T11:30:43.115Z OK 1202-015 faq=1 (faq-only) [112/768]
2026-07-17T11:30:43.122Z OK 2101-058 faq=1 (faq-only) [113/768]
2026-07-17T11:30:43.490Z OK 2104-004 faq=1 (faq-only) [114/768]
2026-07-17T11:30:43.794Z OK 1202-018 faq=1 (faq-only) [115/768]
2026-07-17T11:30:44.150Z OK 1604-019 faq=1 (faq-only) [116/768]
2026-07-17T11:30:44.866Z OK 2101-045 faq=1 (faq-only) [117/768]
2026-07-17T11:30:44.946Z OK 1203-029 faq=1 (faq-only) [118/768]
2026-07-17T11:30:45.234Z OK 2101-042 faq=1 (faq-only) [119/768]
2026-07-17T11:30:45.410Z OK 1802-003 faq=1 (faq-only) [120/768]
2026-07-17T11:30:46.187Z OK 2002-017 faq=1 (faq-only) [121/768]
2026-07-17T11:30:46.691Z OK 1604-003 faq=1 (faq-only) [122/768]
2026-07-17T11:30:47.142Z OK 2101-063 faq=1 (faq-only) [123/768]
2026-07-17T11:30:47.486Z OK 1001-011 faq=1 (faq-only) [124/768]
2026-07-17T11:30:47.850Z OK 2101-079 faq=1 (faq-only) [125/768]
2026-07-17T11:30:48.050Z OK 1901-019 faq=1 (faq-only) [126/768]
2026-07-17T11:30:48.371Z OK 1202-009 faq=1 (faq-only) [127/768]
2026-07-17T11:30:48.690Z OK 1503-017 faq=1 (faq-only) [128/768]
2026-07-17T11:30:49.038Z OK 1203-008 faq=1 (faq-only) [129/768]
2026-07-17T11:30:49.466Z OK 1202-006 faq=1 (faq-only) [130/768]
2026-07-17T11:30:49.715Z OK 2101-002 faq=1 (faq-only) [131/768]
2026-07-17T11:30:50.106Z OK 1101-012 faq=1 (faq-only) [132/768]
2026-07-17T11:30:50.406Z OK 1300-027 faq=1 (faq-only) [133/768]
2026-07-17T11:30:50.566Z OK 2101-019 faq=1 (faq-only) [134/768]
2026-07-17T11:30:50.894Z OK 2104-008 faq=1 (faq-only) [135/768]
2026-07-17T11:30:51.394Z OK 1600-041 faq=1 (faq-only) [136/768]
2026-07-17T11:30:51.615Z OK 2104-009 faq=1 (faq-only) [137/768]
2026-07-17T11:30:51.754Z OK 1701-011 faq=1 (faq-only) [138/768]
2026-07-17T11:30:51.894Z OK 1202-002 faq=1 (faq-only) [139/768]
2026-07-17T11:30:52.318Z OK 1604-010 faq=1 (faq-only) [140/768]
2026-07-17T11:30:52.522Z OK 2101-027 faq=1 (faq-only) [141/768]
2026-07-17T11:30:53.426Z OK 1601-028 faq=1 (faq-only) [142/768]
2026-07-17T11:30:53.514Z OK 2716-047 faq=1 (faq-only) [143/768]
2026-07-17T11:30:54.050Z OK 2101-032 faq=1 (faq-only) [144/768]
2026-07-17T11:30:54.231Z OK 2105-001 faq=1 (faq-only) [145/768]
2026-07-17T11:30:54.610Z OK 1402-016 faq=1 (faq-only) [146/768]
2026-07-17T11:30:55.855Z OK 2101-049 faq=1 (faq-only) [147/768]
2026-07-17T11:30:56.091Z OK 1604-008 faq=2 (faq-only) [148/768]
2026-07-17T11:30:56.110Z OK 1100-004 faq=1 (faq-only) [149/768]
2026-07-17T11:30:56.226Z OK 2001-005 faq=1 (faq-only) [150/768]
2026-07-17T11:30:56.358Z OK 2101-096 faq=1 (faq-only) [151/768]
2026-07-17T11:30:56.398Z OK 2000-002 faq=1 (faq-only) [152/768]
2026-07-17T11:30:57.842Z OK 1001-005 faq=1 (faq-only) [153/768]
2026-07-17T11:30:58.106Z OK 2104-006 faq=1 (faq-only) [154/768]
2026-07-17T11:30:58.162Z OK 2104-012 faq=1 (faq-only) [155/768]
2026-07-17T11:30:58.179Z OK 2101-050 faq=1 (faq-only) [156/768]
2026-07-17T11:30:58.203Z OK 2101-034 faq=1 (faq-only) [157/768]
2026-07-17T11:30:58.595Z OK 1802-004 faq=1 (faq-only) [158/768]
2026-07-17T11:30:59.628Z OK 2101-029 faq=1 (faq-only) [159/768]
2026-07-17T11:30:59.772Z OK 2108-021 faq=1 (faq-only) [160/768]
2026-07-17T11:30:59.919Z OK 2101-052 faq=1 (faq-only) [161/768]
2026-07-17T11:31:00.071Z OK 1901-021 faq=1 (faq-only) [162/768]
2026-07-17T11:31:00.266Z OK 2101-080 faq=1 (faq-only) [163/768]
2026-07-17T11:31:00.606Z OK 2101-026 faq=1 (faq-only) [164/768]
2026-07-17T11:31:01.318Z OK 1603-009 faq=1 (faq-only) [165/768]
2026-07-17T11:31:01.606Z OK 1603-020 faq=1 (faq-only) [166/768]
2026-07-17T11:31:01.690Z OK 2105-003 faq=1 (faq-only) [167/768]
2026-07-17T11:31:01.931Z OK 1005-016 faq=1 (faq-only) [168/768]
2026-07-17T11:31:02.382Z OK 2101-048 faq=1 (faq-only) [169/768]
2026-07-17T11:31:03.022Z OK 1701-009 faq=1 (faq-only) [170/768]
2026-07-17T11:31:03.407Z OK 1701-015 faq=1 (faq-only) [171/768]
2026-07-17T11:31:03.546Z OK 1701-046 faq=1 (faq-only) [172/768]
2026-07-17T11:31:03.556Z OK 1203-007 faq=1 (faq-only) [173/768]
2026-07-17T11:31:03.712Z OK 1000-006 faq=1 (faq-only) [174/768]
2026-07-17T11:31:03.858Z OK 1701-014 faq=1 (faq-only) [175/768]
2026-07-17T11:31:04.598Z OK 2101-012 faq=1 (faq-only) [176/768]
2026-07-17T11:31:05.118Z OK 2101-075 faq=1 (faq-only) [177/768]
2026-07-17T11:31:05.159Z OK 2104-005 faq=1 (faq-only) [178/768]
2026-07-17T11:31:05.583Z OK 1005-014 faq=1 (faq-only) [179/768]
2026-07-17T11:31:05.723Z OK 1503-054 faq=1 (faq-only) [180/768]
2026-07-17T11:31:05.959Z OK 2101-022 faq=1 (faq-only) [181/768]
2026-07-17T11:31:06.247Z OK 1605-005 faq=1 (faq-only) [182/768]
2026-07-17T11:31:06.642Z OK 1803-005 faq=1 (faq-only) [183/768]
2026-07-17T11:31:07.015Z OK 1101-001 faq=1 (faq-only) [184/768]
2026-07-17T11:31:07.591Z OK 1005-008 faq=1 (faq-only) [185/768]
2026-07-17T11:31:07.698Z OK 1901-016 faq=1 (faq-only) [186/768]
2026-07-17T11:31:08.039Z OK 1503-060 faq=1 (faq-only) [187/768]
2026-07-17T11:31:08.491Z OK 1603-015 faq=1 (faq-only) [188/768]
2026-07-17T11:31:08.659Z OK 1503-048 faq=1 (faq-only) [189/768]
2026-07-17T11:31:09.811Z OK 1600-022 faq=1 (faq-only) [190/768]
2026-07-17T11:31:09.843Z OK 1204-010 faq=1 (faq-only) [191/768]
2026-07-17T11:31:10.182Z OK 2101-084 faq=1 (faq-only) [192/768]
2026-07-17T11:31:10.222Z OK 2101-090 faq=1 (faq-only) [193/768]
2026-07-17T11:31:11.010Z OK 2100-009 faq=1 (faq-only) [194/768]
2026-07-17T11:31:11.566Z OK 2101-016 faq=1 (faq-only) [195/768]
2026-07-17T11:31:11.706Z OK 1101-008 faq=1 (faq-only) [196/768]
2026-07-17T11:31:11.866Z OK 1503-013 faq=1 (faq-only) [197/768]
2026-07-17T11:31:12.130Z OK 1402-001 faq=1 (faq-only) [198/768]
2026-07-17T11:31:13.022Z OK 1605-003 faq=1 (faq-only) [199/768]
2026-07-17T11:31:13.115Z OK 1203-019 faq=1 (faq-only) [200/768]
2026-07-17T11:31:13.362Z OK 2101-062 faq=1 (faq-only) [201/768]
2026-07-17T11:31:13.415Z OK 1102-007 faq=1 (faq-only) [202/768]
2026-07-17T11:31:13.850Z OK 1300-049 faq=1 (faq-only) [203/768]
2026-07-17T11:31:14.622Z OK 1203-001 faq=1 (faq-only) [204/768]
2026-07-17T11:31:14.910Z OK 1603-016 faq=1 (faq-only) [205/768]
2026-07-17T11:31:15.306Z OK 1503-029 faq=1 (faq-only) [206/768]
2026-07-17T11:31:15.398Z OK 1101-002 faq=1 (faq-only) [207/768]
2026-07-17T11:31:15.562Z OK 2101-047 faq=1 (faq-only) [208/768]
2026-07-17T11:31:16.158Z OK 2101-017 faq=1 (faq-only) [209/768]
2026-07-17T11:31:16.507Z OK 1604-004 faq=1 (faq-only) [210/768]
2026-07-17T11:31:16.890Z OK 2101-056 faq=1 (faq-only) [211/768]
2026-07-17T11:31:17.319Z OK 1605-007 faq=1 (faq-only) [212/768]
2026-07-17T11:31:17.558Z OK 2101-024 faq=1 (faq-only) [213/768]
2026-07-17T11:31:17.851Z OK 2002-003 faq=1 (faq-only) [214/768]
2026-07-17T11:31:18.071Z OK 1601-014 faq=1 (faq-only) [215/768]
2026-07-17T11:31:18.266Z OK 1203-003 faq=1 (faq-only) [216/768]
2026-07-17T11:31:18.911Z OK 2101-055 faq=1 (faq-only) [217/768]
2026-07-17T11:31:19.295Z OK 1604-023 faq=1 (faq-only) [218/768]
2026-07-17T11:31:19.570Z OK 2002-012 faq=1 (faq-only) [219/768]
2026-07-17T11:31:19.782Z OK 1004-001 faq=1 (faq-only) [220/768]
2026-07-17T11:31:19.966Z OK 1402-004 faq=1 (faq-only) [221/768]
2026-07-17T11:31:20.063Z OK 1701-016 faq=1 (faq-only) [222/768]
2026-07-17T11:31:20.499Z OK 2101-054 faq=1 (faq-only) [223/768]
2026-07-17T11:31:20.991Z OK 1204-004 faq=1 (faq-only) [224/768]
2026-07-17T11:31:21.586Z OK 1005-017 faq=1 (faq-only) [225/768]
2026-07-17T11:31:22.202Z OK 2101-060 faq=1 (faq-only) [226/768]
2026-07-17T11:31:22.210Z OK 2109-034 faq=1 (faq-only) [227/768]
2026-07-17T11:31:22.402Z OK 2104-001 faq=1 (faq-only) [228/768]
2026-07-17T11:31:22.534Z OK 1605-004 faq=1 (faq-only) [229/768]
2026-07-17T11:31:22.818Z OK 2101-093 faq=1 (faq-only) [230/768]
2026-07-17T11:31:23.330Z OK 1203-021 faq=1 (faq-only) [231/768]
2026-07-17T11:31:23.690Z OK 2002-014 faq=1 (faq-only) [232/768]
2026-07-17T11:31:23.882Z OK 1204-012 faq=1 (faq-only) [233/768]
2026-07-17T11:31:24.187Z OK 1701-012 faq=1 (faq-only) [234/768]
2026-07-17T11:31:24.298Z OK 1102-005 faq=1 (faq-only) [235/768]
2026-07-17T11:31:25.398Z OK 1604-007 faq=1 (faq-only) [236/768]
2026-07-17T11:31:25.430Z OK 1503-021 faq=1 (faq-only) [237/768]
2026-07-17T11:31:25.578Z OK 2107-003 faq=1 (faq-only) [238/768]
2026-07-17T11:31:25.594Z OK 1402-014 faq=1 (faq-only) [239/768]
2026-07-17T11:31:25.807Z OK 1603-002 faq=1 (faq-only) [240/768]
2026-07-17T11:31:25.986Z OK 2104-019 faq=1 (faq-only) [241/768]
2026-07-17T11:31:26.847Z OK 1600-005 faq=1 (faq-only) [242/768]
2026-07-17T11:31:27.218Z OK 1202-013 faq=1 (faq-only) [243/768]
2026-07-17T11:31:27.227Z OK 1605-010 faq=1 (faq-only) [244/768]
2026-07-17T11:31:27.423Z OK 1603-010 faq=1 (faq-only) [245/768]
2026-07-17T11:31:27.630Z OK 1901-012 faq=1 (faq-only) [246/768]
2026-07-17T11:31:27.751Z OK 1605-001 faq=2 (faq-only) [247/768]
2026-07-17T11:31:29.006Z OK 1603-013 faq=1 (faq-only) [248/768]
2026-07-17T11:31:29.243Z OK 1402-005 faq=1 (faq-only) [249/768]
2026-07-17T11:31:29.982Z OK 1701-017 faq=2 (faq-only) [250/768]
2026-07-17T11:31:30.110Z OK 2004-002 faq=2 (faq-only) [251/768]
2026-07-17T11:31:30.762Z OK 1901-014 faq=1 (faq-only) [252/768]
2026-07-17T11:31:31.150Z OK 1002-004 faq=1 (faq-only) [253/768]
2026-07-17T11:31:31.291Z OK 1604-022 faq=2 (faq-only) [254/768]
2026-07-17T11:31:32.010Z OK 1503-015 faq=1 (faq-only) [255/768]
2026-07-17T11:31:32.379Z OK 1503-052 faq=1 (faq-only) [256/768]
2026-07-17T11:31:32.815Z OK 1300-002 faq=1 (faq-only) [257/768]
2026-07-17T11:31:33.443Z OK 1604-025 faq=2 (faq-only) [258/768]
2026-07-17T11:31:33.982Z OK 1604-015 faq=2 (faq-only) [259/768]
2026-07-17T11:31:34.348Z OK 2100-001 faq=1 (faq-only) [260/768]
2026-07-17T11:31:34.567Z OK 1203-002 faq=2 (faq-only) [261/768]
2026-07-17T11:31:34.866Z OK 2104-020 faq=2 (faq-only) [262/768]
2026-07-17T11:31:34.975Z OK 2109-025 faq=1 (faq-only) [263/768]
2026-07-17T11:31:35.982Z OK 2002-010 faq=1 (faq-only) [264/768]
2026-07-17T11:31:36.247Z OK 1402-002 faq=1 (faq-only) [265/768]
2026-07-17T11:31:36.339Z OK 2100-011 faq=1 (faq-only) [266/768]
2026-07-17T11:31:36.650Z OK 1202-014 faq=1 (faq-only) [267/768]
2026-07-17T11:31:37.206Z OK 1001-010 faq=2 (faq-only) [268/768]
2026-07-17T11:31:37.279Z OK 1101-009 faq=1 (faq-only) [269/768]
2026-07-17T11:31:37.915Z OK 1203-031 faq=1 (faq-only) [270/768]
2026-07-17T11:31:38.827Z OK 2101-043 faq=2 (faq-only) [271/768]
2026-07-17T11:31:38.835Z OK 1203-004 faq=1 (faq-only) [272/768]
2026-07-17T11:31:39.227Z OK 1000-003 faq=2 (faq-only) [273/768]
2026-07-17T11:31:39.503Z OK 1605-009 faq=1 (faq-only) [274/768]
2026-07-17T11:31:40.431Z OK 2109-026 faq=2 (faq-only) [275/768]
2026-07-17T11:31:40.947Z OK 2104-010 faq=2 (faq-only) [276/768]
2026-07-17T11:31:40.954Z OK 1402-010 faq=1 (faq-only) [277/768]
2026-07-17T11:31:41.115Z OK 1604-020 faq=1 (faq-only) [278/768]
2026-07-17T11:31:41.215Z OK 1102-002 faq=1 (faq-only) [279/768]
2026-07-17T11:31:42.770Z OK 1503-049 faq=1 (faq-only) [280/768]
2026-07-17T11:31:42.798Z OK 1503-051 faq=2 (faq-only) [281/768]
2026-07-17T11:31:42.935Z OK 1604-021 faq=1 (faq-only) [282/768]
2026-07-17T11:31:42.982Z OK 1901-015 faq=1 (faq-only) [283/768]
2026-07-17T11:31:43.471Z OK 1204-006 faq=1 (faq-only) [284/768]
2026-07-17T11:31:43.827Z OK 1604-011 faq=1 (faq-only) [285/768]
2026-07-17T11:31:44.303Z OK 1604-018 faq=1 (faq-only) [286/768]
2026-07-17T11:31:44.591Z OK 2104-002 faq=1 (faq-only) [287/768]
2026-07-17T11:31:45.319Z OK 1801-003 faq=2 (faq-only) [288/768]
2026-07-17T11:31:45.547Z OK 1901-013 faq=1 (faq-only) [289/768]
2026-07-17T11:31:45.682Z OK 1702-045 faq=2 (faq-only) [290/768]
2026-07-17T11:31:46.031Z OK 1901-018 faq=2 (faq-only) [291/768]
2026-07-17T11:31:46.690Z OK 1702-043 faq=2 (faq-only) [292/768]
2026-07-17T11:31:47.975Z OK 1401-002 faq=2 (faq-only) [293/768]
2026-07-17T11:31:48.080Z OK 1604-006 faq=2 (faq-only) [294/768]
2026-07-17T11:31:48.114Z OK 1701-013 faq=2 (faq-only) [295/768]
2026-07-17T11:31:48.295Z OK 2002-015 faq=2 (faq-only) [296/768]
2026-07-17T11:31:48.298Z OK 1601-016 faq=2 (faq-only) [297/768]
2026-07-17T11:31:49.099Z OK 1901-023 faq=2 (faq-only) [298/768]
2026-07-17T11:31:49.975Z OK 1202-005 faq=1 (faq-only) [299/768]
2026-07-17T11:31:50.019Z OK 1801-008 faq=2 (faq-only) [300/768]
2026-07-17T11:31:50.132Z OK 2108-012 faq=2 (faq-only) [301/768]
2026-07-17T11:31:50.210Z OK 1001-002 faq=2 (faq-only) [302/768]
2026-07-17T11:31:50.775Z OK 1300-034 faq=1 (faq-only) [303/768]
2026-07-17T11:31:51.211Z OK 1203-027 faq=2 (faq-only) [304/768]
2026-07-17T11:31:51.611Z OK 1901-024 faq=1 (faq-only) [305/768]
2026-07-17T11:31:51.879Z OK 1005-025 faq=1 (faq-only) [306/768]
2026-07-17T11:31:52.148Z OK 1005-002 faq=1 (faq-only) [307/768]
2026-07-17T11:31:52.166Z OK 1601-017 faq=1 (faq-only) [308/768]
2026-07-17T11:31:52.771Z OK 1005-018 faq=1 (faq-only) [309/768]
2026-07-17T11:31:53.007Z OK 1204-018 faq=1 (faq-only) [310/768]
2026-07-17T11:31:53.463Z OK 1503-028 faq=1 (faq-only) [311/768]
2026-07-17T11:31:54.094Z OK 1600-024 faq=1 (faq-only) [312/768]
2026-07-17T11:31:54.127Z OK 1202-008 faq=1 (faq-only) [313/768]
2026-07-17T11:31:54.948Z OK 2101-039 faq=1 (faq-only) [314/768]
2026-07-17T11:31:54.963Z OK 2109-040 faq=1 (faq-only) [315/768]
2026-07-17T11:31:55.548Z OK 1503-014 faq=1 (faq-only) [316/768]
2026-07-17T11:31:55.755Z OK 1503-023 faq=1 (faq-only) [317/768]
2026-07-17T11:31:55.991Z OK 1503-020 faq=1 (faq-only) [318/768]
2026-07-17T11:31:56.186Z OK 1402-006 faq=1 (faq-only) [319/768]
2026-07-17T11:31:57.127Z OK 1503-019 faq=1 (faq-only) [320/768]
2026-07-17T11:31:57.419Z OK 1503-044 faq=1 (faq-only) [321/768]
2026-07-17T11:31:57.471Z OK 1503-005 faq=1 (faq-only) [322/768]
2026-07-17T11:31:57.555Z OK 1601-018 faq=1 (faq-only) [323/768]
2026-07-17T11:31:57.715Z OK 2108-003 faq=1 (faq-only) [324/768]
2026-07-17T11:31:57.879Z OK 1503-031 faq=1 (faq-only) [325/768]
2026-07-17T11:31:58.818Z OK 2108-016 faq=1 (faq-only) [326/768]
2026-07-17T11:31:59.142Z OK 1600-025 faq=1 (faq-only) [327/768]
2026-07-17T11:31:59.395Z OK 1803-006 faq=1 (faq-only) [328/768]
2026-07-17T11:31:59.987Z OK 1502-002 faq=1 (faq-only) [329/768]
2026-07-17T11:32:00.062Z OK 2109-006 faq=1 (faq-only) [330/768]
2026-07-17T11:32:00.183Z OK 2108-013 faq=1 (faq-only) [331/768]
2026-07-17T11:32:00.398Z OK 2108-020 faq=1 (faq-only) [332/768]
2026-07-17T11:32:01.039Z OK 2100-007 faq=1 (faq-only) [333/768]
2026-07-17T11:32:01.692Z OK 2109-016 faq=1 (faq-only) [334/768]
2026-07-17T11:32:01.927Z OK 1403-001 faq=1 (faq-only) [335/768]
2026-07-17T11:32:02.151Z OK 2109-003 faq=2 (faq-only) [336/768]
2026-07-17T11:32:02.744Z OK 1805-001 faq=2 (faq-only) [337/768]
2026-07-17T11:32:03.015Z OK 2200-002 faq=2 (faq-only) [338/768]
2026-07-17T11:32:03.701Z OK 1300-004 faq=2 (faq-only) [339/768]
2026-07-17T11:32:03.999Z OK 1300-010 faq=2 (faq-only) [340/768]
2026-07-17T11:32:04.411Z OK 1300-037 faq=2 (faq-only) [341/768]
2026-07-17T11:32:05.127Z OK 2101-088 faq=2 (faq-only) [342/768]
2026-07-17T11:32:05.619Z OK 1901-017 faq=2 (faq-only) [343/768]
2026-07-17T11:32:06.383Z OK 1100-002 faq=2 (faq-only) [344/768]
2026-07-17T11:32:06.766Z OK 1601-015 faq=2 (faq-only) [345/768]
2026-07-17T11:32:06.896Z OK 2101-100 faq=2 (faq-only) [346/768]
2026-07-17T11:32:07.770Z OK 1600-038 faq=2 (faq-only) [347/768]
2026-07-17T11:32:07.778Z OK 1402-009 faq=2 (faq-only) [348/768]
2026-07-17T11:32:08.895Z OK 2108-010 faq=2 (faq-only) [349/768]
2026-07-17T11:32:09.199Z OK 2109-002 faq=2 (faq-only) [350/768]
2026-07-17T11:32:09.347Z OK 1503-016 faq=2 (faq-only) [351/768]
2026-07-17T11:32:09.691Z OK 1300-017 faq=2 (faq-only) [352/768]
2026-07-17T11:32:09.856Z OK 1300-051 faq=2 (faq-only) [353/768]
2026-07-17T11:32:10.139Z OK 1600-017 faq=2 (faq-only) [354/768]
2026-07-17T11:32:11.028Z OK 1901-005 faq=2 (faq-only) [355/768]
2026-07-17T11:32:11.391Z OK 2109-032 faq=2 (faq-only) [356/768]
2026-07-17T11:32:11.531Z OK 2108-004 faq=2 (faq-only) [357/768]
2026-07-17T11:32:12.275Z OK 1300-031 faq=2 (faq-only) [358/768]
2026-07-17T11:32:12.334Z OK 1203-026 faq=2 (faq-only) [359/768]
2026-07-17T11:32:12.435Z OK 1603-014 faq=2 (faq-only) [360/768]
2026-07-17T11:32:13.294Z OK 1503-041 faq=2 (faq-only) [361/768]
2026-07-17T11:32:13.406Z OK 1205-024 faq=1 (faq-only) [362/768]
2026-07-17T11:32:14.058Z OK 2101-018 faq=1 (faq-only) [363/768]
2026-07-17T11:32:14.074Z OK 2101-072 faq=1 (faq-only) [364/768]
2026-07-17T11:32:14.283Z OK 2105-009 faq=2 (faq-only) [365/768]
2026-07-17T11:32:14.831Z OK 1601-004 faq=1 (faq-only) [366/768]
2026-07-17T11:32:15.335Z OK 1600-015 faq=2 (faq-only) [367/768]
2026-07-17T11:32:15.526Z OK 1901-010 faq=1 (faq-only) [368/768]
2026-07-17T11:32:15.675Z OK 2000-001 faq=1 (faq-only) [369/768]
2026-07-17T11:32:15.955Z OK 1300-040 faq=1 (faq-only) [370/768]
2026-07-17T11:32:15.971Z OK 2200-001 faq=1 (faq-only) [371/768]
2026-07-17T11:32:16.595Z OK 1600-023 faq=1 (faq-only) [372/768]
2026-07-17T11:32:16.859Z OK 1203-017 faq=1 (faq-only) [373/768]
2026-07-17T11:32:17.247Z OK 1001-001 faq=1 (faq-only) [374/768]
2026-07-17T11:32:17.299Z OK 1002-002 faq=1 (faq-only) [375/768]
2026-07-17T11:32:17.483Z OK 1901-008 faq=1 (faq-only) [376/768]
2026-07-17T11:32:17.783Z OK 1005-020 faq=1 (faq-only) [377/768]
2026-07-17T11:32:18.415Z OK 1203-016 faq=1 (faq-only) [378/768]
2026-07-17T11:32:19.087Z OK 1202-007 faq=1 (faq-only) [379/768]
2026-07-17T11:32:19.215Z OK 2101-092 faq=1 (faq-only) [380/768]
2026-07-17T11:32:19.279Z OK 1505-004 faq=1 (faq-only) [381/768]
2026-07-17T11:32:19.531Z OK 1000-010 faq=1 (faq-only) [382/768]
2026-07-17T11:32:20.227Z OK 1300-023 faq=1 (faq-only) [383/768]
2026-07-17T11:32:20.479Z OK 1005-029 faq=1 (faq-only) [384/768]
2026-07-17T11:32:20.651Z OK 2107-005 faq=1 (faq-only) [385/768]
2026-07-17T11:32:20.723Z OK 1601-012 faq=1 (faq-only) [386/768]
2026-07-17T11:32:21.043Z OK 1101-007 faq=1 (faq-only) [387/768]
2026-07-17T11:32:21.635Z OK 1300-053 faq=1 (faq-only) [388/768]
2026-07-17T11:32:21.852Z OK 1204-011 faq=1 (faq-only) [389/768]
2026-07-17T11:32:22.443Z OK 1005-001 faq=1 (faq-only) [390/768]
2026-07-17T11:32:22.567Z OK 1300-011 faq=1 (faq-only) [391/768]
2026-07-17T11:32:22.903Z OK 1300-044 faq=1 (faq-only) [392/768]
2026-07-17T11:32:23.583Z OK 1300-019 faq=1 (faq-only) [393/768]
2026-07-17T11:32:23.803Z OK 1502-010 faq=1 (faq-only) [394/768]
2026-07-17T11:32:23.947Z OK 2101-095 faq=1 (faq-only) [395/768]
2026-07-17T11:32:24.163Z OK 1503-022 faq=1 (faq-only) [396/768]
2026-07-17T11:32:24.979Z OK 1503-008 faq=1 (faq-only) [397/768]
2026-07-17T11:32:25.234Z OK 1605-008 faq=1 (faq-only) [398/768]
2026-07-17T11:32:25.811Z OK 1603-017 faq=1 (faq-only) [399/768]
2026-07-17T11:32:25.967Z OK 1005-024 faq=1 (faq-only) [400/768]
2026-07-17T11:32:26.445Z OK 1901-004 faq=1 (faq-only) [401/768]
2026-07-17T11:32:26.728Z OK 2101-004 faq=1 (faq-only) [402/768]
2026-07-17T11:32:26.819Z OK 2107-001 faq=1 (faq-only) [403/768]
2026-07-17T11:32:27.236Z OK 1600-009 faq=1 (faq-only) [404/768]
2026-07-17T11:32:28.007Z OK 1402-008 faq=1 (faq-only) [405/768]
2026-07-17T11:32:28.235Z OK 2101-094 faq=1 (faq-only) [406/768]
2026-07-17T11:32:28.451Z OK 1603-018 faq=1 (faq-only) [407/768]
2026-07-17T11:32:28.876Z OK 2101-023 faq=1 (faq-only) [408/768]
2026-07-17T11:32:28.908Z OK 1000-001 faq=1 (faq-only) [409/768]
2026-07-17T11:32:29.044Z OK 1201-001 faq=1 (faq-only) [410/768]
2026-07-17T11:32:29.711Z OK 1204-016 faq=1 (faq-only) [411/768]
2026-07-17T11:32:29.735Z OK 2101-044 faq=1 (faq-only) [412/768]
2026-07-17T11:32:30.419Z OK 2001-007 faq=1 (faq-only) [413/768]
2026-07-17T11:32:30.451Z OK 2109-035 faq=1 (faq-only) [414/768]
2026-07-17T11:32:30.771Z OK 1503-056 faq=1 (faq-only) [415/768]
2026-07-17T11:32:31.171Z OK 2101-037 faq=1 (faq-only) [416/768]
2026-07-17T11:32:31.399Z OK 1601-025 faq=1 (faq-only) [417/768]
2026-07-17T11:32:32.119Z OK 1300-003 faq=1 (faq-only) [418/768]
2026-07-17T11:32:32.223Z OK 1600-008 faq=1 (faq-only) [419/768]
2026-07-17T11:32:32.264Z OK 1102-001 faq=1 (faq-only) [420/768]
2026-07-17T11:32:32.683Z OK 1601-027 faq=1 (faq-only) [421/768]
2026-07-17T11:32:33.028Z OK 2109-009 faq=1 (faq-only) [422/768]
2026-07-17T11:32:33.849Z OK 2105-021 faq=1 (faq-only) [423/768]
2026-07-17T11:32:33.999Z OK 1600-006 faq=1 (faq-only) [424/768]
2026-07-17T11:32:34.108Z OK 1203-011 faq=1 (faq-only) [425/768]
2026-07-17T11:32:34.491Z OK 1701-010 faq=1 (faq-only) [426/768]
2026-07-17T11:32:34.536Z OK 2108-001 faq=1 (faq-only) [427/768]
2026-07-17T11:32:34.835Z OK 2101-091 faq=2 (faq-only) [428/768]
2026-07-17T11:32:35.540Z OK 2105-019 faq=1 (faq-only) [429/768]
2026-07-17T11:32:35.907Z OK 1600-010 faq=1 (faq-only) [430/768]
2026-07-17T11:32:37.044Z OK 1000-009 faq=2 (faq-only) [431/768]
2026-07-17T11:32:37.083Z OK 1502-004 faq=2 (faq-only) [432/768]
2026-07-17T11:32:37.092Z OK 1802-005 faq=2 (faq-only) [433/768]
2026-07-17T11:32:37.964Z OK 2105-005 faq=2 (faq-only) [434/768]
2026-07-17T11:32:38.304Z OK 1000-014 faq=2 (faq-only) [435/768]
2026-07-17T11:32:39.231Z OK 2200-004 faq=2 (faq-only) [436/768]
2026-07-17T11:32:39.503Z OK 1804-004 faq=2 (faq-only) [437/768]
2026-07-17T11:32:39.599Z OK 1502-003 faq=2 (faq-only) [438/768]
2026-07-17T11:32:41.679Z OK 1005-007 faq=2 (faq-only) [439/768]
2026-07-17T11:32:41.867Z OK 1202-021 faq=2 (faq-only) [440/768]
2026-07-17T11:32:43.783Z OK 1300-016 faq=2 [441/768]
2026-07-17T11:32:44.124Z OK 1604-009 faq=2 [442/768]
2026-07-17T11:32:44.747Z OK 1604-013 faq=2 [443/768]
2026-07-17T11:32:44.960Z OK 1601-024 faq=2 (faq-only) [444/768]
2026-07-17T11:32:45.819Z OK 2109-036 faq=2 (faq-only) [445/768]
2026-07-17T11:32:46.055Z OK 1503-006 faq=2 [446/768]
2026-07-17T11:32:46.427Z OK 1601-006 faq=2 (faq-only) [447/768]
2026-07-17T11:32:47.764Z OK 1702-113 faq=2 (faq-only) [448/768]
2026-07-17T11:32:48.283Z OK 1503-050 faq=2 [449/768]
2026-07-17T11:32:48.747Z OK 1601-013 faq=2 (faq-only) [450/768]
2026-07-17T11:32:50.720Z OK 1801-006 faq=2 (faq-only) [451/768]
2026-07-17T11:32:51.599Z OK 1204-003 faq=2 (faq-only) [452/768]
2026-07-17T11:32:51.660Z OK 1300-029 faq=2 (faq-only) [453/768]
2026-07-17T11:32:52.759Z OK 2105-002 faq=2 (faq-only) [454/768]
2026-07-17T11:32:52.836Z OK 1300-052 faq=2 [455/768]
2026-07-17T11:32:52.855Z OK 1402-015 faq=2 [456/768]
2026-07-17T11:32:53.044Z OK 1202-001 faq=2 [457/768]
2026-07-17T11:32:54.060Z OK 1901-002 faq=2 (faq-only) [458/768]
2026-07-17T11:32:54.328Z OK 2105-014 faq=2 (faq-only) [459/768]
2026-07-17T11:32:55.044Z OK 1401-001 faq=2 (faq-only) [460/768]
2026-07-17T11:32:55.076Z OK 1300-055 faq=2 (faq-only) [461/768]
2026-07-17T11:32:55.171Z OK 2108-002 faq=2 (faq-only) [462/768]
2026-07-17T11:32:55.207Z OK 1402-007 faq=2 (faq-only) [463/768]
2026-07-17T11:32:56.248Z OK 1503-002 faq=2 (faq-only) [464/768]
2026-07-17T11:32:56.775Z OK 1803-007 faq=1 (faq-only) [465/768]
2026-07-17T11:32:57.211Z OK 1005-031 faq=1 (faq-only) [466/768]
2026-07-17T11:32:57.398Z OK 1300-015 faq=1 (faq-only) [467/768]
2026-07-17T11:32:58.059Z OK 1503-040 faq=1 (faq-only) [468/768]
2026-07-17T11:32:58.130Z OK 1101-005 faq=1 (faq-only) [469/768]
2026-07-17T11:32:59.235Z OK 1000-013 faq=2 (faq-only) [470/768]
2026-07-17T11:32:59.367Z OK 1601-020 faq=2 (faq-only) [471/768]
2026-07-17T11:33:00.394Z OK 2109-021 faq=2 (faq-only) [472/768]
2026-07-17T11:33:00.527Z OK 2100-015 faq=2 (faq-only) [473/768]
2026-07-17T11:33:01.166Z OK 1005-028 faq=1 [474/768]
2026-07-17T11:33:02.762Z OK 1502-005 faq=2 (faq-only) [475/768]
2026-07-17T11:33:03.306Z OK 1102-004 faq=2 (faq-only) [476/768]
2026-07-17T11:33:04.918Z OK 1502-006 faq=2 [477/768]
2026-07-17T11:33:05.726Z OK 1601-026 faq=2 (faq-only) [478/768]
2026-07-17T11:33:05.906Z OK 2104-011 faq=2 (faq-only) [479/768]
2026-07-17T11:33:05.962Z OK 1300-041 faq=2 [480/768]
2026-07-17T11:33:06.667Z OK 1601-023 faq=2 [481/768]
2026-07-17T11:33:07.111Z OK 2200-003 faq=2 [482/768]
2026-07-17T11:33:07.143Z OK 2105-011 faq=2 (faq-only) [483/768]
2026-07-17T11:33:08.094Z OK 2100-021 faq=2 (faq-only) [484/768]
2026-07-17T11:33:08.202Z OK 2002-002 faq=2 (faq-only) [485/768]
2026-07-17T11:33:08.863Z OK 1802-006 faq=1 (faq-only) [486/768]
2026-07-17T11:33:09.022Z OK 1203-018 faq=2 (faq-only) [487/768]
2026-07-17T11:33:09.694Z OK 2100-019 faq=1 (faq-only) [488/768]
2026-07-17T11:33:11.107Z OK 1901-022 faq=1 (faq-only) [489/768]
2026-07-17T11:33:12.182Z OK 1603-004 faq=1 [490/768]
2026-07-17T11:33:14.083Z OK 1601-022 faq=2 [491/768]
2026-07-17T11:33:14.690Z OK 2108-017 faq=1 [492/768]
2026-07-17T11:33:15.950Z OK 1503-043 faq=2 (faq-only) [493/768]
2026-07-17T11:33:16.291Z OK 1202-003 faq=2 (faq-only) [494/768]
2026-07-17T11:33:16.399Z OK 1603-005 faq=1 [495/768]
2026-07-17T11:33:17.395Z OK 2100-003 faq=2 (faq-only) [496/768]
2026-07-17T11:33:17.535Z OK 2101-065 faq=1 [497/768]
2026-07-17T11:33:18.699Z OK 2105-020 faq=2 (faq-only) [498/768]
2026-07-17T11:33:19.114Z OK 2101-068 faq=2 [499/768]
2026-07-17T11:33:19.958Z OK 2109-008 faq=2 (faq-only) [500/768]
2026-07-17T11:33:21.683Z OK 1300-008 faq=2 (faq-only) [501/768]
2026-07-17T11:33:21.855Z OK 1204-005 faq=2 (faq-only) [502/768]
2026-07-17T11:33:22.079Z OK 2109-005 faq=2 (faq-only) [503/768]
2026-07-17T11:33:23.131Z OK 1603-007 faq=2 [504/768]
2026-07-17T11:33:23.183Z OK 1702-110 faq=2 [505/768]
2026-07-17T11:33:23.907Z OK 1803-002 faq=2 (faq-only) [506/768]
2026-07-17T11:33:23.963Z OK 1401-003 faq=2 (faq-only) [507/768]
2026-07-17T11:33:25.255Z OK 2002-013 faq=2 (faq-only) [508/768]
2026-07-17T11:33:25.298Z OK 2109-001 faq=2 [509/768]
2026-07-17T11:33:25.619Z OK 2105-013 faq=1 (faq-only) [510/768]
2026-07-17T11:33:25.783Z OK 1204-020 faq=2 (faq-only) [511/768]
2026-07-17T11:33:27.771Z OK 1300-033 faq=2 (faq-only) [512/768]
2026-07-17T11:33:28.087Z OK 2100-010 faq=1 (faq-only) [513/768]
2026-07-17T11:33:28.515Z OK 1300-048 faq=2 [514/768]
2026-07-17T11:33:31.659Z OK 1503-026 faq=1 (faq-only) [515/768]
2026-07-17T11:33:31.802Z OK 1604-014 faq=1 [516/768]
2026-07-17T11:33:32.003Z OK 1600-039 faq=1 [517/768]
2026-07-17T11:33:32.190Z OK 1300-038 faq=2 [518/768]
2026-07-17T11:33:33.283Z OK 1600-007 faq=1 (faq-only) [519/768]
2026-07-17T11:33:33.447Z OK 2104-017 faq=1 (faq-only) [520/768]
2026-07-17T11:33:33.999Z OK 2109-010 faq=1 (faq-only) [521/768]
2026-07-17T11:33:34.786Z OK 1104-002 faq=1 (faq-only) [522/768]
2026-07-17T11:33:34.898Z OK 2105-012 faq=1 (faq-only) [523/768]
2026-07-17T11:33:35.006Z OK 1203-005 faq=1 (faq-only) [524/768]
2026-07-17T11:33:35.872Z OK 2100-022 faq=1 (faq-only) [525/768]
2026-07-17T11:33:36.223Z OK 1300-006 faq=1 [526/768]
2026-07-17T11:33:36.855Z OK 1005-026 faq=1 (faq-only) [527/768]
2026-07-17T11:33:37.263Z OK 1503-058 faq=1 (faq-only) [528/768]
2026-07-17T11:33:37.755Z OK 2001-004 faq=1 (faq-only) [529/768]
2026-07-17T11:33:37.903Z OK 1901-009 faq=1 [530/768]
2026-07-17T11:33:37.987Z OK 1104-005 faq=1 (faq-only) [531/768]
2026-07-17T11:33:39.131Z OK 2109-024 faq=1 (faq-only) [532/768]
2026-07-17T11:33:39.399Z OK 1002-001 faq=1 (faq-only) [533/768]
2026-07-17T11:33:39.422Z OK 2100-020 faq=1 (faq-only) [534/768]
2026-07-17T11:33:39.755Z OK 1204-014 faq=1 (faq-only) [535/768]
2026-07-17T11:33:40.555Z OK 2100-014 faq=1 (faq-only) [536/768]
2026-07-17T11:33:40.899Z OK 2109-031 faq=1 (faq-only) [537/768]
2026-07-17T11:33:41.291Z OK 1000-012 faq=1 (faq-only) [538/768]
2026-07-17T11:33:41.787Z OK 1503-033 faq=1 (faq-only) [539/768]
2026-07-17T11:33:41.987Z OK 1300-046 faq=1 (faq-only) [540/768]
2026-07-17T11:33:42.395Z OK 1901-006 faq=1 (faq-only) [541/768]
2026-07-17T11:33:42.559Z OK 1502-008 faq=1 (faq-only) [542/768]
2026-07-17T11:33:44.096Z OK 2101-064 faq=1 [543/768]
2026-07-17T11:33:44.240Z OK 2100-006 faq=1 (faq-only) [544/768]
2026-07-17T11:33:46.459Z OK 2105-018 faq=2 (faq-only) [545/768]
2026-07-17T11:33:47.503Z OK 1604-002 faq=1 [546/768]
2026-07-17T11:33:48.592Z OK 2108-009 faq=1 [547/768]
2026-07-17T11:33:48.780Z OK 1600-011 faq=1 [548/768]
2026-07-17T11:33:49.947Z OK 1005-022 faq=2 (faq-only) [549/768]
2026-07-17T11:33:50.535Z OK 1000-002 faq=1 [550/768]
2026-07-17T11:33:50.835Z OK 1300-024 faq=2 (faq-only) [551/768]
2026-07-17T11:33:50.983Z OK 1300-022 faq=1 [552/768]
2026-07-17T11:33:52.606Z OK 1204-008 faq=2 (faq-only) [553/768]
2026-07-17T11:33:52.675Z OK 1503-055 faq=2 (faq-only) [554/768]
2026-07-17T11:33:52.698Z OK 1503-009 faq=2 [555/768]
2026-07-17T11:33:53.615Z OK 2108-018 faq=2 (faq-only) [556/768]
2026-07-17T11:33:54.364Z OK 1605-002 faq=1 (faq-only) [557/768]
2026-07-17T11:33:54.536Z OK 1901-003 faq=1 [558/768]
2026-07-17T11:33:54.999Z OK 2100-002 faq=2 (faq-only) [559/768]
2026-07-17T11:33:55.011Z OK 1202-017 faq=2 (faq-only) [560/768]
2026-07-17T11:33:56.924Z OK 1104-001 faq=2 [561/768]
2026-07-17T11:33:56.980Z OK 1701-002 faq=2 (faq-only) [562/768]
2026-07-17T11:33:57.111Z OK 1203-014 faq=2 (faq-only) [563/768]
2026-07-17T11:33:57.751Z OK 1505-005 faq=2 (faq-only) [564/768]
2026-07-17T11:33:59.471Z OK 1000-005 faq=2 (faq-only) [565/768]
2026-07-17T11:33:59.571Z OK 1600-040 faq=2 (faq-only) [566/768]
2026-07-17T11:34:00.820Z OK 1601-005 faq=2 (faq-only) [567/768]
2026-07-17T11:34:01.119Z OK 1202-012 faq=2 [568/768]
2026-07-17T11:34:01.403Z OK 1204-013 faq=1 (faq-only) [569/768]
2026-07-17T11:34:01.655Z OK 2108-007 faq=2 (faq-only) [570/768]
2026-07-17T11:34:03.268Z OK 2105-007 faq=1 (faq-only) [571/768]
2026-07-17T11:34:04.991Z OK 1600-043 faq=2 [572/768]
2026-07-17T11:34:05.347Z OK 2001-008 faq=1 (faq-only) [573/768]
2026-07-17T11:34:05.839Z OK 1702-044 faq=2 [574/768]
2026-07-17T11:34:06.999Z OK 1104-004 faq=1 (faq-only) [575/768]
2026-07-17T11:34:07.923Z OK 2105-004 faq=2 [576/768]
2026-07-17T11:34:08.851Z OK 1804-003 faq=1 (faq-only) [577/768]
2026-07-17T11:34:09.574Z OK 1402-012 faq=1 (faq-only) [578/768]
2026-07-17T11:34:09.855Z OK 1503-037 faq=1 [579/768]
2026-07-17T11:34:10.828Z OK 1300-007 faq=1 [580/768]
2026-07-17T11:34:11.028Z OK 2109-027 faq=1 [581/768]
2026-07-17T11:34:11.839Z OK 1505-001 faq=1 [582/768]
2026-07-17T11:34:12.487Z OK 1503-038 faq=1 (faq-only) [583/768]
2026-07-17T11:34:12.772Z OK 1202-020 faq=1 (faq-only) [584/768]
2026-07-17T11:34:14.367Z OK 1005-023 faq=1 (faq-only) [585/768]
2026-07-17T11:34:15.615Z OK 2101-071 faq=1 [586/768]
2026-07-17T11:34:16.180Z OK 1300-026 faq=1 [587/768]
2026-07-17T11:34:16.776Z OK 1604-016 faq=1 [588/768]
2026-07-17T11:34:17.223Z OK 1005-009 faq=1 (faq-only) [589/768]
2026-07-17T11:34:18.591Z OK 1300-018 faq=1 (faq-only) [590/768]
2026-07-17T11:34:18.891Z OK 1604-024 faq=1 [591/768]
2026-07-17T11:34:19.283Z OK 1300-032 faq=1 (faq-only) [592/768]
2026-07-17T11:34:19.731Z OK 1605-011 faq=1 [593/768]
2026-07-17T11:34:21.040Z OK 1600-012 faq=1 [594/768]
2026-07-17T11:34:21.140Z OK 2004-001 faq=1 (faq-only) [595/768]
2026-07-17T11:34:21.300Z OK 1204-007 faq=1 (faq-only) [596/768]
2026-07-17T11:34:22.831Z OK 1204-002 faq=1 (faq-only) [597/768]
2026-07-17T11:34:23.120Z OK 1005-019 faq=1 [598/768]
2026-07-17T11:34:23.523Z OK 1202-004 faq=1 (faq-only) [599/768]
2026-07-17T11:34:24.667Z OK 1600-013 faq=1 [600/768]
2026-07-17T11:34:24.715Z OK 2107-002 faq=1 (faq-only) [601/768]
2026-07-17T11:34:25.225Z OK 2104-014 faq=1 (faq-only) [602/768]
2026-07-17T11:34:25.339Z OK 1604-017 faq=1 [603/768]
2026-07-17T11:34:26.564Z OK 1802-007 faq=1 (faq-only) [604/768]
2026-07-17T11:34:26.567Z OK 1300-056 faq=1 (faq-only) [605/768]
2026-07-17T11:34:27.017Z OK 1101-003 faq=1 (faq-only) [606/768]
2026-07-17T11:34:27.284Z OK 1502-009 faq=1 [607/768]
2026-07-17T11:34:27.488Z OK 1000-008 faq=1 (faq-only) [608/768]
2026-07-17T11:34:28.503Z OK 1204-019 faq=1 (faq-only) [609/768]
2026-07-17T11:34:29.272Z OK 2101-040 faq=1 (faq-only) [610/768]
2026-07-17T11:34:29.703Z OK 1300-043 faq=1 (faq-only) [611/768]
2026-07-17T11:34:30.451Z OK 2100-025 faq=1 (faq-only) [612/768]
2026-07-17T11:34:31.131Z OK 2109-007 faq=1 [613/768]
2026-07-17T11:34:32.220Z OK 1204-015 faq=1 (faq-only) [614/768]
2026-07-17T11:34:32.656Z OK 1300-009 faq=1 (faq-only) [615/768]
2026-07-17T11:34:33.243Z OK 1203-006 faq=1 [616/768]
2026-07-17T11:34:33.855Z OK 2101-059 faq=1 [617/768]
2026-07-17T11:34:34.087Z OK 1203-020 faq=1 (faq-only) [618/768]
2026-07-17T11:34:35.460Z OK 2002-016 faq=1 (faq-only) [619/768]
2026-07-17T11:34:35.632Z OK 1300-001 faq=1 (faq-only) [620/768]
2026-07-17T11:34:35.847Z OK 2001-006 faq=1 (faq-only) [621/768]
2026-07-17T11:34:36.083Z OK 2101-035 faq=1 [622/768]
2026-07-17T11:34:37.368Z OK 2109-033 faq=1 (faq-only) [623/768]
2026-07-17T11:34:37.688Z OK 2104-016 faq=1 (faq-only) [624/768]
2026-07-17T11:34:37.747Z OK 1600-036 faq=1 (faq-only) [625/768]
2026-07-17T11:34:37.956Z OK 1202-016 faq=1 [626/768]
2026-07-17T11:34:39.476Z OK 1603-001 faq=1 (faq-only) [627/768]
2026-07-17T11:34:39.504Z OK 1402-013 faq=1 (faq-only) [628/768]
2026-07-17T11:34:39.701Z OK 2101-051 faq=1 (faq-only) [629/768]
2026-07-17T11:34:39.745Z OK 2002-020 faq=1 (faq-only) [630/768]
2026-07-17T11:34:40.715Z OK 2105-008 faq=1 [631/768]
2026-07-17T11:34:41.131Z OK 2101-077 faq=1 (faq-only) [632/768]
2026-07-17T11:34:41.292Z OK 1600-042 faq=1 (faq-only) [633/768]
2026-07-17T11:34:41.383Z OK 2104-003 faq=1 (faq-only) [634/768]
2026-07-17T11:34:41.996Z OK 1300-047 faq=1 [635/768]
2026-07-17T11:34:42.947Z OK 1203-023 faq=1 (faq-only) [636/768]
2026-07-17T11:34:42.960Z OK 2101-073 faq=1 (faq-only) [637/768]
2026-07-17T11:34:43.252Z OK 1203-025 faq=1 (faq-only) [638/768]
2026-07-17T11:34:44.160Z OK 1503-010 faq=1 (faq-only) [639/768]
2026-07-17T11:34:44.660Z OK 1004-002 faq=1 (faq-only) [640/768]
2026-07-17T11:34:45.780Z OK 1901-011 faq=1 (faq-only) [641/768]
2026-07-17T11:34:46.047Z OK 2109-013 faq=1 (faq-only) [642/768]
2026-07-17T11:34:47.924Z OK 2101-082 faq=1 [643/768]
2026-07-17T11:34:48.939Z OK 1601-008 faq=1 [644/768]
2026-07-17T11:34:49.028Z OK 1300-005 faq=1 [645/768]
2026-07-17T11:34:49.499Z OK 1901-020 faq=1 [646/768]
2026-07-17T11:34:49.616Z OK 1803-004 faq=1 (faq-only) [647/768]
2026-07-17T11:34:50.608Z OK 2109-030 faq=1 (faq-only) [648/768]
2026-07-17T11:34:51.788Z OK 1503-032 faq=2 (faq-only) [649/768]
2026-07-17T11:34:52.255Z OK 1202-019 faq=1 [650/768]
2026-07-17T11:34:52.552Z OK 1603-012 faq=1 [651/768]
2026-07-17T11:34:53.276Z OK 1101-004 faq=2 (faq-only) [652/768]
2026-07-17T11:34:54.208Z OK 1601-009 faq=2 (faq-only) [653/768]
2026-07-17T11:34:54.552Z OK 2109-028 faq=2 (faq-only) [654/768]
2026-07-17T11:34:54.936Z OK 1603-003 faq=2 (faq-only) [655/768]
2026-07-17T11:34:55.544Z OK 1503-045 faq=2 (faq-only) [656/768]
2026-07-17T11:34:56.339Z OK 1702-112 faq=1 [657/768]
2026-07-17T11:34:56.460Z OK 1503-024 faq=2 [658/768]
2026-07-17T11:34:57.761Z OK 1300-014 faq=2 (faq-only) [659/768]
2026-07-17T11:34:58.570Z OK 1804-001 faq=2 (faq-only) [660/768]
2026-07-17T11:34:59.274Z OK 1601-019 faq=2 (faq-only) [661/768]
2026-07-17T11:35:01.458Z OK 1203-024 faq=2 [662/768]
2026-07-17T11:35:01.713Z OK 1503-034 faq=2 [663/768]
2026-07-17T11:35:02.110Z OK 1000-004 faq=2 [664/768]
2026-07-17T11:35:02.509Z OK 2004-004 faq=2 (faq-only) [665/768]
2026-07-17T11:35:03.878Z OK 2101-097 faq=2 (faq-only) [666/768]
2026-07-17T11:35:04.618Z OK 1601-007 faq=2 (faq-only) [667/768]
2026-07-17T11:35:04.730Z OK 1503-030 faq=2 [668/768]
2026-07-17T11:35:05.205Z OK 2109-037 faq=2 (faq-only) [669/768]
2026-07-17T11:35:05.410Z OK 2101-030 faq=2 [670/768]
2026-07-17T11:35:06.429Z OK 2002-011 faq=2 (faq-only) [671/768]
2026-07-17T11:35:07.101Z OK 2108-015 faq=2 (faq-only) [672/768]
2026-07-17T11:35:07.413Z OK 1203-009 faq=2 (faq-only) [673/768]
2026-07-17T11:35:08.181Z OK 2109-015 faq=2 (faq-only) [674/768]
2026-07-17T11:35:08.626Z OK 1203-028 faq=2 (faq-only) [675/768]
2026-07-17T11:35:09.198Z OK 1502-007 faq=2 [676/768]
2026-07-17T11:35:09.478Z OK 1801-007 faq=2 (faq-only) [677/768]
2026-07-17T11:35:11.709Z OK 1702-048 faq=2 [678/768]
2026-07-17T11:35:11.722Z OK 2108-014 faq=2 (faq-only) [679/768]
2026-07-17T11:35:12.078Z OK 1205-023 faq=2 (faq-only) [680/768]
2026-07-17T11:35:13.577Z OK 1801-002 faq=2 [681/768]
2026-07-17T11:35:13.777Z OK 2109-011 faq=2 (faq-only) [682/768]
2026-07-17T11:35:13.845Z OK 1202-011 faq=2 (faq-only) [683/768]
2026-07-17T11:35:14.318Z OK 2109-041 faq=2 (faq-only) [684/768]
2026-07-17T11:35:14.454Z OK 1604-005 faq=2 [685/768]
2026-07-17T11:35:15.894Z OK 1606-002 faq=2 [686/768]
2026-07-17T11:35:15.942Z OK 2109-039 faq=2 (faq-only) [687/768]
2026-07-17T11:35:16.233Z OK 1204-017 faq=2 (faq-only) [688/768]
2026-07-17T11:35:17.210Z OK 1203-015 faq=2 (faq-only) [689/768]
2026-07-17T11:35:17.885Z OK 1300-042 faq=2 (faq-only) [690/768]
2026-07-17T11:35:18.130Z OK 1000-007 faq=2 (faq-only) [691/768]
2026-07-17T11:35:18.478Z OK 2109-022 faq=2 (faq-only) [692/768]
2026-07-17T11:35:19.573Z OK 2108-008 faq=2 (faq-only) [693/768]
2026-07-17T11:35:20.186Z OK 2001-001 faq=2 (faq-only) [694/768]
2026-07-17T11:35:20.523Z OK 1005-004 faq=2 (faq-only) [695/768]
2026-07-17T11:35:20.595Z OK 1300-036 faq=1 [696/768]
2026-07-17T11:35:20.854Z OK 1300-050 faq=2 (faq-only) [697/768]
2026-07-17T11:35:22.074Z OK 1203-010 faq=2 (faq-only) [698/768]
2026-07-17T11:35:22.218Z OK 1503-007 faq=2 [699/768]
2026-07-17T11:35:22.758Z OK 2109-020 faq=2 (faq-only) [700/768]
2026-07-17T11:35:22.826Z OK 2109-004 faq=2 (faq-only) [701/768]
2026-07-17T11:35:23.398Z OK 1001-004 faq=2 (faq-only) [702/768]
2026-07-17T11:35:24.545Z OK 2108-005 faq=2 (faq-only) [703/768]
2026-07-17T11:35:25.282Z OK 1603-006 faq=2 (faq-only) [704/768]
2026-07-17T11:35:25.770Z OK 1803-001 faq=2 (faq-only) [705/768]
2026-07-17T11:35:26.042Z OK 2104-015 faq=2 [706/768]
2026-07-17T11:35:26.542Z OK 1801-005 faq=2 (faq-only) [707/768]
2026-07-17T11:35:27.406Z OK 2100-018 faq=2 (faq-only) [708/768]
2026-07-17T11:35:28.573Z OK 2105-016 faq=2 (faq-only) [709/768]
2026-07-17T11:35:28.609Z OK 1005-006 faq=2 (faq-only) [710/768]
2026-07-17T11:35:28.861Z OK 2101-028 faq=2 [711/768]
2026-07-17T11:35:30.706Z OK 1005-015 faq=2 (faq-only) [712/768]
2026-07-17T11:35:30.838Z OK 2105-010 faq=2 [713/768]
2026-07-17T11:35:32.890Z OK 1402-011 faq=2 [714/768]
2026-07-17T11:35:33.174Z OK 1001-007 faq=2 (faq-only) [715/768]
2026-07-17T11:35:33.514Z OK 2104-018 faq=2 (faq-only) [716/768]
2026-07-17T11:35:34.386Z OK 2108-019 faq=2 [717/768]
2026-07-17T11:35:35.262Z OK 2104-007 faq=2 (faq-only) [718/768]
2026-07-17T11:35:35.350Z OK 1503-035 faq=2 [719/768]
2026-07-17T11:35:35.654Z OK 1001-009 faq=2 (faq-only) [720/768]
2026-07-17T11:35:36.095Z OK 2101-087 faq=2 (faq-only) [721/768]
2026-07-17T11:35:36.494Z OK 2108-011 faq=2 (faq-only) [722/768]
2026-07-17T11:35:37.246Z OK 1205-021 faq=2 (faq-only) [723/768]
2026-07-17T11:35:37.534Z OK 2108-022 faq=2 [724/768]
2026-07-17T11:35:38.014Z OK 1503-004 faq=2 (faq-only) [725/768]
2026-07-17T11:35:39.090Z OK 1005-027 faq=1 (faq-only) [726/768]
2026-07-17T11:35:39.870Z OK 2109-019 faq=1 (faq-only) [727/768]
2026-07-17T11:35:40.090Z OK 2105-017 faq=1 (faq-only) [728/768]
2026-07-17T11:35:41.787Z OK 1300-013 faq=1 (faq-only) [729/768]
2026-07-17T11:35:42.191Z OK 1300-035 faq=2 [730/768]
2026-07-17T11:35:43.154Z OK 1203-013 faq=2 [731/768]
2026-07-17T11:35:43.471Z OK 1005-005 faq=1 (faq-only) [732/768]
2026-07-17T11:35:44.350Z OK 1503-039 faq=2 [733/768]
2026-07-17T11:35:45.082Z OK 2101-074 faq=1 (faq-only) [734/768]
2026-07-17T11:35:45.310Z OK 2109-012 faq=1 [735/768]
2026-07-17T11:35:46.407Z OK 2109-018 faq=1 [736/768]
2026-07-17T11:35:46.471Z OK 2100-008 faq=1 (faq-only) [737/768]
2026-07-17T11:35:48.002Z OK 1901-007 faq=1 [738/768]
2026-07-17T11:35:48.215Z OK 1300-045 faq=1 (faq-only) [739/768]
2026-07-17T11:35:48.542Z OK 1300-012 faq=1 (faq-only) [740/768]
2026-07-17T11:35:49.310Z OK 1001-012 faq=1 [741/768]
2026-07-17T11:35:49.690Z OK 1300-054 faq=1 (faq-only) [742/768]
2026-07-17T11:35:50.066Z OK 1601-010 faq=1 (faq-only) [743/768]
2026-07-17T11:35:50.254Z OK 2101-010 faq=1 (faq-only) [744/768]
2026-07-17T11:35:51.134Z OK 1205-015 faq=1 (faq-only) [745/768]
2026-07-17T11:35:51.707Z OK 2001-003 faq=1 (faq-only) [746/768]
2026-07-17T11:35:52.154Z OK 1005-010 faq=1 [747/768]
2026-07-17T11:35:52.231Z OK 1300-020 faq=1 (faq-only) [748/768]
2026-07-17T11:35:52.295Z OK 1600-028 faq=1 [749/768]
2026-07-17T11:35:54.071Z OK 2101-021 faq=1 (faq-only) [750/768]
2026-07-17T11:35:54.082Z OK 1005-013 faq=1 (faq-only) [751/768]
2026-07-17T11:35:54.547Z OK 1300-030 faq=1 (faq-only) [752/768]
2026-07-17T11:35:55.574Z OK 2101-001 faq=1 (faq-only) [753/768]
2026-07-17T11:35:56.006Z OK 1600-031 faq=1 [754/768]
2026-07-17T11:35:56.081Z OK 2105-023 faq=1 (faq-only) [755/768]
2026-07-17T11:35:56.178Z OK 2105-024 faq=1 (faq-only) [756/768]
2026-07-17T11:35:57.378Z OK 1503-018 faq=1 [757/768]
2026-07-17T11:35:57.482Z OK 2105-025 faq=1 (faq-only) [758/768]
2026-07-17T11:35:57.991Z OK 2105-028 faq=1 (faq-only) [759/768]
2026-07-17T11:35:58.071Z OK 2105-026 faq=1 (faq-only) [760/768]
2026-07-17T11:35:58.382Z OK 2105-027 faq=1 (faq-only) [761/768]
2026-07-17T11:35:58.598Z OK 2101-070 faq=1 [762/768]
2026-07-17T11:35:58.866Z OK 2105-029 faq=1 (faq-only) [763/768]
2026-07-17T11:35:59.562Z OK 2105-031 faq=1 (faq-only) [764/768]
2026-07-17T11:35:59.750Z OK 2105-030 faq=1 (faq-only) [765/768]
2026-07-17T11:36:00.114Z OK 2105-033 faq=1 (faq-only) [766/768]
2026-07-17T11:36:00.121Z OK 2105-034 faq=1 (faq-only) [767/768]
2026-07-17T11:36:04.874Z OK 2105-032 faq=1 [768/768]
2026-07-17T11:36:04.875Z DONE ok=768 failed=0
2026-07-17T11:41:51.753Z START pending=768 concurrency=6
2026-07-17T11:41:55.585Z OK 1005-011 faq=4 (faq-only) [1/768]
2026-07-17T11:41:55.654Z OK 2101-007 faq=4 (faq-only) [2/768]
2026-07-17T11:41:55.737Z OK 1604-001 faq=4 (faq-only) [3/768]
2026-07-17T11:41:55.765Z OK 1402-018 faq=4 (faq-only) [4/768]
2026-07-17T11:41:56.177Z OK 1503-057 faq=4 (faq-only) [5/768]
2026-07-17T11:41:58.676Z OK 1802-001 faq=5 (faq-only) [6/768]
2026-07-17T11:41:59.076Z OK 2101-041 faq=4 (faq-only) [7/768]
2026-07-17T11:41:59.284Z OK 1801-001 faq=4 (faq-only) [8/768]
2026-07-17T11:41:59.777Z OK 1804-002 faq=4 (faq-only) [9/768]
2026-07-17T11:42:00.504Z OK 1600-004 faq=4 (faq-only) [10/768]
2026-07-17T11:42:02.141Z OK 2101-083 faq=4 (faq-only) [11/768]
2026-07-17T11:42:02.536Z OK 1601-011 faq=4 (faq-only) [12/768]
2026-07-17T11:42:02.725Z OK 1702-046 faq=4 (faq-only) [13/768]
2026-07-17T11:42:03.293Z OK 2101-078 faq=4 (faq-only) [14/768]
2026-07-17T11:42:03.984Z OK 1001-013 faq=4 (faq-only) [15/768]
2026-07-17T11:42:04.741Z OK 1300-025 faq=4 (faq-only) [16/768]
2026-07-17T11:42:05.164Z OK 1603-011 faq=4 (faq-only) [17/768]
2026-07-17T11:42:06.640Z OK 1601-003 faq=4 (faq-only) [18/768]
2026-07-17T11:42:06.893Z OK 1503-025 faq=4 (faq-only) [19/768]
2026-07-17T11:42:06.985Z OK 2101-046 faq=4 (faq-only) [20/768]
2026-07-17T11:42:08.000Z OK 1702-111 faq=4 (faq-only) [21/768]
2026-07-17T11:42:08.481Z OK 1600-003 faq=4 (faq-only) [22/768]
2026-07-17T11:42:08.980Z OK 1503-027 faq=4 (faq-only) [23/768]
2026-07-17T11:42:10.402Z OK 1402-003 faq=4 (faq-only) [24/768]
2026-07-17T11:42:10.508Z OK 2109-023 faq=4 (faq-only) [25/768]
2026-07-17T11:42:10.740Z OK 1503-042 faq=4 (faq-only) [26/768]
2026-07-17T11:42:11.760Z OK 1104-003 faq=4 (faq-only) [27/768]
2026-07-17T11:42:11.804Z OK 1901-027 faq=4 (faq-only) [28/768]
2026-07-17T11:42:12.601Z OK 1503-003 faq=4 (faq-only) [29/768]
2026-07-17T11:42:13.905Z OK 1403-002 faq=4 (faq-only) [30/768]
2026-07-17T11:42:14.056Z OK 2101-066 faq=4 (faq-only) [31/768]
2026-07-17T11:42:14.745Z OK 1600-039 faq=4 (faq-only) [32/768]
2026-07-17T11:42:15.241Z OK 1005-012 faq=4 (faq-only) [33/768]
2026-07-17T11:42:15.784Z OK 1000-015 faq=4 (faq-only) [34/768]
2026-07-17T11:42:16.036Z OK 1503-046 faq=4 (faq-only) [35/768]
2026-07-17T11:42:16.960Z OK 2101-005 faq=4 (faq-only) [36/768]
2026-07-17T11:42:17.881Z OK 1002-003 faq=4 (faq-only) [37/768]
2026-07-17T11:42:18.704Z OK 1101-011 faq=4 (faq-only) [38/768]
2026-07-17T11:42:18.845Z OK 1600-011 faq=4 (faq-only) [39/768]
2026-07-17T11:42:19.800Z OK 1101-010 faq=4 (faq-only) [40/768]
2026-07-17T11:42:19.861Z OK 2105-015 faq=4 (faq-only) [41/768]
2026-07-17T11:42:20.985Z OK 2101-036 faq=4 (faq-only) [42/768]
2026-07-17T11:42:21.264Z OK 1300-039 faq=4 (faq-only) [43/768]
2026-07-17T11:42:22.264Z OK 2101-053 faq=4 (faq-only) [44/768]
2026-07-17T11:42:22.793Z OK 1001-006 faq=4 (faq-only) [45/768]
2026-07-17T11:42:24.360Z OK 1503-047 faq=4 (faq-only) [46/768]
2026-07-17T11:42:24.476Z OK 1005-030 faq=4 (faq-only) [47/768]
2026-07-17T11:42:24.652Z OK 2101-006 faq=4 (faq-only) [48/768]
2026-07-17T11:42:25.253Z OK 2002-019 faq=4 (faq-only) [49/768]
2026-07-17T11:42:25.749Z OK 1604-012 faq=4 (faq-only) [50/768]
2026-07-17T11:42:27.170Z OK 1001-008 faq=4 (faq-only) [51/768]
2026-07-17T11:42:28.630Z OK 1300-021 faq=4 (faq-only) [52/768]
2026-07-17T11:42:28.641Z OK 2109-017 faq=4 (faq-only) [53/768]
2026-07-17T11:42:28.754Z OK 1001-003 faq=4 (faq-only) [54/768]
2026-07-17T11:42:30.098Z OK 2100-024 faq=4 (faq-only) [55/768]
2026-07-17T11:42:30.518Z OK 1801-004 faq=4 (faq-only) [56/768]
2026-07-17T11:42:31.949Z OK 2101-025 faq=4 (faq-only) [57/768]
2026-07-17T11:42:32.462Z OK 2101-081 faq=4 (faq-only) [58/768]
2026-07-17T11:42:32.634Z OK 1901-026 faq=4 (faq-only) [59/768]
2026-07-17T11:42:33.357Z OK 1603-008 faq=4 (faq-only) [60/768]
2026-07-17T11:42:34.238Z OK 2109-038 faq=4 (faq-only) [61/768]
2026-07-17T11:42:34.394Z OK 2101-076 faq=4 (faq-only) [62/768]
2026-07-17T11:42:36.530Z OK 1503-053 faq=4 (faq-only) [63/768]
2026-07-17T11:42:37.802Z OK 1901-025 faq=4 (faq-only) [64/768]
2026-07-17T11:42:38.201Z OK 2105-022 faq=4 (faq-only) [65/768]
2026-07-17T11:42:38.417Z OK 2101-038 faq=4 (faq-only) [66/768]
2026-07-17T11:42:38.545Z OK 2101-014 faq=4 (faq-only) [67/768]
2026-07-17T11:42:38.753Z OK 1101-006 faq=4 (faq-only) [68/768]
2026-07-17T11:42:40.061Z OK 1203-030 faq=4 (faq-only) [69/768]
2026-07-17T11:42:41.222Z OK 2101-086 faq=4 (faq-only) [70/768]
2026-07-17T11:42:42.254Z OK 1702-047 faq=4 (faq-only) [71/768]
2026-07-17T11:42:42.326Z OK 1100-003 faq=4 (faq-only) [72/768]
2026-07-17T11:42:42.478Z OK 2101-069 faq=4 (faq-only) [73/768]
2026-07-17T11:42:43.017Z OK 1600-026 faq=4 (faq-only) [74/768]
2026-07-17T11:42:44.189Z OK 2101-015 faq=4 (faq-only) [75/768]
2026-07-17T11:42:44.278Z OK 1203-012 faq=4 (faq-only) [76/768]
2026-07-17T11:42:46.002Z OK 2100-023 faq=4 (faq-only) [77/768]
2026-07-17T11:42:46.381Z OK 1802-002 faq=4 (faq-only) [78/768]
2026-07-17T11:42:46.922Z OK 1803-003 faq=4 (faq-only) [79/768]
2026-07-17T11:42:48.022Z OK 2101-020 faq=4 (faq-only) [80/768]
2026-07-17T11:42:48.085Z OK 1204-001 faq=4 (faq-only) [81/768]
2026-07-17T11:42:49.049Z OK 1702-042 faq=4 (faq-only) [82/768]
2026-07-17T11:42:49.843Z OK 2109-014 faq=4 (faq-only) [83/768]
2026-07-17T11:42:50.189Z OK 2100-004 faq=4 (faq-only) [84/768]
2026-07-17T11:42:50.357Z OK 1300-028 faq=4 (faq-only) [85/768]
2026-07-17T11:42:51.386Z OK 2101-085 faq=4 (faq-only) [86/768]
2026-07-17T11:42:52.142Z OK 1005-021 faq=4 (faq-only) [87/768]
2026-07-17T11:42:52.562Z OK 1203-022 faq=4 (faq-only) [88/768]
2026-07-17T11:42:53.218Z OK 2100-012 faq=4 (faq-only) [89/768]
2026-07-17T11:42:54.586Z OK 2101-089 faq=5 (faq-only) [90/768]
2026-07-17T11:42:54.933Z OK 2109-029 faq=4 (faq-only) [91/768]
2026-07-17T11:42:55.081Z OK 2101-061 faq=4 (faq-only) [92/768]
2026-07-17T11:42:55.468Z OK 2101-099 faq=4 (faq-only) [93/768]
2026-07-17T11:42:55.476Z OK 1102-006 faq=4 (faq-only) [94/768]
2026-07-17T11:42:56.885Z OK 1204-009 faq=4 (faq-only) [95/768]
2026-07-17T11:42:58.662Z OK 2105-006 faq=4 (faq-only) [96/768]
2026-07-17T11:42:58.807Z OK 2101-098 faq=4 (faq-only) [97/768]
2026-07-17T11:42:59.025Z OK 1606-003 faq=4 (faq-only) [98/768]
2026-07-17T11:42:59.118Z OK 1601-021 faq=4 (faq-only) [99/768]
2026-07-17T11:43:00.405Z OK 2104-013 faq=4 (faq-only) [100/768]
2026-07-17T11:43:01.874Z OK 2001-002 faq=4 (faq-only) [101/768]
2026-07-17T11:43:02.774Z OK 2004-003 faq=4 (faq-only) [102/768]
2026-07-17T11:43:02.963Z OK 1100-001 faq=4 (faq-only) [103/768]
2026-07-17T11:43:03.017Z OK 2101-003 faq=4 (faq-only) [104/768]
2026-07-17T11:43:03.102Z OK 1605-006 faq=4 (faq-only) [105/768]
2026-07-17T11:43:05.445Z OK 2101-011 faq=4 (faq-only) [106/768]
2026-07-17T11:43:06.056Z OK 2101-057 faq=4 (faq-only) [107/768]
2026-07-17T11:43:06.364Z OK 1503-036 faq=4 (faq-only) [108/768]
2026-07-17T11:43:07.014Z OK 2101-033 faq=4 (faq-only) [109/768]
2026-07-17T11:43:07.786Z OK 1402-017 faq=4 (faq-only) [110/768]
2026-07-17T11:43:07.793Z OK 2101-045 faq=4 (faq-only) [111/768]
2026-07-17T11:43:08.728Z OK 1702-109 faq=4 (faq-only) [112/768]
2026-07-17T11:43:08.849Z OK 1102-003 faq=4 (faq-only) [113/768]
2026-07-17T11:43:09.476Z OK 2101-009 faq=4 (faq-only) [114/768]
2026-07-17T11:43:10.467Z OK 2101-058 faq=4 (faq-only) [115/768]
2026-07-17T11:43:11.243Z OK 2104-004 faq=4 (faq-only) [116/768]
2026-07-17T11:43:12.067Z OK 1604-019 faq=4 (faq-only) [117/768]
2026-07-17T11:43:12.483Z OK 1202-018 faq=4 (faq-only) [118/768]
2026-07-17T11:43:13.099Z OK 2101-079 faq=4 (faq-only) [119/768]
2026-07-17T11:43:13.787Z OK 1202-015 faq=4 (faq-only) [120/768]
2026-07-17T11:43:14.843Z OK 2101-042 faq=4 (faq-only) [121/768]
2026-07-17T11:43:14.995Z OK 1203-029 faq=4 (faq-only) [122/768]
2026-07-17T11:43:15.703Z OK 1802-003 faq=4 (faq-only) [123/768]
2026-07-17T11:43:16.711Z OK 2002-017 faq=4 (faq-only) [124/768]
2026-07-17T11:43:16.992Z OK 1604-003 faq=4 (faq-only) [125/768]
2026-07-17T11:43:17.939Z OK 1001-011 faq=4 (faq-only) [126/768]
2026-07-17T11:43:18.071Z OK 1202-009 faq=4 (faq-only) [127/768]
2026-07-17T11:43:18.143Z OK 2101-063 faq=4 (faq-only) [128/768]
2026-07-17T11:43:19.763Z OK 1901-019 faq=4 (faq-only) [129/768]
2026-07-17T11:43:20.103Z OK 1203-008 faq=4 (faq-only) [130/768]
2026-07-17T11:43:21.207Z OK 1503-017 faq=4 (faq-only) [131/768]
2026-07-17T11:43:21.214Z OK 2101-002 faq=4 (faq-only) [132/768]
2026-07-17T11:43:21.331Z OK 1202-006 faq=4 (faq-only) [133/768]
2026-07-17T11:43:21.676Z OK 1101-012 faq=4 (faq-only) [134/768]
2026-07-17T11:43:23.559Z OK 1300-027 faq=4 (faq-only) [135/768]
2026-07-17T11:43:23.991Z OK 2104-008 faq=4 (faq-only) [136/768]
2026-07-17T11:43:24.499Z OK 2101-019 faq=4 (faq-only) [137/768]
2026-07-17T11:43:24.855Z OK 1600-041 faq=4 (faq-only) [138/768]
2026-07-17T11:43:24.876Z OK 2104-009 faq=4 (faq-only) [139/768]
2026-07-17T11:43:25.759Z OK 1701-011 faq=4 (faq-only) [140/768]
2026-07-17T11:43:26.839Z OK 1202-002 faq=4 (faq-only) [141/768]
2026-07-17T11:43:26.967Z OK 1604-010 faq=4 (faq-only) [142/768]
2026-07-17T11:43:27.711Z OK 2101-027 faq=4 (faq-only) [143/768]
2026-07-17T11:43:28.787Z OK 1601-028 faq=4 (faq-only) [144/768]
2026-07-17T11:43:29.496Z OK 2716-047 faq=4 (faq-only) [145/768]
2026-07-17T11:43:29.799Z OK 2105-001 faq=4 (faq-only) [146/768]
2026-07-17T11:43:30.508Z OK 2101-032 faq=4 (faq-only) [147/768]
2026-07-17T11:43:30.515Z OK 1402-016 faq=4 (faq-only) [148/768]
2026-07-17T11:43:31.083Z OK 2101-096 faq=4 (faq-only) [149/768]
2026-07-17T11:43:32.131Z OK 1100-004 faq=4 (faq-only) [150/768]
2026-07-17T11:43:33.043Z OK 1604-008 faq=4 (faq-only) [151/768]
2026-07-17T11:43:33.775Z OK 2001-005 faq=4 (faq-only) [152/768]
2026-07-17T11:43:33.899Z OK 2000-002 faq=4 (faq-only) [153/768]
2026-07-17T11:43:34.031Z OK 2101-049 faq=4 (faq-only) [154/768]
2026-07-17T11:43:35.859Z OK 1001-005 faq=4 (faq-only) [155/768]
2026-07-17T11:43:37.027Z OK 2101-034 faq=4 (faq-only) [156/768]
2026-07-17T11:43:37.288Z OK 2104-006 faq=4 (faq-only) [157/768]
2026-07-17T11:43:37.336Z OK 2104-012 faq=4 (faq-only) [158/768]
2026-07-17T11:43:37.608Z OK 1802-004 faq=4 (faq-only) [159/768]
2026-07-17T11:43:39.639Z OK 2101-050 faq=4 (faq-only) [160/768]
2026-07-17T11:43:39.840Z OK 2101-026 faq=4 (faq-only) [161/768]
2026-07-17T11:43:40.307Z OK 2101-029 faq=4 (faq-only) [162/768]
2026-07-17T11:43:40.920Z OK 1901-021 faq=4 (faq-only) [163/768]
2026-07-17T11:43:41.207Z OK 2101-052 faq=4 (faq-only) [164/768]
2026-07-17T11:43:41.967Z OK 2108-021 faq=4 (faq-only) [165/768]
2026-07-17T11:43:43.497Z OK 2101-080 faq=4 (faq-only) [166/768]
2026-07-17T11:43:43.609Z OK 1603-020 faq=4 (faq-only) [167/768]
2026-07-17T11:43:44.147Z OK 2105-003 faq=4 (faq-only) [168/768]
2026-07-17T11:43:44.940Z OK 1603-009 faq=4 (faq-only) [169/768]
2026-07-17T11:43:45.339Z OK 1005-016 faq=4 (faq-only) [170/768]
2026-07-17T11:43:45.476Z OK 2101-048 faq=4 (faq-only) [171/768]
2026-07-17T11:43:46.900Z OK 1203-007 faq=4 (faq-only) [172/768]
2026-07-17T11:43:47.716Z OK 1701-009 faq=4 (faq-only) [173/768]
2026-07-17T11:43:48.496Z OK 1000-006 faq=4 (faq-only) [174/768]
2026-07-17T11:43:48.932Z OK 1701-046 faq=4 (faq-only) [175/768]
2026-07-17T11:43:49.188Z OK 1701-014 faq=4 (faq-only) [176/768]
2026-07-17T11:43:50.320Z OK 2101-012 faq=4 (faq-only) [177/768]
2026-07-17T11:43:50.602Z OK 1701-015 faq=4 (faq-only) [178/768]
2026-07-17T11:43:51.256Z OK 2101-075 faq=4 (faq-only) [179/768]
2026-07-17T11:43:52.347Z OK 2104-005 faq=4 (faq-only) [180/768]
2026-07-17T11:43:52.427Z OK 2101-022 faq=4 (faq-only) [181/768]
2026-07-17T11:43:53.099Z OK 1005-014 faq=4 (faq-only) [182/768]
2026-07-17T11:43:53.835Z OK 1503-054 faq=4 (faq-only) [183/768]
2026-07-17T11:43:53.928Z OK 1605-005 faq=4 (faq-only) [184/768]
2026-07-17T11:43:56.243Z OK 1901-016 faq=4 (faq-only) [185/768]
2026-07-17T11:43:56.392Z OK 1803-005 faq=4 (faq-only) [186/768]
2026-07-17T11:43:56.799Z OK 1005-008 faq=5 (faq-only) [187/768]
2026-07-17T11:43:57.215Z OK 1101-001 faq=4 (faq-only) [188/768]
2026-07-17T11:43:57.764Z OK 1203-001 faq=4 (faq-only) [189/768]
2026-07-17T11:43:58.739Z OK 1503-060 faq=4 (faq-only) [190/768]
2026-07-17T11:44:00.083Z OK 1603-015 faq=4 (faq-only) [191/768]
2026-07-17T11:44:00.171Z OK 1503-048 faq=4 (faq-only) [192/768]
2026-07-17T11:44:00.647Z OK 2101-090 faq=4 (faq-only) [193/768]
2026-07-17T11:44:00.719Z OK 1204-010 faq=4 (faq-only) [194/768]
2026-07-17T11:44:01.539Z OK 1600-022 faq=4 (faq-only) [195/768]
2026-07-17T11:44:01.996Z OK 2101-084 faq=4 (faq-only) [196/768]
2026-07-17T11:44:03.579Z OK 2100-009 faq=4 (faq-only) [197/768]
2026-07-17T11:44:04.281Z OK 1503-013 faq=4 (faq-only) [198/768]
2026-07-17T11:44:04.555Z OK 2101-016 faq=4 (faq-only) [199/768]
2026-07-17T11:44:04.935Z OK 1101-008 faq=4 (faq-only) [200/768]
2026-07-17T11:44:05.099Z OK 1402-001 faq=4 (faq-only) [201/768]
2026-07-17T11:44:06.127Z OK 1605-003 faq=4 (faq-only) [202/768]
2026-07-17T11:44:07.299Z OK 1203-019 faq=4 (faq-only) [203/768]
2026-07-17T11:44:07.544Z OK 2101-062 faq=4 (faq-only) [204/768]
2026-07-17T11:44:08.439Z OK 1102-007 faq=4 (faq-only) [205/768]
2026-07-17T11:44:08.687Z OK 1300-049 faq=4 (faq-only) [206/768]
2026-07-17T11:44:09.135Z OK 1101-002 faq=4 (faq-only) [207/768]
2026-07-17T11:44:10.575Z OK 1603-016 faq=4 (faq-only) [208/768]
2026-07-17T11:44:10.739Z OK 2101-056 faq=4 (faq-only) [209/768]
2026-07-17T11:44:11.243Z OK 2101-047 faq=4 (faq-only) [210/768]
2026-07-17T11:44:11.538Z OK 1503-029 faq=4 (faq-only) [211/768]
2026-07-17T11:44:11.972Z OK 2101-017 faq=4 (faq-only) [212/768]
2026-07-17T11:44:12.144Z OK 1604-004 faq=4 (faq-only) [213/768]
2026-07-17T11:44:14.315Z OK 1605-007 faq=4 (faq-only) [214/768]
2026-07-17T11:44:14.519Z OK 2101-024 faq=4 (faq-only) [215/768]
2026-07-17T11:44:14.988Z OK 1203-003 faq=4 (faq-only) [216/768]
2026-07-17T11:44:15.225Z OK 1601-014 faq=4 (faq-only) [217/768]
2026-07-17T11:44:15.335Z OK 2002-003 faq=4 (faq-only) [218/768]
2026-07-17T11:44:15.379Z OK 1604-023 faq=4 (faq-only) [219/768]
2026-07-17T11:44:18.024Z OK 2002-012 faq=4 (faq-only) [220/768]
2026-07-17T11:44:18.168Z OK 1004-001 faq=4 (faq-only) [221/768]
2026-07-17T11:44:18.299Z OK 2101-055 faq=4 (faq-only) [222/768]
2026-07-17T11:44:19.055Z OK 2101-054 faq=4 (faq-only) [223/768]
2026-07-17T11:44:19.095Z OK 1701-016 faq=4 (faq-only) [224/768]
2026-07-17T11:44:21.571Z OK 1204-004 faq=4 (faq-only) [225/768]
2026-07-17T11:44:21.713Z OK 1402-004 faq=4 (faq-only) [226/768]
2026-07-17T11:44:21.839Z OK 1605-004 faq=4 (faq-only) [227/768]
2026-07-17T11:44:21.863Z OK 1005-017 faq=4 (faq-only) [228/768]
2026-07-17T11:44:22.511Z OK 2101-060 faq=4 (faq-only) [229/768]
2026-07-17T11:44:22.687Z OK 2109-034 faq=4 (faq-only) [230/768]
2026-07-17T11:44:25.328Z OK 1203-021 faq=4 (faq-only) [231/768]
2026-07-17T11:44:25.419Z OK 2104-001 faq=4 (faq-only) [232/768]
2026-07-17T11:44:25.596Z OK 1204-012 faq=4 (faq-only) [233/768]
2026-07-17T11:44:25.699Z OK 2101-093 faq=4 (faq-only) [234/768]
2026-07-17T11:44:26.795Z OK 1701-012 faq=5 (faq-only) [235/768]
2026-07-17T11:44:27.728Z OK 2002-014 faq=4 (faq-only) [236/768]
2026-07-17T11:44:28.696Z OK 1102-005 faq=4 (faq-only) [237/768]
2026-07-17T11:44:28.824Z OK 1503-021 faq=4 (faq-only) [238/768]
2026-07-17T11:44:28.867Z OK 2107-003 faq=4 (faq-only) [239/768]
2026-07-17T11:44:30.655Z OK 1402-014 faq=4 (faq-only) [240/768]
2026-07-17T11:44:31.299Z OK 1603-002 faq=4 (faq-only) [241/768]
2026-07-17T11:44:31.864Z OK 2104-019 faq=4 (faq-only) [242/768]
2026-07-17T11:44:32.031Z OK 1603-010 faq=4 (faq-only) [243/768]
2026-07-17T11:44:32.038Z OK 1604-007 faq=4 (faq-only) [244/768]
2026-07-17T11:44:32.295Z OK 1600-005 faq=4 (faq-only) [245/768]
2026-07-17T11:44:33.872Z OK 1202-013 faq=4 (faq-only) [246/768]
2026-07-17T11:44:35.332Z OK 2004-002 faq=4 (faq-only) [247/768]
2026-07-17T11:44:35.620Z OK 1605-001 faq=4 (faq-only) [248/768]
2026-07-17T11:44:35.635Z OK 1901-012 faq=4 (faq-only) [249/768]
2026-07-17T11:44:36.372Z OK 1402-005 faq=4 (faq-only) [250/768]
2026-07-17T11:44:37.299Z OK 1605-010 faq=4 (faq-only) [251/768]
2026-07-17T11:44:37.319Z OK 1603-013 faq=4 (faq-only) [252/768]
2026-07-17T11:44:38.771Z OK 1604-022 faq=4 (faq-only) [253/768]
2026-07-17T11:44:39.199Z OK 1701-017 faq=4 (faq-only) [254/768]
2026-07-17T11:44:39.415Z OK 1101-009 faq=4 (faq-only) [255/768]
2026-07-17T11:44:39.832Z OK 1901-014 faq=4 (faq-only) [256/768]
2026-07-17T11:44:40.496Z OK 1002-004 faq=4 (faq-only) [257/768]
2026-07-17T11:44:41.184Z OK 1604-015 faq=4 (faq-only) [258/768]
2026-07-17T11:44:42.500Z OK 1503-015 faq=4 (faq-only) [259/768]
2026-07-17T11:44:42.703Z OK 1503-052 faq=4 (faq-only) [260/768]
2026-07-17T11:44:42.964Z OK 1604-025 faq=4 (faq-only) [261/768]
2026-07-17T11:44:44.376Z OK 1203-002 faq=4 (faq-only) [262/768]
2026-07-17T11:44:44.568Z OK 2104-020 faq=4 (faq-only) [263/768]
2026-07-17T11:44:44.936Z OK 1300-002 faq=4 (faq-only) [264/768]
2026-07-17T11:44:45.928Z OK 2100-001 faq=4 (faq-only) [265/768]
2026-07-17T11:44:46.327Z OK 2109-025 faq=4 (faq-only) [266/768]
2026-07-17T11:44:46.388Z OK 2100-011 faq=4 (faq-only) [267/768]
2026-07-17T11:44:47.711Z OK 2002-010 faq=4 (faq-only) [268/768]
2026-07-17T11:44:48.516Z OK 1402-002 faq=4 (faq-only) [269/768]
2026-07-17T11:44:48.524Z OK 1202-014 faq=4 (faq-only) [270/768]
2026-07-17T11:44:49.379Z OK 1001-010 faq=4 (faq-only) [271/768]
2026-07-17T11:44:49.559Z OK 2104-010 faq=4 (faq-only) [272/768]
2026-07-17T11:44:51.167Z OK 2101-043 faq=4 (faq-only) [273/768]
2026-07-17T11:44:51.431Z OK 1203-031 faq=4 (faq-only) [274/768]
2026-07-17T11:44:51.715Z OK 2109-026 faq=4 (faq-only) [275/768]
2026-07-17T11:44:52.088Z OK 1000-003 faq=4 (faq-only) [276/768]
2026-07-17T11:44:52.455Z OK 1203-004 faq=4 (faq-only) [277/768]
2026-07-17T11:44:54.575Z OK 1102-002 faq=4 (faq-only) [278/768]
2026-07-17T11:44:54.710Z OK 1402-010 faq=4 (faq-only) [279/768]
2026-07-17T11:44:54.835Z OK 1605-009 faq=4 (faq-only) [280/768]
2026-07-17T11:44:55.752Z OK 1503-051 faq=4 (faq-only) [281/768]
2026-07-17T11:44:55.920Z OK 1604-020 faq=4 (faq-only) [282/768]
2026-07-17T11:44:56.707Z OK 1604-021 faq=4 (faq-only) [283/768]
2026-07-17T11:44:58.187Z OK 1604-011 faq=4 (faq-only) [284/768]
2026-07-17T11:44:58.355Z OK 1503-049 faq=4 (faq-only) [285/768]
2026-07-17T11:44:58.379Z OK 1204-006 faq=4 (faq-only) [286/768]
2026-07-17T11:44:59.427Z OK 1604-018 faq=4 (faq-only) [287/768]
2026-07-17T11:45:00.031Z OK 1901-015 faq=4 (faq-only) [288/768]
2026-07-17T11:45:00.340Z OK 1702-045 faq=4 (faq-only) [289/768]
2026-07-17T11:45:01.796Z OK 1901-013 faq=4 (faq-only) [290/768]
2026-07-17T11:45:01.923Z OK 1801-003 faq=4 (faq-only) [291/768]
2026-07-17T11:45:01.983Z OK 2104-002 faq=4 (faq-only) [292/768]
2026-07-17T11:45:02.667Z OK 1901-018 faq=4 (faq-only) [293/768]
2026-07-17T11:45:03.272Z OK 1702-043 faq=4 (faq-only) [294/768]
2026-07-17T11:45:03.544Z OK 1601-016 faq=4 (faq-only) [295/768]
2026-07-17T11:45:05.523Z OK 1604-006 faq=4 (faq-only) [296/768]
2026-07-17T11:45:05.531Z OK 2002-015 faq=4 (faq-only) [297/768]
2026-07-17T11:45:05.860Z OK 1701-013 faq=4 (faq-only) [298/768]
2026-07-17T11:45:06.240Z OK 1401-002 faq=4 (faq-only) [299/768]
2026-07-17T11:45:07.064Z OK 1901-023 faq=4 (faq-only) [300/768]
2026-07-17T11:45:07.133Z OK 1203-027 faq=4 (faq-only) [301/768]
2026-07-17T11:45:09.148Z OK 2108-012 faq=4 (faq-only) [302/768]
2026-07-17T11:45:09.150Z OK 1801-008 faq=4 (faq-only) [303/768]
2026-07-17T11:45:09.535Z OK 1202-005 faq=4 (faq-only) [304/768]
2026-07-17T11:45:09.663Z OK 1001-002 faq=4 (faq-only) [305/768]
2026-07-17T11:45:10.307Z OK 1300-034 faq=4 (faq-only) [306/768]
2026-07-17T11:45:10.892Z OK 1901-024 faq=4 (faq-only) [307/768]
2026-07-17T11:45:12.736Z OK 1601-017 faq=4 (faq-only) [308/768]
2026-07-17T11:45:13.355Z OK 1204-018 faq=4 (faq-only) [309/768]
2026-07-17T11:45:13.704Z OK 1005-025 faq=4 (faq-only) [310/768]
2026-07-17T11:45:13.743Z OK 1005-018 faq=4 (faq-only) [311/768]
2026-07-17T11:45:14.208Z OK 1005-002 faq=4 (faq-only) [312/768]
2026-07-17T11:45:15.279Z OK 1503-028 faq=4 (faq-only) [313/768]
2026-07-17T11:45:17.004Z OK 2109-040 faq=4 (faq-only) [314/768]
2026-07-17T11:45:17.392Z OK 1600-024 faq=4 (faq-only) [315/768]
2026-07-17T11:45:18.936Z OK 2101-039 faq=4 (faq-only) [316/768]
2026-07-17T11:45:19.064Z OK 1202-008 faq=4 (faq-only) [317/768]
2026-07-17T11:45:19.172Z OK 1503-020 faq=4 (faq-only) [318/768]
2026-07-17T11:45:19.192Z OK 1503-014 faq=4 (faq-only) [319/768]
2026-07-17T11:45:20.387Z OK 1503-023 faq=4 (faq-only) [320/768]
2026-07-17T11:45:21.676Z OK 1402-006 faq=4 (faq-only) [321/768]
2026-07-17T11:45:22.355Z OK 1503-019 faq=4 (faq-only) [322/768]
2026-07-17T11:45:22.664Z OK 2108-003 faq=4 (faq-only) [323/768]
2026-07-17T11:45:22.900Z OK 1503-044 faq=4 (faq-only) [324/768]
2026-07-17T11:45:24.193Z OK 1601-018 faq=4 (faq-only) [325/768]
2026-07-17T11:45:24.316Z OK 1503-005 faq=4 (faq-only) [326/768]
2026-07-17T11:45:25.276Z OK 1503-031 faq=4 (faq-only) [327/768]
2026-07-17T11:45:25.828Z OK 2108-016 faq=4 (faq-only) [328/768]
2026-07-17T11:45:27.520Z OK 1600-025 faq=4 (faq-only) [329/768]
2026-07-17T11:45:27.564Z OK 1803-006 faq=4 (faq-only) [330/768]
2026-07-17T11:45:27.572Z OK 2108-013 faq=4 (faq-only) [331/768]
2026-07-17T11:45:28.284Z OK 2109-006 faq=4 (faq-only) [332/768]
2026-07-17T11:45:29.153Z OK 1502-002 faq=4 (faq-only) [333/768]
2026-07-17T11:45:30.976Z OK 2100-007 faq=4 (faq-only) [334/768]
2026-07-17T11:45:31.104Z OK 2109-003 faq=4 (faq-only) [335/768]
2026-07-17T11:45:31.132Z OK 2109-016 faq=4 (faq-only) [336/768]
2026-07-17T11:45:32.157Z OK 1403-001 faq=4 (faq-only) [337/768]
2026-07-17T11:45:32.984Z OK 2108-020 faq=4 (faq-only) [338/768]
2026-07-17T11:45:33.124Z OK 1805-001 faq=4 (faq-only) [339/768]
2026-07-17T11:45:33.953Z OK 1300-010 faq=4 (faq-only) [340/768]
2026-07-17T11:45:34.276Z OK 2200-002 faq=4 (faq-only) [341/768]
2026-07-17T11:45:34.628Z OK 1300-004 faq=4 (faq-only) [342/768]
2026-07-17T11:45:36.180Z OK 2109-002 faq=4 (faq-only) [343/768]
2026-07-17T11:45:36.508Z OK 2101-088 faq=4 (faq-only) [344/768]
2026-07-17T11:45:36.968Z OK 1901-017 faq=4 (faq-only) [345/768]
2026-07-17T11:45:37.388Z OK 1300-037 faq=4 (faq-only) [346/768]
2026-07-17T11:45:38.297Z OK 1100-002 faq=4 (faq-only) [347/768]
2026-07-17T11:45:39.560Z OK 1601-015 faq=4 (faq-only) [348/768]
2026-07-17T11:45:39.966Z OK 1600-038 faq=4 (faq-only) [349/768]
2026-07-17T11:45:40.077Z OK 2101-100 faq=4 (faq-only) [350/768]
2026-07-17T11:45:40.593Z OK 1402-009 faq=4 (faq-only) [351/768]
2026-07-17T11:45:43.297Z OK 1600-017 faq=4 (faq-only) [352/768]
2026-07-17T11:45:43.360Z OK 1503-016 faq=4 (faq-only) [353/768]
2026-07-17T11:45:43.741Z OK 2108-010 faq=4 (faq-only) [354/768]
2026-07-17T11:45:43.836Z OK 1901-005 faq=4 (faq-only) [355/768]
2026-07-17T11:45:45.709Z OK 1300-051 faq=4 (faq-only) [356/768]
2026-07-17T11:45:46.648Z OK 2108-004 faq=4 (faq-only) [357/768]
2026-07-17T11:45:46.968Z OK 2109-032 faq=4 (faq-only) [358/768]
2026-07-17T11:45:47.413Z OK 1603-014 faq=4 (faq-only) [359/768]
2026-07-17T11:45:48.856Z OK 1203-026 faq=4 (faq-only) [360/768]
2026-07-17T11:45:48.993Z OK 1300-031 faq=4 (faq-only) [361/768]
2026-07-17T11:45:50.128Z OK 1205-024 faq=4 (faq-only) [362/768]
2026-07-17T11:45:50.369Z OK 1503-041 faq=4 (faq-only) [363/768]
2026-07-17T11:45:51.457Z OK 2105-009 faq=4 (faq-only) [364/768]
2026-07-17T11:45:52.357Z OK 1600-015 faq=4 (faq-only) [365/768]
2026-07-17T11:45:52.613Z OK 2101-018 faq=4 (faq-only) [366/768]
2026-07-17T11:45:52.997Z OK 1300-017 faq=4 (faq-only) [367/768]
2026-07-17T11:45:53.541Z OK 1901-010 faq=4 (faq-only) [368/768]
2026-07-17T11:45:53.828Z OK 2101-072 faq=4 (faq-only) [369/768]
2026-07-17T11:45:55.309Z OK 1601-004 faq=4 (faq-only) [370/768]
2026-07-17T11:45:56.241Z OK 2200-001 faq=4 (faq-only) [371/768]
2026-07-17T11:45:56.400Z OK 1300-040 faq=4 (faq-only) [372/768]
2026-07-17T11:45:56.465Z OK 2000-001 faq=4 (faq-only) [373/768]
2026-07-17T11:45:57.141Z OK 1600-023 faq=4 (faq-only) [374/768]
2026-07-17T11:45:57.964Z OK 1203-017 faq=4 (faq-only) [375/768]
2026-07-17T11:45:59.773Z OK 1002-002 faq=4 (faq-only) [376/768]
2026-07-17T11:46:00.289Z OK 1005-020 faq=4 (faq-only) [377/768]
2026-07-17T11:46:00.369Z OK 1901-008 faq=4 (faq-only) [378/768]
2026-07-17T11:46:01.085Z OK 1203-016 faq=4 (faq-only) [379/768]
2026-07-17T11:46:01.348Z OK 1202-007 faq=4 (faq-only) [380/768]
2026-07-17T11:46:02.969Z OK 1001-001 faq=4 (faq-only) [381/768]
2026-07-17T11:46:03.364Z OK 2101-092 faq=4 (faq-only) [382/768]
2026-07-17T11:46:03.449Z OK 1300-023 faq=4 (faq-only) [383/768]
2026-07-17T11:46:03.725Z OK 1505-004 faq=4 (faq-only) [384/768]
2026-07-17T11:46:04.780Z OK 1000-010 faq=4 (faq-only) [385/768]
2026-07-17T11:46:05.525Z OK 1005-029 faq=4 (faq-only) [386/768]
2026-07-17T11:46:06.757Z OK 1601-012 faq=4 (faq-only) [387/768]
2026-07-17T11:46:06.921Z OK 2107-005 faq=4 (faq-only) [388/768]
2026-07-17T11:46:07.141Z OK 1204-011 faq=4 (faq-only) [389/768]
2026-07-17T11:46:07.261Z OK 1101-007 faq=4 (faq-only) [390/768]
2026-07-17T11:46:08.401Z OK 1300-053 faq=4 (faq-only) [391/768]
2026-07-17T11:46:10.121Z OK 1300-011 faq=4 (faq-only) [392/768]
2026-07-17T11:46:10.161Z OK 1005-001 faq=4 (faq-only) [393/768]
2026-07-17T11:46:10.337Z OK 1300-019 faq=4 (faq-only) [394/768]
2026-07-17T11:46:10.825Z OK 1300-044 faq=4 (faq-only) [395/768]
2026-07-17T11:46:11.421Z OK 2101-095 faq=4 (faq-only) [396/768]
2026-07-17T11:46:12.201Z OK 1502-010 faq=4 (faq-only) [397/768]
2026-07-17T11:46:13.749Z OK 1605-008 faq=4 (faq-only) [398/768]
2026-07-17T11:46:14.345Z OK 2101-004 faq=4 (faq-only) [399/768]
2026-07-17T11:46:14.356Z OK 1503-022 faq=4 (faq-only) [400/768]
2026-07-17T11:46:14.981Z OK 1503-008 faq=4 (faq-only) [401/768]
2026-07-17T11:46:15.281Z OK 1005-024 faq=4 (faq-only) [402/768]
2026-07-17T11:46:15.880Z OK 1901-004 faq=4 (faq-only) [403/768]
2026-07-17T11:46:16.864Z OK 1603-017 faq=4 (faq-only) [404/768]
2026-07-17T11:46:17.970Z OK 1600-009 faq=4 (faq-only) [405/768]
2026-07-17T11:46:18.248Z OK 1603-018 faq=4 (faq-only) [406/768]
2026-07-17T11:46:18.425Z OK 2107-001 faq=4 (faq-only) [407/768]
2026-07-17T11:46:18.937Z OK 1402-008 faq=4 (faq-only) [408/768]
2026-07-17T11:46:19.253Z OK 1201-001 faq=4 (faq-only) [409/768]
2026-07-17T11:46:21.241Z OK 2101-094 faq=4 (faq-only) [410/768]
2026-07-17T11:46:21.593Z OK 2101-023 faq=4 (faq-only) [411/768]
2026-07-17T11:46:21.957Z OK 1000-001 faq=4 (faq-only) [412/768]
2026-07-17T11:46:21.964Z OK 1204-016 faq=4 (faq-only) [413/768]
2026-07-17T11:46:22.921Z OK 2101-044 faq=4 (faq-only) [414/768]
2026-07-17T11:46:23.161Z OK 2109-035 faq=4 (faq-only) [415/768]
2026-07-17T11:46:24.989Z OK 2001-007 faq=4 (faq-only) [416/768]
2026-07-17T11:46:25.585Z OK 1601-025 faq=4 (faq-only) [417/768]
2026-07-17T11:46:25.658Z OK 2101-037 faq=4 (faq-only) [418/768]
2026-07-17T11:46:25.682Z OK 1503-056 faq=4 (faq-only) [419/768]
2026-07-17T11:46:26.177Z OK 1300-003 faq=4 (faq-only) [420/768]
2026-07-17T11:46:27.156Z OK 1600-008 faq=4 (faq-only) [421/768]
2026-07-17T11:46:28.569Z OK 1102-001 faq=4 (faq-only) [422/768]
2026-07-17T11:46:29.129Z OK 1601-027 faq=4 (faq-only) [423/768]
2026-07-17T11:46:29.517Z OK 2109-009 faq=4 (faq-only) [424/768]
2026-07-17T11:46:30.152Z OK 2105-021 faq=4 (faq-only) [425/768]
2026-07-17T11:46:30.184Z OK 1203-011 faq=4 (faq-only) [426/768]
2026-07-17T11:46:31.121Z OK 1600-006 faq=4 (faq-only) [427/768]
2026-07-17T11:46:32.844Z OK 2108-001 faq=4 (faq-only) [428/768]
2026-07-17T11:46:33.353Z OK 1701-010 faq=4 (faq-only) [429/768]
2026-07-17T11:46:33.661Z OK 2101-091 faq=4 (faq-only) [430/768]
2026-07-17T11:46:33.981Z OK 2105-019 faq=4 (faq-only) [431/768]
2026-07-17T11:46:34.248Z OK 1600-010 faq=4 (faq-only) [432/768]
2026-07-17T11:46:36.081Z OK 1802-005 faq=4 (faq-only) [433/768]
2026-07-17T11:46:36.689Z OK 1502-004 faq=4 (faq-only) [434/768]
2026-07-17T11:46:37.569Z OK 1300-016 faq=4 (faq-only) [435/768]
2026-07-17T11:46:37.629Z OK 1000-009 faq=4 (faq-only) [436/768]
2026-07-17T11:46:37.849Z OK 2105-005 faq=4 (faq-only) [437/768]
2026-07-17T11:46:38.209Z OK 1000-014 faq=4 (faq-only) [438/768]
2026-07-17T11:46:39.605Z OK 1502-003 faq=4 (faq-only) [439/768]
2026-07-17T11:46:40.417Z OK 1804-004 faq=4 (faq-only) [440/768]
2026-07-17T11:46:40.592Z OK 2200-004 faq=4 (faq-only) [441/768]
2026-07-17T11:46:41.685Z OK 1604-013 faq=4 (faq-only) [442/768]
2026-07-17T11:46:41.989Z OK 1604-009 faq=4 (faq-only) [443/768]
2026-07-17T11:46:42.117Z OK 1005-007 faq=4 (faq-only) [444/768]
2026-07-17T11:46:43.512Z OK 1202-021 faq=4 (faq-only) [445/768]
2026-07-17T11:46:43.637Z OK 1503-006 faq=4 (faq-only) [446/768]
2026-07-17T11:46:44.569Z OK 1503-050 faq=4 (faq-only) [447/768]
2026-07-17T11:46:45.558Z OK 2109-036 faq=4 (faq-only) [448/768]
2026-07-17T11:46:46.262Z OK 1601-024 faq=4 (faq-only) [449/768]
2026-07-17T11:46:46.565Z OK 1601-006 faq=4 (faq-only) [450/768]
2026-07-17T11:46:46.817Z OK 1202-001 faq=4 (faq-only) [451/768]
2026-07-17T11:46:47.297Z OK 1702-113 faq=4 (faq-only) [452/768]
2026-07-17T11:46:48.842Z OK 1402-015 faq=4 (faq-only) [453/768]
2026-07-17T11:46:49.513Z OK 1300-052 faq=4 (faq-only) [454/768]
2026-07-17T11:46:49.858Z OK 1601-013 faq=4 (faq-only) [455/768]
2026-07-17T11:46:50.593Z OK 1204-003 faq=4 (faq-only) [456/768]
2026-07-17T11:46:50.729Z OK 1300-029 faq=4 (faq-only) [457/768]
2026-07-17T11:46:51.214Z OK 1801-006 faq=4 (faq-only) [458/768]
2026-07-17T11:46:51.965Z OK 2105-002 faq=4 (faq-only) [459/768]
2026-07-17T11:46:52.814Z OK 1901-002 faq=4 (faq-only) [460/768]
2026-07-17T11:46:53.517Z OK 2105-014 faq=4 (faq-only) [461/768]
2026-07-17T11:46:53.865Z OK 1300-055 faq=4 (faq-only) [462/768]
2026-07-17T11:46:54.541Z OK 1402-007 faq=4 (faq-only) [463/768]
2026-07-17T11:46:54.606Z OK 2108-002 faq=4 (faq-only) [464/768]
2026-07-17T11:46:55.494Z OK 1401-001 faq=4 (faq-only) [465/768]
2026-07-17T11:46:56.321Z OK 1503-002 faq=4 (faq-only) [466/768]
2026-07-17T11:46:56.473Z OK 1005-031 faq=4 (faq-only) [467/768]
2026-07-17T11:46:57.265Z OK 1803-007 faq=4 (faq-only) [468/768]
2026-07-17T11:46:57.661Z OK 1005-028 faq=4 (faq-only) [469/768]
2026-07-17T11:46:58.358Z OK 1101-005 faq=4 (faq-only) [470/768]
2026-07-17T11:46:59.178Z OK 1300-015 faq=4 (faq-only) [471/768]
2026-07-17T11:47:00.163Z OK 1000-013 faq=4 (faq-only) [472/768]
2026-07-17T11:47:00.738Z OK 1503-040 faq=4 (faq-only) [473/768]
2026-07-17T11:47:00.745Z OK 1601-020 faq=4 (faq-only) [474/768]
2026-07-17T11:47:01.198Z OK 1502-006 faq=4 (faq-only) [475/768]
2026-07-17T11:47:02.421Z OK 2109-021 faq=4 (faq-only) [476/768]
2026-07-17T11:47:02.609Z OK 2100-015 faq=4 (faq-only) [477/768]
2026-07-17T11:47:03.718Z OK 1601-023 faq=4 (faq-only) [478/768]
2026-07-17T11:47:04.430Z OK 1300-041 faq=4 (faq-only) [479/768]
2026-07-17T11:47:04.522Z OK 2200-003 faq=4 (faq-only) [480/768]
2026-07-17T11:47:05.198Z OK 1502-005 faq=4 (faq-only) [481/768]
2026-07-17T11:47:06.802Z OK 1102-004 faq=4 (faq-only) [482/768]
2026-07-17T11:47:07.686Z OK 2104-011 faq=4 (faq-only) [483/768]
2026-07-17T11:47:07.769Z OK 2105-011 faq=4 (faq-only) [484/768]
2026-07-17T11:47:08.401Z OK 2100-021 faq=4 (faq-only) [485/768]
2026-07-17T11:47:08.722Z OK 2002-002 faq=4 (faq-only) [486/768]
2026-07-17T11:47:10.294Z OK 1603-004 faq=4 (faq-only) [487/768]
2026-07-17T11:47:10.502Z OK 1601-026 faq=4 (faq-only) [488/768]
2026-07-17T11:47:11.462Z OK 1601-022 faq=4 (faq-only) [489/768]
2026-07-17T11:47:11.533Z OK 1203-018 faq=4 (faq-only) [490/768]
2026-07-17T11:47:12.449Z OK 1802-006 faq=4 (faq-only) [491/768]
2026-07-17T11:47:12.638Z OK 2100-019 faq=4 (faq-only) [492/768]
2026-07-17T11:47:14.085Z OK 2108-017 faq=4 (faq-only) [493/768]
2026-07-17T11:47:14.597Z OK 1503-043 faq=4 (faq-only) [494/768]
2026-07-17T11:47:14.638Z OK 1603-005 faq=4 (faq-only) [495/768]
2026-07-17T11:47:15.498Z OK 1901-022 faq=4 (faq-only) [496/768]
2026-07-17T11:47:16.013Z OK 2101-065 faq=4 (faq-only) [497/768]
2026-07-17T11:47:16.341Z OK 2101-068 faq=4 (faq-only) [498/768]
2026-07-17T11:47:17.842Z OK 2100-003 faq=4 (faq-only) [499/768]
2026-07-17T11:47:18.491Z OK 1702-110 faq=4 (faq-only) [500/768]
2026-07-17T11:47:19.002Z OK 2105-020 faq=4 (faq-only) [501/768]
2026-07-17T11:47:19.126Z OK 1202-003 faq=4 (faq-only) [502/768]
2026-07-17T11:47:19.290Z OK 1603-007 faq=4 (faq-only) [503/768]
2026-07-17T11:47:21.049Z OK 2109-008 faq=4 (faq-only) [504/768]
2026-07-17T11:47:21.222Z OK 2109-001 faq=4 (faq-only) [505/768]
2026-07-17T11:47:21.670Z OK 1300-008 faq=4 (faq-only) [506/768]
2026-07-17T11:47:22.318Z OK 2109-005 faq=4 (faq-only) [507/768]
2026-07-17T11:47:22.638Z OK 1204-005 faq=4 (faq-only) [508/768]
2026-07-17T11:47:24.074Z OK 1803-002 faq=4 (faq-only) [509/768]
2026-07-17T11:47:24.554Z OK 1401-003 faq=4 (faq-only) [510/768]
2026-07-17T11:47:24.789Z OK 1300-048 faq=4 (faq-only) [511/768]
2026-07-17T11:47:25.190Z OK 2002-013 faq=4 (faq-only) [512/768]
2026-07-17T11:47:26.314Z OK 2105-013 faq=4 (faq-only) [513/768]
2026-07-17T11:47:26.510Z OK 1204-020 faq=4 (faq-only) [514/768]
2026-07-17T11:47:27.693Z OK 1300-033 faq=4 (faq-only) [515/768]
2026-07-17T11:47:28.101Z OK 1604-014 faq=4 (faq-only) [516/768]
2026-07-17T11:47:28.181Z OK 1300-038 faq=4 (faq-only) [517/768]
2026-07-17T11:47:28.934Z OK 2100-010 faq=4 (faq-only) [518/768]
2026-07-17T11:47:29.794Z OK 1203-005 faq=4 (faq-only) [519/768]
2026-07-17T11:47:30.318Z OK 1300-006 faq=4 (faq-only) [520/768]
2026-07-17T11:47:31.165Z OK 1600-007 faq=4 (faq-only) [521/768]
2026-07-17T11:47:31.602Z OK 1503-026 faq=4 (faq-only) [522/768]
2026-07-17T11:47:31.742Z OK 2104-017 faq=4 (faq-only) [523/768]
2026-07-17T11:47:31.818Z OK 1901-009 faq=4 (faq-only) [524/768]
2026-07-17T11:47:33.377Z OK 2109-010 faq=4 (faq-only) [525/768]
2026-07-17T11:47:33.590Z OK 1104-002 faq=4 (faq-only) [526/768]
2026-07-17T11:47:34.478Z OK 2105-012 faq=4 (faq-only) [527/768]
2026-07-17T11:47:35.118Z OK 1300-046 faq=4 (faq-only) [528/768]
2026-07-17T11:47:35.186Z OK 2100-022 faq=4 (faq-only) [529/768]
2026-07-17T11:47:35.449Z OK 1503-058 faq=4 (faq-only) [530/768]
2026-07-17T11:47:37.486Z OK 2001-004 faq=4 (faq-only) [531/768]
2026-07-17T11:47:37.534Z OK 1005-026 faq=4 (faq-only) [532/768]
2026-07-17T11:47:38.642Z OK 1104-005 faq=4 (faq-only) [533/768]
2026-07-17T11:47:38.706Z OK 2109-024 faq=4 (faq-only) [534/768]
2026-07-17T11:47:39.570Z OK 2101-064 faq=4 (faq-only) [535/768]
2026-07-17T11:47:40.854Z OK 1002-001 faq=4 (faq-only) [536/768]
2026-07-17T11:47:41.038Z OK 1204-014 faq=4 (faq-only) [537/768]
2026-07-17T11:47:41.778Z OK 2100-020 faq=4 (faq-only) [538/768]
2026-07-17T11:47:42.074Z OK 2100-014 faq=4 (faq-only) [539/768]
2026-07-17T11:47:42.634Z OK 1000-012 faq=4 (faq-only) [540/768]
2026-07-17T11:47:43.506Z OK 2109-031 faq=4 (faq-only) [541/768]
2026-07-17T11:47:44.458Z OK 1503-033 faq=4 (faq-only) [542/768]
2026-07-17T11:47:45.333Z OK 1502-008 faq=4 (faq-only) [543/768]
2026-07-17T11:47:45.730Z OK 1901-006 faq=4 (faq-only) [544/768]
2026-07-17T11:47:45.798Z OK 1604-002 faq=4 (faq-only) [545/768]
2026-07-17T11:47:46.990Z OK 1000-002 faq=4 (faq-only) [546/768]
2026-07-17T11:47:48.050Z OK 2108-009 faq=4 (faq-only) [547/768]
2026-07-17T11:47:49.134Z OK 1300-022 faq=4 (faq-only) [548/768]
2026-07-17T11:47:49.326Z OK 2105-018 faq=4 (faq-only) [549/768]
2026-07-17T11:47:49.390Z OK 2100-006 faq=5 (faq-only) [550/768]
2026-07-17T11:47:49.414Z OK 1503-009 faq=4 (faq-only) [551/768]
2026-07-17T11:47:51.038Z OK 1005-022 faq=4 (faq-only) [552/768]
2026-07-17T11:47:52.082Z OK 1300-024 faq=4 (faq-only) [553/768]
2026-07-17T11:47:52.590Z OK 1104-001 faq=4 (faq-only) [554/768]
2026-07-17T11:47:52.730Z OK 1901-003 faq=4 (faq-only) [555/768]
2026-07-17T11:47:52.915Z OK 1503-055 faq=4 (faq-only) [556/768]
2026-07-17T11:47:52.982Z OK 1204-008 faq=4 (faq-only) [557/768]
2026-07-17T11:47:55.074Z OK 2108-018 faq=4 (faq-only) [558/768]
2026-07-17T11:47:55.578Z OK 2100-002 faq=4 (faq-only) [559/768]
2026-07-17T11:47:56.114Z OK 1605-002 faq=4 (faq-only) [560/768]
2026-07-17T11:47:56.378Z OK 1202-012 faq=4 (faq-only) [561/768]
2026-07-17T11:47:56.482Z OK 1202-017 faq=4 (faq-only) [562/768]
2026-07-17T11:47:58.582Z OK 1702-044 faq=4 (faq-only) [563/768]
2026-07-17T11:47:58.718Z OK 1701-002 faq=4 (faq-only) [564/768]
2026-07-17T11:47:59.006Z OK 1203-014 faq=4 (faq-only) [565/768]
2026-07-17T11:47:59.606Z OK 1505-005 faq=4 (faq-only) [566/768]
2026-07-17T11:47:59.714Z OK 1000-005 faq=4 (faq-only) [567/768]
2026-07-17T11:48:02.238Z OK 2108-007 faq=4 (faq-only) [568/768]
2026-07-17T11:48:02.563Z OK 1600-040 faq=4 (faq-only) [569/768]
2026-07-17T11:48:02.631Z OK 1601-005 faq=4 (faq-only) [570/768]
2026-07-17T11:48:03.482Z OK 2105-004 faq=4 (faq-only) [571/768]
2026-07-17T11:48:03.615Z OK 1204-013 faq=4 (faq-only) [572/768]
2026-07-17T11:48:05.475Z OK 2105-007 faq=4 (faq-only) [573/768]
2026-07-17T11:48:05.782Z OK 1600-043 faq=4 (faq-only) [574/768]
2026-07-17T11:48:05.858Z OK 2109-027 faq=4 (faq-only) [575/768]
2026-07-17T11:48:06.590Z OK 1503-037 faq=4 (faq-only) [576/768]
2026-07-17T11:48:07.058Z OK 1300-007 faq=4 (faq-only) [577/768]
2026-07-17T11:48:09.242Z OK 1505-001 faq=4 (faq-only) [578/768]
2026-07-17T11:48:09.298Z OK 1804-003 faq=4 (faq-only) [579/768]
2026-07-17T11:48:09.799Z OK 2001-008 faq=4 (faq-only) [580/768]
2026-07-17T11:48:10.314Z OK 1104-004 faq=4 (faq-only) [581/768]
2026-07-17T11:48:10.594Z OK 1402-012 faq=4 (faq-only) [582/768]
2026-07-17T11:48:11.034Z OK 2101-071 faq=4 (faq-only) [583/768]
2026-07-17T11:48:12.130Z OK 1300-026 faq=4 (faq-only) [584/768]
2026-07-17T11:48:12.830Z OK 1503-038 faq=4 (faq-only) [585/768]
2026-07-17T11:48:14.034Z OK 1604-016 faq=4 (faq-only) [586/768]
2026-07-17T11:48:14.143Z OK 1202-020 faq=4 (faq-only) [587/768]
2026-07-17T11:48:14.339Z OK 1604-024 faq=4 (faq-only) [588/768]
2026-07-17T11:48:14.931Z OK 1605-011 faq=4 (faq-only) [589/768]
2026-07-17T11:48:17.135Z OK 1600-012 faq=4 (faq-only) [590/768]
2026-07-17T11:48:17.386Z OK 1005-009 faq=4 (faq-only) [591/768]
2026-07-17T11:48:17.433Z OK 1005-019 faq=4 (faq-only) [592/768]
2026-07-17T11:48:17.440Z OK 1300-018 faq=4 (faq-only) [593/768]
2026-07-17T11:48:18.414Z OK 1300-032 faq=4 (faq-only) [594/768]
2026-07-17T11:48:20.318Z OK 1600-013 faq=4 (faq-only) [595/768]
2026-07-17T11:48:20.975Z OK 1005-023 faq=4 (faq-only) [596/768]
2026-07-17T11:48:21.659Z OK 2004-001 faq=4 (faq-only) [597/768]
2026-07-17T11:48:21.995Z OK 1604-017 faq=4 (faq-only) [598/768]
2026-07-17T11:48:22.179Z OK 1502-009 faq=4 (faq-only) [599/768]
2026-07-17T11:48:22.202Z OK 1204-007 faq=4 (faq-only) [600/768]
2026-07-17T11:48:23.631Z OK 1202-004 faq=4 (faq-only) [601/768]
2026-07-17T11:48:25.327Z OK 2107-002 faq=4 (faq-only) [602/768]
2026-07-17T11:48:25.731Z OK 2104-014 faq=4 (faq-only) [603/768]
2026-07-17T11:48:26.123Z OK 1204-002 faq=4 (faq-only) [604/768]
2026-07-17T11:48:26.462Z OK 1300-056 faq=4 (faq-only) [605/768]
2026-07-17T11:48:27.239Z OK 1802-007 faq=4 (faq-only) [606/768]
2026-07-17T11:48:28.839Z OK 1000-008 faq=4 (faq-only) [607/768]
2026-07-17T11:48:29.355Z OK 1101-003 faq=4 (faq-only) [608/768]
2026-07-17T11:48:29.495Z OK 2101-059 faq=4 (faq-only) [609/768]
2026-07-17T11:48:31.146Z OK 2109-007 faq=4 (faq-only) [610/768]
2026-07-17T11:48:31.153Z OK 1203-006 faq=4 (faq-only) [611/768]
2026-07-17T11:48:31.319Z OK 1204-019 faq=4 (faq-only) [612/768]
2026-07-17T11:48:32.282Z OK 2101-040 faq=4 (faq-only) [613/768]
2026-07-17T11:48:32.439Z OK 1300-043 faq=4 (faq-only) [614/768]
2026-07-17T11:48:33.014Z OK 2100-025 faq=4 (faq-only) [615/768]
2026-07-17T11:48:34.551Z OK 1300-009 faq=4 (faq-only) [616/768]
2026-07-17T11:48:34.711Z OK 2101-035 faq=4 (faq-only) [617/768]
2026-07-17T11:48:35.018Z OK 1204-015 faq=4 (faq-only) [618/768]
2026-07-17T11:48:35.531Z OK 1202-016 faq=4 (faq-only) [619/768]
2026-07-17T11:48:36.267Z OK 2001-006 faq=4 (faq-only) [620/768]
2026-07-17T11:48:36.303Z OK 1203-020 faq=4 (faq-only) [621/768]
2026-07-17T11:48:38.147Z OK 2105-008 faq=4 (faq-only) [622/768]
2026-07-17T11:48:38.171Z OK 2002-016 faq=4 (faq-only) [623/768]
2026-07-17T11:48:38.314Z OK 1300-001 faq=4 (faq-only) [624/768]
2026-07-17T11:48:39.207Z OK 1300-047 faq=4 (faq-only) [625/768]
2026-07-17T11:48:39.795Z OK 2109-033 faq=4 (faq-only) [626/768]
2026-07-17T11:48:40.142Z OK 2104-016 faq=4 (faq-only) [627/768]
2026-07-17T11:48:41.298Z OK 1600-036 faq=4 (faq-only) [628/768]
2026-07-17T11:48:41.823Z OK 2101-051 faq=4 (faq-only) [629/768]
2026-07-17T11:48:42.550Z OK 1402-013 faq=4 (faq-only) [630/768]
2026-07-17T11:48:42.951Z OK 1603-001 faq=4 (faq-only) [631/768]
2026-07-17T11:48:43.447Z OK 2101-077 faq=4 (faq-only) [632/768]
2026-07-17T11:48:43.598Z OK 2002-020 faq=4 (faq-only) [633/768]
2026-07-17T11:48:44.582Z OK 1600-042 faq=4 (faq-only) [634/768]
2026-07-17T11:48:45.459Z OK 1203-023 faq=4 (faq-only) [635/768]
2026-07-17T11:48:46.215Z OK 2104-003 faq=4 (faq-only) [636/768]
2026-07-17T11:48:46.851Z OK 2101-082 faq=4 (faq-only) [637/768]
2026-07-17T11:48:46.907Z OK 2101-073 faq=4 (faq-only) [638/768]
2026-07-17T11:48:48.075Z OK 1203-025 faq=4 (faq-only) [639/768]
2026-07-17T11:48:48.103Z OK 1300-005 faq=4 (faq-only) [640/768]
2026-07-17T11:48:48.719Z OK 1503-010 faq=4 (faq-only) [641/768]
2026-07-17T11:48:50.095Z OK 1601-008 faq=4 (faq-only) [642/768]
2026-07-17T11:48:50.247Z OK 1004-002 faq=4 (faq-only) [643/768]
2026-07-17T11:48:50.782Z OK 1901-020 faq=4 (faq-only) [644/768]
2026-07-17T11:48:51.319Z OK 1901-011 faq=4 (faq-only) [645/768]
2026-07-17T11:48:52.275Z OK 1202-019 faq=4 (faq-only) [646/768]
2026-07-17T11:48:52.815Z OK 2109-013 faq=4 (faq-only) [647/768]
2026-07-17T11:48:53.519Z OK 1803-004 faq=4 (faq-only) [648/768]
2026-07-17T11:48:53.803Z OK 1603-012 faq=4 (faq-only) [649/768]
2026-07-17T11:48:54.802Z OK 2109-030 faq=4 (faq-only) [650/768]
2026-07-17T11:48:55.583Z OK 1503-024 faq=4 (faq-only) [651/768]
2026-07-17T11:48:55.971Z OK 1702-112 faq=4 (faq-only) [652/768]
2026-07-17T11:48:56.195Z OK 1503-032 faq=4 (faq-only) [653/768]
2026-07-17T11:48:57.031Z OK 1601-009 faq=4 (faq-only) [654/768]
2026-07-17T11:48:57.679Z OK 1101-004 faq=4 (faq-only) [655/768]
2026-07-17T11:48:58.582Z OK 2109-028 faq=4 (faq-only) [656/768]
2026-07-17T11:48:58.699Z OK 1603-003 faq=4 (faq-only) [657/768]
2026-07-17T11:48:59.511Z OK 1503-034 faq=4 (faq-only) [658/768]
2026-07-17T11:48:59.779Z OK 1503-045 faq=4 (faq-only) [659/768]
2026-07-17T11:49:01.755Z OK 1300-014 faq=4 (faq-only) [660/768]
2026-07-17T11:49:01.780Z OK 1000-004 faq=4 (faq-only) [661/768]
2026-07-17T11:49:01.887Z OK 1203-024 faq=4 (faq-only) [662/768]
2026-07-17T11:49:01.903Z OK 1804-001 faq=4 (faq-only) [663/768]
2026-07-17T11:49:03.482Z OK 1503-030 faq=4 (faq-only) [664/768]
2026-07-17T11:49:03.943Z OK 1601-019 faq=4 (faq-only) [665/768]
2026-07-17T11:49:05.979Z OK 1601-007 faq=4 (faq-only) [666/768]
2026-07-17T11:49:06.594Z OK 2101-030 faq=4 (faq-only) [667/768]
2026-07-17T11:49:06.755Z OK 2101-097 faq=4 (faq-only) [668/768]
2026-07-17T11:49:07.383Z OK 2109-037 faq=4 (faq-only) [669/768]
2026-07-17T11:49:07.655Z OK 1502-007 faq=4 (faq-only) [670/768]
2026-07-17T11:49:07.735Z OK 2004-004 faq=4 (faq-only) [671/768]
2026-07-17T11:49:09.694Z OK 2002-011 faq=4 (faq-only) [672/768]
2026-07-17T11:49:10.527Z OK 1203-009 faq=4 (faq-only) [673/768]
2026-07-17T11:49:10.799Z OK 2108-015 faq=4 (faq-only) [674/768]
2026-07-17T11:49:10.883Z OK 1702-048 faq=4 (faq-only) [675/768]
2026-07-17T11:49:11.395Z OK 1203-028 faq=4 (faq-only) [676/768]
2026-07-17T11:49:12.083Z OK 2109-015 faq=4 (faq-only) [677/768]
2026-07-17T11:49:13.455Z OK 1801-007 faq=4 (faq-only) [678/768]
2026-07-17T11:49:13.462Z OK 1801-002 faq=4 (faq-only) [679/768]
2026-07-17T11:49:14.428Z OK 2108-014 faq=4 (faq-only) [680/768]
2026-07-17T11:49:14.671Z OK 1604-005 faq=4 (faq-only) [681/768]
2026-07-17T11:49:15.403Z OK 1606-002 faq=4 (faq-only) [682/768]
2026-07-17T11:49:15.555Z OK 1205-023 faq=4 (faq-only) [683/768]
2026-07-17T11:49:16.795Z OK 1202-011 faq=4 (faq-only) [684/768]
2026-07-17T11:49:17.107Z OK 2109-011 faq=4 (faq-only) [685/768]
2026-07-17T11:49:18.027Z OK 1204-017 faq=4 (faq-only) [686/768]
2026-07-17T11:49:19.151Z OK 2109-039 faq=4 (faq-only) [687/768]
2026-07-17T11:49:19.162Z OK 1300-036 faq=4 (faq-only) [688/768]
2026-07-17T11:49:20.051Z OK 1203-015 faq=4 (faq-only) [689/768]
2026-07-17T11:49:20.403Z OK 1503-007 faq=4 (faq-only) [690/768]
2026-07-17T11:49:21.399Z OK 1300-042 faq=4 (faq-only) [691/768]
2026-07-17T11:49:22.203Z OK 2109-041 faq=4 (faq-only) [692/768]
2026-07-17T11:49:22.787Z OK 2109-022 faq=4 (faq-only) [693/768]
2026-07-17T11:49:23.091Z OK 1000-007 faq=4 (faq-only) [694/768]
2026-07-17T11:49:23.943Z OK 2001-001 faq=4 (faq-only) [695/768]
2026-07-17T11:49:24.783Z OK 1005-004 faq=4 (faq-only) [696/768]
2026-07-17T11:49:25.743Z OK 1300-050 faq=4 (faq-only) [697/768]
2026-07-17T11:49:26.267Z OK 1203-010 faq=4 (faq-only) [698/768]
2026-07-17T11:49:27.111Z OK 1001-004 faq=4 (faq-only) [699/768]
2026-07-17T11:49:27.227Z OK 2108-008 faq=4 (faq-only) [700/768]
2026-07-17T11:49:27.667Z OK 2104-015 faq=4 (faq-only) [701/768]
2026-07-17T11:49:28.155Z OK 2109-020 faq=4 (faq-only) [702/768]
2026-07-17T11:49:29.155Z OK 2109-004 faq=4 (faq-only) [703/768]
2026-07-17T11:49:30.303Z OK 2108-005 faq=4 (faq-only) [704/768]
2026-07-17T11:49:31.875Z OK 1603-006 faq=4 (faq-only) [705/768]
2026-07-17T11:49:32.091Z OK 1803-001 faq=4 (faq-only) [706/768]
2026-07-17T11:49:32.156Z OK 2105-010 faq=4 (faq-only) [707/768]
2026-07-17T11:49:32.211Z OK 2101-028 faq=4 (faq-only) [708/768]
2026-07-17T11:49:32.692Z OK 1801-005 faq=4 (faq-only) [709/768]
2026-07-17T11:49:33.579Z OK 2100-018 faq=4 (faq-only) [710/768]
2026-07-17T11:49:35.498Z OK 2108-019 faq=4 (faq-only) [711/768]
2026-07-17T11:49:35.624Z OK 1005-006 faq=4 (faq-only) [712/768]
2026-07-17T11:49:35.635Z OK 2105-016 faq=4 (faq-only) [713/768]
2026-07-17T11:49:35.642Z OK 1402-011 faq=4 (faq-only) [714/768]
2026-07-17T11:49:36.515Z OK 1503-035 faq=4 (faq-only) [715/768]
2026-07-17T11:49:36.951Z OK 1005-015 faq=4 (faq-only) [716/768]
2026-07-17T11:49:39.142Z OK 2104-018 faq=4 (faq-only) [717/768]
2026-07-17T11:49:39.211Z OK 1001-007 faq=4 (faq-only) [718/768]
2026-07-17T11:49:39.235Z OK 2104-007 faq=4 (faq-only) [719/768]
2026-07-17T11:49:39.408Z OK 2108-022 faq=4 (faq-only) [720/768]
2026-07-17T11:49:39.759Z OK 1001-009 faq=4 (faq-only) [721/768]
2026-07-17T11:49:40.748Z OK 2101-087 faq=4 (faq-only) [722/768]
2026-07-17T11:49:42.412Z OK 1300-035 faq=4 (faq-only) [723/768]
2026-07-17T11:49:42.492Z OK 1205-021 faq=4 (faq-only) [724/768]
2026-07-17T11:49:42.539Z OK 2108-011 faq=4 (faq-only) [725/768]
2026-07-17T11:49:42.780Z OK 1503-004 faq=4 (faq-only) [726/768]
2026-07-17T11:49:43.592Z OK 1503-039 faq=4 (faq-only) [727/768]
2026-07-17T11:49:43.760Z OK 1203-013 faq=4 (faq-only) [728/768]
2026-07-17T11:49:46.123Z OK 2105-017 faq=4 (faq-only) [729/768]
2026-07-17T11:49:46.424Z OK 2109-019 faq=4 (faq-only) [730/768]
2026-07-17T11:49:46.780Z OK 2109-012 faq=4 (faq-only) [731/768]
2026-07-17T11:49:47.175Z OK 1005-027 faq=4 (faq-only) [732/768]
2026-07-17T11:49:47.399Z OK 2109-018 faq=4 (faq-only) [733/768]
2026-07-17T11:49:47.406Z OK 1300-013 faq=4 (faq-only) [734/768]
2026-07-17T11:49:49.504Z OK 1005-005 faq=4 (faq-only) [735/768]
2026-07-17T11:49:50.064Z OK 1001-012 faq=4 (faq-only) [736/768]
2026-07-17T11:49:50.272Z OK 1901-007 faq=4 (faq-only) [737/768]
2026-07-17T11:49:50.452Z OK 2101-074 faq=4 (faq-only) [738/768]
2026-07-17T11:49:51.068Z OK 2100-008 faq=4 (faq-only) [739/768]
2026-07-17T11:49:51.215Z OK 1600-028 faq=4 (faq-only) [740/768]
2026-07-17T11:49:52.708Z OK 1005-010 faq=4 (faq-only) [741/768]
2026-07-17T11:49:53.635Z OK 1300-045 faq=4 (faq-only) [742/768]
2026-07-17T11:49:53.760Z OK 1300-054 faq=4 (faq-only) [743/768]
2026-07-17T11:49:54.052Z OK 1300-012 faq=4 (faq-only) [744/768]
2026-07-17T11:49:54.380Z OK 2101-010 faq=4 (faq-only) [745/768]
2026-07-17T11:49:54.972Z OK 1601-010 faq=4 (faq-only) [746/768]
2026-07-17T11:49:56.420Z OK 1205-015 faq=4 (faq-only) [747/768]
2026-07-17T11:49:57.619Z OK 2001-003 faq=4 (faq-only) [748/768]
2026-07-17T11:49:57.660Z OK 1300-020 faq=4 (faq-only) [749/768]
2026-07-17T11:49:57.751Z OK 1600-031 faq=4 (faq-only) [750/768]
2026-07-17T11:49:58.312Z OK 1503-018 faq=4 (faq-only) [751/768]
2026-07-17T11:49:58.499Z OK 2101-070 faq=4 (faq-only) [752/768]
2026-07-17T11:49:59.699Z OK 1300-030 faq=4 (faq-only) [753/768]
2026-07-17T11:50:00.835Z OK 1005-013 faq=4 (faq-only) [754/768]
2026-07-17T11:50:01.648Z OK 2101-001 faq=4 (faq-only) [755/768]
2026-07-17T11:50:01.780Z OK 2105-023 faq=4 (faq-only) [756/768]
2026-07-17T11:50:03.336Z OK 2101-021 faq=4 (faq-only) [757/768]
2026-07-17T11:50:03.519Z OK 2105-025 faq=4 (faq-only) [758/768]
2026-07-17T11:50:04.292Z OK 2105-024 faq=4 (faq-only) [759/768]
2026-07-17T11:50:05.190Z OK 2105-026 faq=4 (faq-only) [760/768]
2026-07-17T11:50:05.322Z OK 2105-027 faq=4 (faq-only) [761/768]
2026-07-17T11:50:05.470Z OK 2105-028 faq=4 (faq-only) [762/768]
2026-07-17T11:50:07.625Z OK 2105-030 faq=4 (faq-only) [763/768]
2026-07-17T11:50:07.917Z OK 2105-031 faq=4 (faq-only) [764/768]
2026-07-17T11:50:08.069Z OK 2105-029 faq=4 (faq-only) [765/768]
2026-07-17T11:50:09.098Z OK 2105-032 faq=4 (faq-only) [766/768]
2026-07-17T11:50:09.475Z OK 2105-034 faq=4 (faq-only) [767/768]
2026-07-17T11:50:10.227Z OK 2105-033 faq=4 (faq-only) [768/768]
2026-07-17T11:50:10.228Z DONE ok=768 failed=0
2026-07-17T20:38:52.414Z START pending=306 concurrency=6
2026-07-17T20:39:00.712Z OK 1005-009 faq=4 [1/306]
2026-07-17T20:39:00.798Z OK 1004-002 faq=4 [2/306]
2026-07-17T20:39:01.050Z OK 1005-005 faq=4 [3/306]
2026-07-17T20:39:01.375Z OK 1101-003 faq=4 [4/306]
2026-07-17T20:39:02.214Z OK 1005-015 faq=4 [5/306]
2026-07-17T20:39:03.158Z OK 1005-023 faq=4 [6/306]
2026-07-17T20:39:10.580Z OK 1101-004 faq=4 [7/306]
2026-07-17T20:39:10.587Z OK 1102-004 faq=4 [8/306]
2026-07-17T20:39:10.595Z OK 1202-007 faq=4 [9/306]
2026-07-17T20:39:10.622Z OK 1202-011 faq=4 [10/306]
2026-07-17T20:39:10.842Z OK 1100-002 faq=4 [11/306]
2026-07-17T20:39:11.466Z OK 1104-004 faq=4 [12/306]
2026-07-17T20:39:18.981Z OK 1203-009 faq=4 [13/306]
2026-07-17T20:39:19.071Z OK 1203-023 faq=4 [14/306]
2026-07-17T20:39:19.194Z OK 1203-014 faq=4 [15/306]
2026-07-17T20:39:19.670Z OK 1203-011 faq=4 [16/306]
2026-07-17T20:39:20.124Z OK 1203-020 faq=4 [17/306]
2026-07-17T20:39:21.068Z OK 1203-026 faq=4 [18/306]
2026-07-17T20:39:27.802Z OK 1205-021 faq=4 [19/306]
2026-07-17T20:39:28.328Z OK 1204-013 faq=4 [20/306]
2026-07-17T20:39:28.534Z OK 1204-002 faq=4 [21/306]
2026-07-17T20:39:28.620Z OK 1204-005 faq=4 [22/306]
2026-07-17T20:39:30.225Z OK 1204-019 faq=4 [23/306]
2026-07-17T20:39:31.277Z OK 1205-023 faq=4 [24/306]
2026-07-17T20:39:35.849Z OK 1300-020 faq=4 [25/306]
2026-07-17T20:39:36.601Z OK 1300-046 faq=4 [26/306]
2026-07-17T20:39:36.716Z OK 1300-054 faq=4 [27/306]
2026-07-17T20:39:37.899Z OK 1402-012 faq=4 [28/306]
2026-07-17T20:39:39.071Z OK 1503-008 faq=4 [29/306]
2026-07-17T20:39:39.904Z OK 1502-008 faq=4 [30/306]
2026-07-17T20:39:46.521Z OK 1503-038 faq=4 [31/306]
2026-07-17T20:39:46.778Z OK 1100-003 faq=4 [32/306]
2026-07-17T20:39:46.787Z OK 1503-055 faq=4 [33/306]
2026-07-17T20:39:47.083Z OK 1600-015 faq=4 [34/306]
2026-07-17T20:39:47.982Z OK 1503-032 faq=4 [35/306]
2026-07-17T20:39:50.228Z OK 1600-036 faq=4 [36/306]
2026-07-17T20:39:54.754Z OK 1601-015 faq=4 [37/306]
2026-07-17T20:39:55.137Z OK 1601-007 faq=4 [38/306]
2026-07-17T20:39:57.052Z OK 1603-001 faq=4 [39/306]
2026-07-17T20:39:57.076Z OK 1600-040 faq=4 [40/306]
2026-07-17T20:39:57.185Z OK 1601-010 faq=4 [41/306]
2026-07-17T20:39:59.151Z OK 1603-018 faq=4 [42/306]
2026-07-17T20:40:05.414Z OK 1300-050 faq=4 [43/306]
2026-07-17T20:40:05.434Z OK 1802-006 faq=4 [44/306]
2026-07-17T20:40:05.977Z OK 1603-011 faq=4 [45/306]
2026-07-17T20:40:06.874Z OK 1801-005 faq=4 [46/306]
2026-07-17T20:40:06.919Z OK 1802-005 faq=4 [47/306]
2026-07-17T20:40:13.756Z OK 1901-011 faq=4 [48/306]
2026-07-17T20:40:14.322Z OK 1901-006 faq=4 [49/306]
2026-07-17T20:40:14.914Z OK 2004-004 faq=4 [50/306]
2026-07-17T20:40:15.435Z OK 2100-007 faq=4 [51/306]
2026-07-17T20:40:16.437Z OK 2004-001 faq=4 [52/306]
2026-07-17T20:40:17.644Z OK 2101-004 faq=4 [53/306]
2026-07-17T20:40:22.216Z OK 2100-008 faq=4 [54/306]
2026-07-17T20:40:23.689Z OK 2100-010 faq=4 [55/306]
2026-07-17T20:40:23.883Z OK 2101-010 faq=4 [56/306]
2026-07-17T20:40:24.572Z OK 1503-010 faq=4 [57/306]
2026-07-17T20:40:25.354Z OK 2100-006 faq=5 [58/306]
2026-07-17T20:40:28.281Z OK 2101-073 faq=4 [59/306]
2026-07-17T20:40:32.933Z OK 2101-092 faq=4 [60/306]
2026-07-17T20:40:34.152Z OK 2104-003 faq=4 [61/306]
2026-07-17T20:40:34.188Z OK 1402-018 faq=4 [62/306]
2026-07-17T20:40:34.570Z OK 2104-018 faq=4 [63/306]
2026-07-17T20:40:36.849Z OK 1002-001 faq=4 [64/306]
2026-07-17T20:40:37.126Z OK 2101-091 faq=4 [65/306]
2026-07-17T20:40:42.913Z OK 2108-005 faq=4 [66/306]
2026-07-17T20:40:42.920Z OK 2108-004 faq=4 [67/306]
2026-07-17T20:40:43.079Z OK 2107-002 faq=4 [68/306]
2026-07-17T20:40:44.823Z OK 2105-021 faq=4 [69/306]
2026-07-17T20:40:45.666Z OK 2109-039 faq=4 [70/306]
2026-07-17T20:40:47.915Z OK 2108-011 faq=4 [71/306]
2026-07-17T20:40:51.482Z OK 1000-010 faq=4 [72/306]
2026-07-17T20:40:52.658Z OK 1000-008 faq=4 [73/306]
2026-07-17T20:40:53.888Z OK 1000-013 faq=4 [74/306]
2026-07-17T20:40:54.253Z OK 1005-011 faq=4 [75/306]
2026-07-17T20:40:55.397Z OK 1005-006 faq=4 [76/306]
2026-07-17T20:40:56.687Z OK 1202-021 faq=4 [77/306]
2026-07-17T20:40:59.983Z OK 1204-011 faq=4 [78/306]
2026-07-17T20:41:01.131Z OK 1503-045 faq=4 [79/306]
2026-07-17T20:41:03.193Z OK 1901-017 faq=4 [80/306]
2026-07-17T20:41:03.238Z OK 2001-004 faq=4 [81/306]
2026-07-17T20:41:04.512Z OK 2001-008 faq=4 [82/306]
2026-07-17T20:41:06.506Z OK 1300-051 faq=4 [83/306]
2026-07-17T20:41:07.442Z OK 1901-010 faq=4 [84/306]
2026-07-17T20:41:11.050Z OK 2000-001 faq=4 [85/306]
2026-07-17T20:41:12.687Z OK 2101-044 faq=4 [86/306]
2026-07-17T20:41:13.708Z OK 2107-005 faq=4 [87/306]
2026-07-17T20:41:14.700Z OK 1005-020 faq=4 [88/306]
2026-07-17T20:41:17.157Z OK 1503-056 faq=4 [89/306]
2026-07-17T20:41:17.378Z OK 2109-035 faq=4 [90/306]
2026-07-17T20:41:19.625Z OK 2101-037 faq=4 [91/306]
2026-07-17T20:41:20.598Z OK 2109-009 faq=4 [92/306]
2026-07-17T20:41:22.363Z OK 1600-006 faq=4 [93/306]
2026-07-17T20:41:24.727Z OK 2105-019 faq=4 [94/306]
2026-07-17T20:41:25.108Z OK 2200-004 faq=4 [95/306]
2026-07-17T20:41:25.492Z OK 1804-004 faq=4 [96/306]
2026-07-17T20:41:27.311Z OK 1601-024 faq=4 [97/306]
2026-07-17T20:41:30.674Z OK 1601-006 faq=4 [98/306]
2026-07-17T20:41:32.385Z OK 2109-036 faq=4 [99/306]
2026-07-17T20:41:33.761Z OK 2105-014 faq=4 [100/306]
2026-07-17T20:41:35.260Z OK 1300-055 faq=4 [101/306]
2026-07-17T20:41:35.772Z OK 1300-015 faq=4 [102/306]
2026-07-17T20:41:35.842Z OK 1803-007 faq=4 [103/306]
2026-07-17T20:41:38.659Z OK 1601-020 faq=4 [104/306]
2026-07-17T20:41:41.061Z OK 2100-015 faq=4 [105/306]
2026-07-17T20:41:42.795Z OK 1502-005 faq=4 [106/306]
2026-07-17T20:41:44.481Z OK 1601-026 faq=4 [107/306]
2026-07-17T20:41:45.512Z OK 1203-018 faq=4 [108/306]
2026-07-17T20:41:45.985Z OK 2104-011 faq=4 [109/306]
2026-07-17T20:41:50.579Z OK 1503-043 faq=4 [110/306]
2026-07-17T20:41:51.084Z OK 1202-003 faq=4 [111/306]
2026-07-17T20:41:51.374Z OK 2100-019 faq=4 [112/306]
2026-07-17T20:41:53.179Z OK 2100-003 faq=4 [113/306]
2026-07-17T20:41:53.722Z OK 1300-008 faq=4 [114/306]
2026-07-17T20:41:55.009Z OK 1204-020 faq=4 [115/306]
2026-07-17T20:41:59.026Z OK 1203-005 faq=4 [116/306]
2026-07-17T20:41:59.074Z OK 2002-013 faq=4 [117/306]
2026-07-17T20:42:00.637Z OK 2109-010 faq=4 [118/306]
2026-07-17T20:42:03.472Z OK 2100-020 faq=4 [119/306]
2026-07-17T20:42:03.710Z OK 1104-002 faq=4 [120/306]
2026-07-17T20:42:05.256Z OK 2100-022 faq=4 [121/306]
2026-07-17T20:42:07.902Z OK 2109-024 faq=4 [122/306]
2026-07-17T20:42:08.961Z OK 1005-022 faq=4 [123/306]
2026-07-17T20:42:11.162Z OK 2100-002 faq=4 [124/306]
2026-07-17T20:42:11.724Z OK 2104-017 faq=4 [125/306]
2026-07-17T20:42:12.298Z OK 1605-002 faq=4 [126/306]
2026-07-17T20:42:14.396Z OK 1601-005 faq=4 [127/306]
2026-07-17T20:42:16.351Z OK 2105-017 faq=4 [128/306]
2026-07-17T20:42:19.344Z OK 2105-007 faq=4 [129/306]
2026-07-17T20:42:19.403Z OK 1802-007 faq=4 [130/306]
2026-07-17T20:42:20.546Z OK 1300-043 faq=4 [131/306]
2026-07-17T20:42:21.002Z OK 2104-014 faq=4 [132/306]
2026-07-17T20:42:24.521Z OK 1300-009 faq=4 [133/306]
2026-07-17T20:42:26.398Z OK 2100-025 faq=4 [134/306]
2026-07-17T20:42:28.165Z OK 2002-016 faq=4 [135/306]
2026-07-17T20:42:28.220Z OK 2001-006 faq=4 [136/306]
2026-07-17T20:42:32.259Z OK 2109-021 faq=4 [137/306]
2026-07-17T20:42:32.383Z OK 2104-016 faq=4 [138/306]
2026-07-17T20:42:32.528Z OK 2101-051 faq=4 [139/306]
2026-07-17T20:42:34.524Z OK 2109-033 faq=4 [140/306]
2026-07-17T20:42:35.988Z OK 2109-030 faq=4 [141/306]
2026-07-17T20:42:36.941Z OK 1601-009 faq=4 [142/306]
2026-07-17T20:42:41.013Z OK 2109-037 faq=4 [143/306]
2026-07-17T20:42:41.466Z OK 1300-014 faq=4 [144/306]
2026-07-17T20:42:42.262Z OK 2002-011 faq=4 [145/306]
2026-07-17T20:42:42.762Z OK 1601-019 faq=4 [146/306]
2026-07-17T20:42:44.380Z OK 2108-015 faq=4 [147/306]
2026-07-17T20:42:48.087Z OK 1600-025 faq=4 [148/306]
2026-07-17T20:42:48.980Z OK 2109-011 faq=4 [149/306]
2026-07-17T20:42:50.237Z OK 2108-013 faq=4 [150/306]
2026-07-17T20:42:52.692Z OK 1502-002 faq=4 [151/306]
2026-07-17T20:42:52.862Z OK 1403-001 faq=4 [152/306]
2026-07-17T20:42:54.054Z OK 2109-016 faq=4 [153/306]
2026-07-17T20:42:56.842Z OK 2109-022 faq=4 [154/306]
2026-07-17T20:42:58.997Z OK 1300-004 faq=4 [155/306]
2026-07-17T20:42:59.104Z OK 2108-008 faq=4 [156/306]
2026-07-17T20:43:00.325Z OK 2001-001 faq=4 [157/306]
2026-07-17T20:43:01.884Z OK 1805-001 faq=4 [158/306]
2026-07-17T20:43:03.908Z OK 1203-010 faq=4 [159/306]
2026-07-17T20:43:06.984Z OK 1803-001 faq=4 [160/306]
2026-07-17T20:43:07.414Z OK 2100-018 faq=4 [161/306]
2026-07-17T20:43:07.633Z OK 1603-006 faq=4 [162/306]
2026-07-17T20:43:08.844Z OK 2105-016 faq=4 [163/306]
2026-07-17T20:43:10.161Z OK 2101-088 faq=4 [164/306]
2026-07-17T20:43:12.066Z OK 1600-038 faq=4 [165/306]
2026-07-17T20:43:15.198Z OK 1300-017 faq=4 [166/306]
2026-07-17T20:43:15.930Z OK 1001-009 faq=4 [167/306]
2026-07-17T20:43:15.965Z OK 2101-087 faq=4 [168/306]
2026-07-17T20:43:16.969Z OK 1402-009 faq=4 [169/306]
2026-07-17T20:43:19.873Z OK 1300-013 faq=4 [170/306]
2026-07-17T20:43:20.073Z OK 1503-016 faq=4 [171/306]
2026-07-17T20:43:22.926Z OK 1901-005 faq=4 [172/306]
2026-07-17T20:43:23.639Z OK 1205-024 faq=4 [173/306]
2026-07-17T20:43:26.527Z OK 1503-041 faq=4 [174/306]
2026-07-17T20:43:26.547Z OK 1300-031 faq=4 [175/306]
2026-07-17T20:43:28.576Z OK 1002-002 faq=4 [176/306]
2026-07-17T20:43:28.694Z OK 2109-032 faq=4 [177/306]
2026-07-17T20:43:31.414Z OK 1901-008 faq=4 [178/306]
2026-07-17T20:43:31.635Z OK 1203-017 faq=4 [179/306]
2026-07-17T20:43:34.652Z OK 1505-004 faq=4 [180/306]
2026-07-17T20:43:35.509Z OK 1300-023 faq=4 [181/306]
2026-07-17T20:43:36.696Z OK 1005-001 faq=4 [182/306]
2026-07-17T20:43:38.081Z OK 1005-029 faq=4 [183/306]
2026-07-17T20:43:39.466Z OK 1502-010 faq=4 [184/306]
2026-07-17T20:43:40.171Z OK 1300-044 faq=4 [185/306]
2026-07-17T20:43:43.464Z OK 2107-001 faq=4 [186/306]
2026-07-17T20:43:43.994Z OK 1600-009 faq=4 [187/306]
2026-07-17T20:43:44.615Z OK 2101-023 faq=4 [188/306]
2026-07-17T20:43:46.423Z OK 1201-001 faq=4 [189/306]
2026-07-17T20:43:48.953Z OK 1204-016 faq=4 [190/306]
2026-07-17T20:43:49.134Z OK 2001-007 faq=4 [191/306]
2026-07-17T20:43:52.631Z OK 1601-027 faq=4 [192/306]
2026-07-17T20:43:52.882Z OK 1102-001 faq=4 [193/306]
2026-07-17T20:43:53.119Z OK 1701-010 faq=4 [194/306]
2026-07-17T20:43:56.235Z OK 2105-005 faq=4 [195/306]
2026-07-17T20:43:57.380Z OK 1502-003 faq=4 [196/306]
2026-07-17T20:44:02.588Z OK 1702-113 faq=4 [197/306]
2026-07-17T20:44:03.822Z OK 1005-007 faq=4 [198/306]
2026-07-17T20:44:04.606Z OK 1000-014 faq=4 [199/306]
2026-07-17T20:44:04.674Z OK 2108-001 faq=4 [200/306]
2026-07-17T20:44:06.560Z OK 1601-013 faq=4 [201/306]
2026-07-17T20:44:06.671Z OK 1204-003 faq=4 [202/306]
2026-07-17T20:44:12.114Z OK 1801-006 faq=4 [203/306]
2026-07-17T20:44:12.247Z OK 1300-029 faq=4 [204/306]
2026-07-17T20:44:12.393Z OK 2105-002 faq=4 [205/306]
2026-07-17T20:44:12.761Z OK 1901-002 faq=4 [206/306]
2026-07-17T20:44:13.875Z OK 1005-031 faq=4 [207/306]
2026-07-17T20:44:18.053Z OK 2108-002 faq=4 [208/306]
2026-07-17T20:44:19.690Z OK 1401-001 faq=4 [209/306]
2026-07-17T20:44:22.188Z OK 1503-040 faq=4 [210/306]
2026-07-17T20:44:22.247Z OK 1101-005 faq=4 [211/306]
2026-07-17T20:44:22.986Z OK 1402-007 faq=4 [212/306]
2026-07-17T20:44:25.425Z OK 1503-002 faq=4 [213/306]
2026-07-17T20:44:26.557Z OK 2100-021 faq=4 [214/306]
2026-07-17T20:44:30.384Z OK 2105-011 faq=4 [215/306]
2026-07-17T20:44:30.563Z OK 2002-002 faq=4 [216/306]
2026-07-17T20:44:31.306Z OK 1901-022 faq=4 [217/306]
2026-07-17T20:44:31.552Z OK 2001-003 faq=4 [218/306]
2026-07-17T20:44:35.920Z OK 2109-005 faq=4 [219/306]
2026-07-17T20:44:36.046Z OK 2105-020 faq=4 [220/306]
2026-07-17T20:44:38.439Z OK 1401-003 faq=4 [221/306]
2026-07-17T20:44:39.748Z OK 1803-002 faq=4 [222/306]
2026-07-17T20:44:39.880Z OK 2109-008 faq=4 [223/306]
2026-07-17T20:44:40.892Z OK 2105-013 faq=4 [224/306]
2026-07-17T20:44:43.775Z OK 1300-033 faq=4 [225/306]
2026-07-17T20:44:46.805Z OK 1503-026 faq=4 [226/306]
2026-07-17T20:44:48.378Z OK 2105-012 faq=4 [227/306]
2026-07-17T20:44:48.407Z OK 1600-007 faq=4 [228/306]
2026-07-17T20:44:48.855Z OK 1104-005 faq=4 [229/306]
2026-07-17T20:44:50.464Z OK 1005-026 faq=4 [230/306]
2026-07-17T20:44:53.398Z OK 1503-058 faq=4 [231/306]
2026-07-17T20:44:56.632Z OK 1503-033 faq=4 [232/306]
2026-07-17T20:44:56.711Z OK 2100-014 faq=4 [233/306]
2026-07-17T20:44:57.207Z OK 1204-014 faq=4 [234/306]
2026-07-17T20:44:57.987Z OK 1300-024 faq=4 [235/306]
2026-07-17T20:45:00.245Z OK 2109-031 faq=4 [236/306]
2026-07-17T20:45:02.786Z OK 2105-018 faq=4 [237/306]
2026-07-17T20:45:04.844Z OK 1204-008 faq=4 [238/306]
2026-07-17T20:45:06.439Z OK 1202-017 faq=4 [239/306]
2026-07-17T20:45:07.427Z OK 1701-002 faq=4 [240/306]
2026-07-17T20:45:07.615Z OK 2108-018 faq=4 [241/306]
2026-07-17T20:45:08.500Z OK 1505-005 faq=4 [242/306]
2026-07-17T20:45:11.317Z OK 2108-007 faq=4 [243/306]
2026-07-17T20:45:14.976Z OK 1804-003 faq=4 [244/306]
2026-07-17T20:45:15.925Z OK 1202-020 faq=4 [245/306]
2026-07-17T20:45:16.144Z OK 1204-007 faq=4 [246/306]
2026-07-17T20:45:17.209Z OK 1300-032 faq=4 [247/306]
2026-07-17T20:45:17.369Z OK 1300-018 faq=4 [248/306]
2026-07-17T20:45:19.815Z OK 1202-004 faq=4 [249/306]
2026-07-17T20:45:25.111Z OK 1300-001 faq=4 [250/306]
2026-07-17T20:45:25.213Z OK 1300-056 faq=4 [251/306]
2026-07-17T20:45:25.724Z OK 1204-015 faq=4 [252/306]
2026-07-17T20:45:26.112Z OK 2101-040 faq=4 [253/306]
2026-07-17T20:45:27.040Z OK 1402-013 faq=4 [254/306]
2026-07-17T20:45:32.809Z OK 2002-020 faq=4 [255/306]
2026-07-17T20:45:32.873Z OK 1600-042 faq=4 [256/306]
2026-07-17T20:45:34.699Z OK 2101-077 faq=4 [257/306]
2026-07-17T20:45:34.824Z OK 1203-025 faq=4 [258/306]
2026-07-17T20:45:35.199Z OK 2109-013 faq=4 [259/306]
2026-07-17T20:45:37.878Z OK 1803-004 faq=4 [260/306]
2026-07-17T20:45:41.693Z OK 2109-028 faq=4 [261/306]
2026-07-17T20:45:42.656Z OK 1603-003 faq=4 [262/306]
2026-07-17T20:45:44.321Z OK 1203-028 faq=4 [263/306]
2026-07-17T20:45:44.951Z OK 2101-097 faq=4 [264/306]
2026-07-17T20:45:45.529Z OK 1804-001 faq=4 [265/306]
2026-07-17T20:45:48.985Z OK 2109-015 faq=4 [266/306]
2026-07-17T20:45:49.958Z OK 1801-007 faq=4 [267/306]
2026-07-17T20:45:52.156Z OK 2108-014 faq=4 [268/306]
2026-07-17T20:45:53.742Z OK 1204-017 faq=4 [269/306]
2026-07-17T20:45:53.819Z OK 2109-041 faq=4 [270/306]
2026-07-17T20:45:55.637Z OK 1203-015 faq=4 [271/306]
2026-07-17T20:45:56.454Z OK 1300-042 faq=4 [272/306]
2026-07-17T20:45:57.750Z OK 1005-004 faq=4 [273/306]
2026-07-17T20:46:01.055Z OK 2109-004 faq=4 [274/306]
2026-07-17T20:46:01.439Z OK 2104-007 faq=4 [275/306]
2026-07-17T20:46:04.472Z OK 2109-020 faq=4 [276/306]
2026-07-17T20:46:04.767Z OK 2109-019 faq=4 [277/306]
2026-07-17T20:46:05.571Z OK 1503-004 faq=4 [278/306]
2026-07-17T20:46:06.165Z OK 1005-027 faq=4 [279/306]
2026-07-17T20:46:09.487Z OK 2101-074 faq=4 [280/306]
2026-07-17T20:46:11.654Z OK 1300-012 faq=4 [281/306]
2026-07-17T20:46:12.352Z OK 1300-045 faq=4 [282/306]
2026-07-17T20:46:13.710Z OK 1000-001 faq=4 [283/306]
2026-07-17T20:46:13.774Z OK 1205-015 faq=4 [284/306]
2026-07-17T20:46:15.862Z OK 1005-013 faq=4 [285/306]
2026-07-17T20:46:17.696Z OK 1300-030 faq=4 [286/306]
2026-07-17T20:46:20.343Z OK 1000-007 faq=4 [287/306]
2026-07-17T20:46:21.690Z OK 1000-005 faq=4 [288/306]
2026-07-17T20:46:22.227Z OK 1000-009 faq=4 [289/306]
2026-07-17T20:46:23.826Z OK 1000-012 faq=4 [290/306]
2026-07-17T20:46:24.643Z OK 1001-004 faq=4 [291/306]
2026-07-17T20:46:26.803Z OK 1001-001 faq=4 [292/306]
2026-07-17T20:46:28.133Z OK 1001-007 faq=4 [293/306]
2026-07-17T20:46:30.459Z OK 2101-021 faq=4 [294/306]
2026-07-17T20:46:31.016Z OK 2101-001 faq=4 [295/306]
2026-07-17T20:46:33.705Z OK 2105-024 faq=4 [296/306]
2026-07-17T20:46:35.074Z OK 2105-023 faq=4 [297/306]
2026-07-17T20:46:35.302Z OK 2105-025 faq=4 [298/306]
2026-07-17T20:46:36.433Z OK 2105-026 faq=4 [299/306]
2026-07-17T20:46:39.441Z OK 2105-027 faq=4 [300/306]
2026-07-17T20:46:40.040Z OK 2105-028 faq=4 [301/306]
2026-07-17T20:46:42.093Z OK 2105-029 faq=4 [302/306]
2026-07-17T20:46:43.497Z OK 2105-030 faq=4 [303/306]
2026-07-17T20:46:45.363Z OK 2105-031 faq=4 [304/306]
2026-07-17T20:46:45.398Z OK 2105-033 faq=4 [305/306]
2026-07-17T20:46:48.847Z OK 2105-034 faq=4 [306/306]
2026-07-17T20:46:48.848Z DONE ok=306 failed=0
